path,line,matched_terms,classification,source_text
CODEX_PROMPT_DIAGNOSTICS_INTEGRATION.md,23,confidence,confidence_semantics,"`diagnostic`, `health`, `confidence`, `valid`, `eligible`, `fault`, `EST`,"
CODEX_PROMPT_DIAGNOSTICS_INTEGRATION.md,30,uncertainty,measurement_uncertainty_semantics,and uncertainty;
CODEX_PROMPT_DIAGNOSTICS_INTEGRATION.md,36,confidence,confidence_semantics,"state/transition, confidence in the diagnosis, first/last seen, evidence"
CODEX_PROMPT_DIAGNOSTICS_INTEGRATION.md,39,uncertainty,measurement_uncertainty_semantics,"uncertainty, model applicability, control eligibility, and diagnostic"
CODEX_PROMPT_DIAGNOSTICS_INTEGRATION.md,40,confidence,confidence_semantics,confidence. Do not collapse them into one Boolean or score.
data_contracts/diagnostics_draft_v0.csv.md,28,confidence,confidence_semantics,"| `diagnostic_confidence` | decimal/unknown | confidence in this diagnosis, `0.0..1.0`, or `unknown` |"
data_contracts/diagnostics_draft_v0.csv.md,49,uncertainty,measurement_uncertainty_semantics,- estimate uncertainty;
data_contracts/diagnostics_draft_v0.csv.md,52,confidence,confidence_semantics,- diagnostic confidence.
data_contracts/diagnostics_draft_v0.csv.md,82,uncertainty,measurement_uncertainty_semantics,- Future `EST` records hold numerical estimates with units and uncertainty.
data_contracts/diagnostics_v1.csv.md,40,confidence,confidence_semantics,"| `diagnostic_confidence` | Confidence in the diagnosis, `0..1`, or `unknown`. |"
data_contracts/estimates_v1.csv.md,4,uncertainty;dispersion,legacy_v1_dispersion_label,> population dispersion as `frequency_uncertainty_hz`. New producers use
data_contracts/estimates_v1.csv.md,5,dispersion,sample_dispersion_or_repeatability,"> `estimates_v2`, which separates dispersion from evidence-backed measurement"
data_contracts/estimates_v1.csv.md,6,uncertainty,measurement_uncertainty_semantics,> uncertainty. Version-1 rows remain readable but are never silently
data_contracts/estimates_v1.csv.md,50,uncertainty;standard_deviation,legacy_v1_dispersion_label,| `frequency_uncertainty_hz` | decimal/unavailable | Population standard deviation of the accepted window. |
data_contracts/estimates_v1.csv.md,51,dispersion,sample_dispersion_or_repeatability,| `dispersion_hz` | decimal/unavailable | Same explicit window-dispersion statistic in v1. |
data_contracts/estimates_v1.csv.md,59,confidence,confidence_semantics,"Observation validity, diagnostic health, estimator confidence, and preview"
data_contracts/estimates_v1.csv.md,78,dispersion;confidence,sample_dispersion_or_repeatability,"Confidence depends on sample count, dispersion, continuity, age, and startup"
data_contracts/estimates_v2.csv.md,7,uncertainty;dispersion,measurement_uncertainty_semantics,sample dispersion as frequency uncertainty. Historical version-1 rows retain
data_contracts/estimates_v2.csv.md,13,uncertainty,measurement_uncertainty_semantics,## Uncertainty semantics
data_contracts/estimates_v2.csv.md,15,standard_deviation,sample_dispersion_or_repeatability,`dispersion_hz` is the population standard deviation of the accepted estimator
data_contracts/estimates_v2.csv.md,18,uncertainty,measurement_uncertainty_semantics,The uncertainty component fields are standard uncertainties. A combined value
data_contracts/estimates_v2.csv.md,19,uncertainty,measurement_uncertainty_semantics,is emitted only when every component required by the identified uncertainty
data_contracts/estimates_v2.csv.md,21,uncertainty,measurement_uncertainty_semantics,"`uncertainty_status` is `incomplete` or `unavailable`, the combined and expanded"
data_contracts/estimates_v2.csv.md,22,uncertainty,measurement_uncertainty_semantics,"values are empty, and `uncertainty_reason_codes` explains why."
data_contracts/estimates_v2.csv.md,24,uncertainty;dispersion,measurement_uncertainty_semantics,Zero dispersion does not imply zero uncertainty. Unknown contributions are
data_contracts/estimates_v2.csv.md,37,uncertainty,measurement_uncertainty_semantics,expanded uncertainty equals combined uncertainty times the positive coverage
data_contracts/estimates_v2.csv.md,38,uncertainty,measurement_uncertainty_semantics,factor. `uncertainty_model_ref` includes the SHA-256 of the required-component
data_contracts/estimates_v2.csv.md,44,uncertainty,measurement_uncertainty_semantics,"eligibility fields except `frequency_uncertainty_hz`, and adds:"
data_contracts/estimates_v2.csv.md,48,uncertainty;dispersion,measurement_uncertainty_semantics,| `dispersion_hz` | Population dispersion of accepted samples; not uncertainty. |
data_contracts/estimates_v2.csv.md,49,uncertainty,measurement_uncertainty_semantics,"| `uncertainty_status` | `available`, `incomplete`, or `unavailable`. |"
data_contracts/estimates_v2.csv.md,50,uncertainty,measurement_uncertainty_semantics,"| `uncertainty_reason_codes` | Stable explanation, or `uncertainty_complete`. |"
data_contracts/estimates_v2.csv.md,51,uncertainty,measurement_uncertainty_semantics,| `count_quantization_standard_uncertainty_hz` | Count-quantization contribution when an explicit distribution model exists. |
data_contracts/estimates_v2.csv.md,52,uncertainty,measurement_uncertainty_semantics,| `counter_aperture_standard_uncertainty_hz` | Physical counter-aperture contribution. |
data_contracts/estimates_v2.csv.md,53,uncertainty,measurement_uncertainty_semantics,| `reference_standard_uncertainty_hz` | Reference contribution projected into frequency units. |
data_contracts/estimates_v2.csv.md,54,uncertainty,measurement_uncertainty_semantics,| `calibration_standard_uncertainty_hz` | Calibration or independent-instrument contribution. |
data_contracts/estimates_v2.csv.md,55,uncertainty,measurement_uncertainty_semantics,| `model_standard_uncertainty_hz` | Estimator/model contribution not already represented. |
data_contracts/estimates_v2.csv.md,56,uncertainty,measurement_uncertainty_semantics,| `combined_standard_uncertainty_hz` | Combined standard uncertainty when complete. |
data_contracts/estimates_v2.csv.md,57,uncertainty;coverage_factor,measurement_uncertainty_semantics,| `coverage_factor` | Positive coverage factor when expanded uncertainty is emitted. |
data_contracts/estimates_v2.csv.md,58,uncertainty;coverage_factor,measurement_uncertainty_semantics,| `expanded_uncertainty_hz` | Combined uncertainty multiplied by the declared coverage factor. |
data_contracts/estimates_v2.csv.md,60,uncertainty,measurement_uncertainty_semantics,| `uncertainty_model_ref` | Exact uncertainty-model/configuration identity or explicit unavailable reference. |
data_contracts/health_v1.csv.md,102,uncertainty,measurement_uncertainty_semantics,| `pps_gate` | `counter_aperture_uncertainty_ns` | evidence-backed aperture uncertainty or `unavailable` |
data_contracts/health_v1.csv.md,103,uncertainty,measurement_uncertainty_semantics,| `pps_gate` | `reference_frequency_uncertainty_ppb` | evidence-backed reference uncertainty or `unavailable` |
data_contracts/plant_model_v1.md,50,uncertainty,measurement_uncertainty_semantics,"| `plant_response` | object | Measured local slope, uncertainty, validity neighborhood, settling evidence, and temperature span. |"
data_contracts/reference_observations_v1.csv.md,51,uncertainty,measurement_uncertainty_semantics,"| `reference_standard_uncertainty_s` | Evidence-backed standard uncertainty, or empty. |"
data_contracts/reference_observations_v1.csv.md,59,uncertainty,measurement_uncertainty_semantics,"traceability, metadata freshness, and reference uncertainty are independent."
derived/diagnostics_architecture_gap_report.md,28,confidence,confidence_semantics,rg -n '\b(measurement|metrology|telemetry|diagnostic|diagnostics|health|confidence|valid|eligible|fault|EST|CTL|STS|lock)\b' -S .
derived/diagnostics_architecture_gap_report.md,41,confidence,confidence_semantics,| `confidence` | 31 |
derived/diagnostics_architecture_gap_report.md,67,confidence,confidence_semantics,3. `confidence` is sometimes architectural prose and sometimes could be read as
derived/diagnostics_architecture_gap_report.md,69,uncertainty,measurement_uncertainty_semantics,"observation validity, source quality, estimate uncertainty, model"
derived/diagnostics_architecture_gap_report.md,70,confidence,confidence_semantics,"applicability, control eligibility, and diagnostic confidence."
derived/diagnostics_architecture_gap_report.md,97,uncertainty,measurement_uncertainty_semantics,"| Metrology / estimate | Numerical estimates with units, assumptions, provenance, and uncertainty. | H1 characterization summaries, future `EST` |"
derived/diagnostics_architecture_gap_report.md,112,uncertainty,measurement_uncertainty_semantics,"| Estimator plans / H1 characterization | Metrology and estimator qualification inputs. | Future `EST` and estimator diagnostics must cite input ranges, rejected observations, uncertainty, and algorithm/config version. |"
derived/diagnostics_architecture_gap_report.md,122,confidence,confidence_semantics,"`state`, `transition`, diagnostic confidence, first/last seen, evidence"
derived/diagnostics_architecture_gap_report.md,137,uncertainty;dispersion,measurement_uncertainty_semantics,"residual/dispersion, uncertainty, stale state, and under-qualified reasons are"
derived/measurement_uncertainty_inventory.md,1,uncertainty,measurement_uncertainty_semantics,# Measurement Uncertainty Semantic Inventory
derived/measurement_uncertainty_inventory.md,6,uncertainty,legacy_v1_dispersion_label,"readable, but its `frequency_uncertainty_hz` field is explicitly a legacy"
derived/measurement_uncertainty_inventory.md,7,uncertainty;dispersion,measurement_uncertainty_semantics,population-dispersion label and is not promoted into a version-2 uncertainty
derived/measurement_uncertainty_inventory.md,14,uncertainty;dispersion,measurement_uncertainty_semantics,"line-addressed inventory of every repository use of uncertainty, dispersion,"
derived/measurement_uncertainty_inventory.md,15,standard_deviation;confidence,sample_dispersion_or_repeatability,"standard deviation, confidence, error-bound, and coverage-factor terminology."
derived/measurement_uncertainty_inventory.md,21,dispersion;standard_deviation,sample_dispersion_or_repeatability,| Phase 4 estimator window | `dispersion_hz` / population standard deviation | Sample dispersion | Retain as an estimator consistency statistic. |
derived/measurement_uncertainty_inventory.md,22,uncertainty,measurement_uncertainty_semantics,| Phase 4 `maximum_dispersion_hz` | Configured spread limit | Qualification threshold | Retain name and behavior; do not call uncertainty. |
derived/measurement_uncertainty_inventory.md,23,dispersion,sample_dispersion_or_repeatability,"| H1 characterization `stddev_*`, MAD, IQR, span | Repeated-observation spread | Sample dispersion/repeatability | Retain descriptive statistical names. |"
derived/measurement_uncertainty_inventory.md,24,uncertainty,measurement_uncertainty_semantics,| Phase 5 count resolution | One oscillator edge | Quantization resolution | A standard uncertainty requires an explicit distribution model; otherwise unavailable. |
derived/measurement_uncertainty_inventory.md,27,uncertainty,measurement_uncertainty_semantics,| Independent counter/DMM evidence | Comparison/calibration contribution | Calibration/independent-instrument uncertainty | Use only within its declared interval and provenance. |
derived/measurement_uncertainty_inventory.md,28,uncertainty;dispersion,measurement_uncertainty_semantics,"| Plant local-slope spread/range | Model/fit contribution | Model uncertainty or dispersion, according to named field | Do not copy into measurement uncertainty without a versioned propagation model. |"
derived/measurement_uncertainty_inventory.md,29,uncertainty;confidence,measurement_uncertainty_semantics,| `estimator_confidence` | Categorical estimator qualification | Confidence state | Distinct from statistical confidence and measurement uncertainty. |
derived/measurement_uncertainty_inventory.md,30,uncertainty;confidence,measurement_uncertainty_semantics,| `diagnostic_confidence` | Confidence in a diagnostic conclusion | Diagnostic confidence | Distinct from measurement uncertainty. |
derived/measurement_uncertainty_inventory.md,34,uncertainty,measurement_uncertainty_semantics,`combined_standard_uncertainty_hz` is available only when the identified
derived/measurement_uncertainty_inventory.md,35,uncertainty,measurement_uncertainty_semantics,"uncertainty model declares its required components, each required component is"
derived/measurement_uncertainty_inventory.md,37,uncertainty,measurement_uncertainty_semantics,explicit. Expanded uncertainty additionally requires an explicit positive
derived/measurement_uncertainty_inventory.md,38,coverage_factor,coverage_semantics,coverage factor.
derived/stage1_diagnostics_metrology_reference_closure.md,12,confidence,confidence_semantics,"confidence, hysteresis, exact first/latest evidence, algorithm/configuration"
derived/stage1_diagnostics_metrology_reference_closure.md,29,uncertainty,measurement_uncertainty_semantics,## Prompt 05 — Measurement uncertainty
derived/stage1_diagnostics_metrology_reference_closure.md,31,uncertainty,measurement_uncertainty_semantics,- `estimates_v2` removes the ambiguous version-1 uncertainty label and keeps
derived/stage1_diagnostics_metrology_reference_closure.md,35,uncertainty,measurement_uncertainty_semantics,uncertainty.
derived/stage1_diagnostics_metrology_reference_closure.md,45,dispersion,sample_dispersion_or_repeatability,Completion gate: no current producer emits sample dispersion as measurement
derived/stage1_diagnostics_metrology_reference_closure.md,46,uncertainty,measurement_uncertainty_semantics,uncertainty.
derived/stage1_diagnostics_metrology_reference_closure.md,51,uncertainty,measurement_uncertainty_semantics,"authority, UTC traceability, metadata freshness, uncertainty, and overall"
derived/stage1_diagnostics_metrology_reference_closure.md,57,uncertainty,measurement_uncertainty_semantics,"uncertainty, and staleness. Unsupported values remain unknown/empty."
derived/stage1_diagnostics_metrology_reference_closure.md,73,uncertainty,measurement_uncertainty_semantics,"PPS-gated physical aperture and latency, reference/calibration uncertainty,"
derived/stage1_diagnostics_metrology_reference_closure.md,75,uncertainty,measurement_uncertainty_semantics,"evidence is promoted through versioned contracts, uncertainty remains"
docs/00_FOUNDATIONS/ENGINEERING_CULTURE.md,146,uncertainty,measurement_uncertainty_semantics,- measurement uncertainty;
docs/00_FOUNDATIONS/ENGINEERING_CULTURE.md,151,uncertainty,measurement_uncertainty_semantics,Scientific instrumentation becomes stronger when uncertainty is acknowledged clearly.
docs/00_FOUNDATIONS/OTIS_ARCHITECTURE_OVERVIEW.md,56,uncertainty,measurement_uncertainty_semantics,uncertainty from measurements using explicit assumptions and provenance.
docs/00_FOUNDATIONS/OTIS_ARCHITECTURE_OVERVIEW.md,81,uncertainty,measurement_uncertainty_semantics,- Make uncertainty and reason codes visible.
docs/00_FOUNDATIONS/OTIS_DESIGN_PRINCIPLES.md,72,uncertainty,measurement_uncertainty_semantics,"Component quality affects uncertainty, noise floor, holdover, lock robustness,"
docs/00_FOUNDATIONS/OTIS_DESIGN_PRINCIPLES.md,73,confidence,confidence_semantics,and confidence in final timing claims. It must not affect the meaning of raw
docs/00_FOUNDATIONS/OTIS_DESIGN_PRINCIPLES.md,133,confidence,confidence_semantics,"estimates; diagnostics assess quality, health, applicability, and confidence;"
docs/00_FOUNDATIONS/OTIS_GPSDO_Design_Lessons.md,114,confidence,confidence_semantics,"* estimator confidence,"
docs/00_FOUNDATIONS/OTIS_GPSDO_Design_Lessons.md,252,confidence,confidence_semantics,"* confidence-weighted steering,"
docs/00_FOUNDATIONS/OTIS_REFERENCE_TERMINOLOGY.md,27,uncertainty,measurement_uncertainty_semantics,- what uncertainty or policy decision remains embedded in the value.
docs/00_FOUNDATIONS/OTIS_REFERENCE_TERMINOLOGY.md,383,dispersion,sample_dispersion_or_repeatability,- low timestamp dispersion;
docs/00_FOUNDATIONS/OTIS_REFERENCE_TERMINOLOGY.md,421,uncertainty,measurement_uncertainty_semantics,- edge uncertainty;
docs/00_FOUNDATIONS/OTIS_VISION.md,17,uncertainty,measurement_uncertainty_semantics,- lock is presented as a Boolean without uncertainty or reasons;
docs/00_FOUNDATIONS/OTIS_VISION.md,34,uncertainty,measurement_uncertainty_semantics,"- health, uncertainty, and control-eligibility reporting."
docs/00_FOUNDATIONS/OTIS_VISION.md,42,uncertainty,measurement_uncertainty_semantics,"- What estimates were derived, with what uncertainty?"
docs/00_FOUNDATIONS/OTIS_VISION.md,67,confidence,confidence_semantics,statements of confidence.
docs/10_REFERENCE_ARCHITECTURE/ARCHITECTURE_DIAGRAMS.md,238,confidence,confidence_semantics,| reference captures      |   |  |  lock / holdover confidence  |
docs/10_REFERENCE_ARCHITECTURE/ARCHITECTURE_DIAGRAMS.md,297,uncertainty,measurement_uncertainty_semantics,"- do not let presentation diagrams hide loss, uncertainty, clock-domain transforms,"
docs/10_REFERENCE_ARCHITECTURE/DIAGNOSTICS_AND_CONFIDENCE_ARCHITECTURE.md,1,confidence,confidence_semantics,# Diagnostics and Confidence Architecture
docs/10_REFERENCE_ARCHITECTURE/DIAGNOSTICS_AND_CONFIDENCE_ARCHITECTURE.md,13,uncertainty,measurement_uncertainty_semantics,"it, and how uncertainty changes with time."
docs/10_REFERENCE_ARCHITECTURE/DIAGNOSTICS_AND_CONFIDENCE_ARCHITECTURE.md,28,confidence,confidence_semantics,"| `confidence` | Confidence in the diagnosis, distinct from confidence in timing accuracy. |"
docs/10_REFERENCE_ARCHITECTURE/DIAGNOSTICS_AND_CONFIDENCE_ARCHITECTURE.md,38,confidence,confidence_semantics,## Confidence is plural
docs/10_REFERENCE_ARCHITECTURE/DIAGNOSTICS_AND_CONFIDENCE_ARCHITECTURE.md,40,confidence,confidence_semantics,"OTIS must avoid a single ambiguous `confidence` number. At minimum, distinguish:"
docs/10_REFERENCE_ARCHITECTURE/DIAGNOSTICS_AND_CONFIDENCE_ARCHITECTURE.md,44,uncertainty,measurement_uncertainty_semantics,- **estimate uncertainty** — what is the interval around a numerical estimate?
docs/10_REFERENCE_ARCHITECTURE/DIAGNOSTICS_AND_CONFIDENCE_ARCHITECTURE.md,47,confidence,confidence_semantics,- **diagnostic confidence** — how strongly does the evidence support a diagnosis?
docs/10_REFERENCE_ARCHITECTURE/DIAGNOSTICS_AND_CONFIDENCE_ARCHITECTURE.md,119,dispersion,sample_dispersion_or_repeatability,"4. estimator sample count, dispersion, residuals, age, and rejection reasons;"
docs/10_REFERENCE_ARCHITECTURE/DIAGNOSTICS_AND_CONFIDENCE_ARCHITECTURE.md,147,confidence,confidence_semantics,"algorithm/config versions, diagnostic confidence, and control consequence for"
docs/10_REFERENCE_ARCHITECTURE/DIAGNOSTICS_AND_CONFIDENCE_ARCHITECTURE.md,154,confidence,confidence_semantics,"estimator confidence, model applicability, and preview eligibility into one"
docs/10_REFERENCE_ARCHITECTURE/MEASUREMENT_METROLOGY_DIAGNOSTICS_CONTROL.md,39,uncertainty,measurement_uncertainty_semantics,"assumptions, provenance, and uncertainty."
docs/10_REFERENCE_ARCHITECTURE/MEASUREMENT_METROLOGY_DIAGNOSTICS_CONTROL.md,72,confidence,confidence_semantics,- confidence;
docs/10_REFERENCE_ARCHITECTURE/MEASUREMENT_METROLOGY_DIAGNOSTICS_CONTROL.md,127,uncertainty,measurement_uncertainty_semantics,"quality, oscillator state, uncertainty, and observation age."
docs/10_REFERENCE_ARCHITECTURE/MEASUREMENT_METROLOGY_DIAGNOSTICS_CONTROL.md,139,uncertainty,measurement_uncertainty_semantics,"- What was believed about frequency, phase, drift, and uncertainty?"
docs/10_REFERENCE_ARCHITECTURE/MEASUREMENT_METROLOGY_DIAGNOSTICS_CONTROL.md,165,confidence,confidence_semantics,"`EST` keeps raw-observation validity, diagnostic health, estimator confidence,"
docs/10_REFERENCE_ARCHITECTURE/TIMESTAMPING_MODEL.md,67,uncertainty,measurement_uncertainty_semantics,- uncertainty acknowledgment.
docs/20_TELEMETRY/TELEMETRY_EVENT_TAXONOMY.md,72,confidence,confidence_semantics,"| `DIAGNOSTIC_EVENT` | diagnostic     | Health, quality, confidence, reason, and control effect    |"
docs/20_TELEMETRY/TELEMETRY_EVENT_TAXONOMY.md,177,confidence,confidence_semantics,"confidence in the diagnosis, first/last seen times, supporting observation or"
docs/20_TELEMETRY/TELEMETRY_EVENT_TAXONOMY.md,185,confidence,confidence_semantics,"Avoid a single ambiguous confidence field. Observation validity, source quality,"
docs/20_TELEMETRY/TELEMETRY_EVENT_TAXONOMY.md,186,uncertainty;confidence,measurement_uncertainty_semantics,"estimate uncertainty, model applicability, control eligibility, and confidence"
docs/20_TELEMETRY/TELEMETRY_EVENT_TAXONOMY.md,226,confidence,confidence_semantics,- loop confidence;
docs/20_TELEMETRY/TELEMETRY_PHILOSOPHY.md,14,uncertainty,measurement_uncertainty_semantics,"uncertainty reporting, and explanation of every control action."
docs/20_TELEMETRY/TELEMETRY_PHILOSOPHY.md,27,uncertainty,measurement_uncertainty_semantics,"- frequency, phase, drift, and uncertainty estimates;"
docs/30_ANALYSIS/PPS_REFERENCE_CHARACTERIZATION.md,46,standard_deviation,sample_dispersion_or_repeatability,"- mean, median, standard deviation, MAD, and robust scale;"
docs/30_ANALYSIS/PPS_REFERENCE_CHARACTERIZATION.md,74,uncertainty,measurement_uncertainty_semantics,- uncertainty growth when the reference is absent.
docs/50_SOFTWARE/ARDUINO_CAPTURE_BACKENDS.md,182,uncertainty,measurement_uncertainty_semantics,- uncertainty or overflow flags that apply near the capture.
docs/50_SOFTWARE/ARDUINO_CAPTURE_BACKENDS.md,267,confidence,confidence_semantics,confidence. It is an independent alternative to the PPS-gated PIO-local
docs/50_SOFTWARE/COUNT_OBSERVATION_MEASUREMENT_CONTRACT.md,177,uncertainty,measurement_uncertainty_semantics,uncertainty are separate host qualification components. Unknown components are
docs/50_SOFTWARE/COUNT_OBSERVATION_MEASUREMENT_CONTRACT.md,178,uncertainty,measurement_uncertainty_semantics,reported as unavailable and prevent computation of a combined uncertainty.
docs/50_SOFTWARE/CX317_PPS_GATED_SELECTED_ESTIMATOR.md,16,standard_deviation,sample_dispersion_or_repeatability,"the direct finite-run non-overlapping standard deviation was 0.000821677 Hz,"
docs/50_SOFTWARE/CX317_PPS_GATED_SELECTED_ESTIMATOR.md,26,uncertainty,measurement_uncertainty_semantics,combined uncertainty remain unavailable. The profile is therefore suitable
docs/50_SOFTWARE/FIRMWARE_DEVELOPMENT_PRINCIPLES.md,35,uncertainty,measurement_uncertainty_semantics,- uncertainty;
docs/50_SOFTWARE/FIRMWARE_DEVELOPMENT_PRINCIPLES.md,41,confidence,confidence_semantics,- time-to-confidence.
docs/50_SOFTWARE/FIRMWARE_DEVELOPMENT_PRINCIPLES.md,134,uncertainty;confidence,measurement_uncertainty_semantics,"Component quality may affect configuration, health telemetry, uncertainty metadata, and analysis confidence. It must not affect raw capture semantics."
docs/50_SOFTWARE/PHASE_3_PLANT_MODEL_ENGINEERING_NOTE.md,36,uncertainty,measurement_uncertainty_semantics,| Crossing uncertainty | `0xA840..0xAA00` | Conservative within-run location of 10 MHz |
docs/50_SOFTWARE/PHASE_3_PLANT_MODEL_ENGINEERING_NOTE.md,58,uncertainty,measurement_uncertainty_semantics,- candidate automatic range contains the crossing uncertainty band
docs/50_SOFTWARE/PHASE_3_PLANT_MODEL_ENGINEERING_NOTE.md,82,uncertainty,measurement_uncertainty_semantics,| Crossing precision overstated | Model records `0xA950` plus the broader `0xA840..0xAA00` within-run band and its limited uncertainty scope |
docs/50_SOFTWARE/PHASE_4_HOST_REPLAY_ENGINEERING_NOTE.md,80,confidence,confidence_semantics,"health, estimator confidence, model applicability, and preview eligibility are"
docs/50_SOFTWARE/PHASE_4_HOST_REPLAY_ENGINEERING_NOTE.md,83,uncertainty;dispersion,measurement_uncertainty_semantics,Measurement uncertainty uses a versioned component budget. Dispersion remains
docs/50_SOFTWARE/PHASE_4_HOST_REPLAY_ENGINEERING_NOTE.md,86,uncertainty,measurement_uncertainty_semantics,leave combined/expanded uncertainty empty. The only implemented combination
docs/50_SOFTWARE/PHASE_4_HOST_REPLAY_ENGINEERING_NOTE.md,89,uncertainty;dispersion;confidence,measurement_uncertainty_semantics,"keeps every uncertainty, dispersion, standard-deviation, confidence,"
docs/50_SOFTWARE/PHASE_4_HOST_REPLAY_ENGINEERING_NOTE.md,128,dispersion;confidence,sample_dispersion_or_repeatability,"Its confidence is based on configured sample count, dispersion, observation"
docs/50_SOFTWARE/PHASE_4_HOST_REPLAY_ENGINEERING_NOTE.md,276,uncertainty,measurement_uncertainty_semantics,"| Semantic correction mistaken for aperture qualification | Explicitly separate: estimator consistency is corrected; the aperture diagnostic and incomplete uncertainty budget remain active until physical PPS-gated aperture, latency, and uncertainty evidence is collected. |"
docs/50_SOFTWARE/PHASE_4_HOST_REPLAY_ENGINEERING_NOTE.md,282,uncertainty,measurement_uncertainty_semantics,"traceable uncertainty, pass the long live measurement gate, or authorize any"
docs/50_SOFTWARE/PHASE_4_LIVE_OBSERVE_ONLY_ENGINEERING_NOTE.md,32,dispersion,sample_dispersion_or_repeatability,- a bounded arithmetic-mean frequency estimator with population dispersion;
docs/50_SOFTWARE/PHASE_4_LIVE_OBSERVE_ONLY_ENGINEERING_NOTE.md,37,confidence,confidence_semantics,"- distinct observation validity, diagnostic health, estimator confidence,"
docs/50_SOFTWARE/PHASE_4_LIVE_OBSERVE_ONLY_ENGINEERING_NOTE.md,53,uncertainty,measurement_uncertainty_semantics,uncertainty remain unknown/unavailable. Cadence alone cannot qualify the
docs/50_SOFTWARE/PHASE_4_LIVE_OBSERVE_ONLY_ENGINEERING_NOTE.md,124,confidence,confidence_semantics,"- sample count, confidence, and estimator eligibility;"
docs/50_SOFTWARE/PHASE_4_LIVE_OBSERVE_ONLY_ENGINEERING_NOTE.md,125,dispersion,sample_dispersion_or_repeatability,- frequency error and dispersion;
docs/50_SOFTWARE/PHASE_4_LIVE_OBSERVE_ONLY_ENGINEERING_NOTE.md,222,uncertainty,measurement_uncertainty_semantics,"latency bounds under hardware load, traceable uncertainty, or a control-grade"
docs/50_SOFTWARE/PLANT_MODEL_CONTRACT_AUTHORITY.md,78,uncertainty,measurement_uncertainty_semantics,and applicability ranges and to contain the crossing uncertainty band.
docs/50_SOFTWARE/PLANT_MODEL_CONTRACT_AUTHORITY.md,86,uncertainty,measurement_uncertainty_semantics,"| derived | yes | `plant_response.local_slope.uncertainty.{method,hz_per_v_min,hz_per_v_max}` |"
docs/50_SOFTWARE/PLANT_MODEL_CONTRACT_AUTHORITY.md,87,uncertainty,measurement_uncertainty_semantics,"| derived | for model version 3+ | `plant_response.local_slope.uncertainty.{hz_per_v_stdev,hz_per_v_iqr}` |"
docs/50_SOFTWARE/PLANT_MODEL_CONTRACT_AUTHORITY.md,88,uncertainty,measurement_uncertainty_semantics,"| historical, derived, deprecated | no | `plant_response.local_slope.uncertainty.{hz_per_v_span,positive_0x0800_hz_per_v,negative_0x0800_hz_per_v,positive_0x1000_hz_per_v,negative_0x1000_hz_per_v}` |"
docs/50_SOFTWARE/PLANT_MODEL_CONTRACT_AUTHORITY.md,95,uncertainty,measurement_uncertainty_semantics,"| optional, derived | with crossing object | `plant_response.crossing_estimate.{target_frequency_hz,code,code_min,code_max,estimated_voltage_v,estimated_voltage_min_v,estimated_voltage_max_v,method,uncertainty_scope}` |"
docs/50_SOFTWARE/PLANT_MODEL_CONTRACT_AUTHORITY.md,171,uncertainty,measurement_uncertainty_semantics,"| file `v1`, model version 2 | rejected: undeclared historical fields, legacy commit-name disagreement, current uncertainty requirements | accepted | accepted as valid, then not applicable because it was not model version 4 | not bound |"
docs/50_SOFTWARE/PPS_CAPTURE_LATENCY_JITTER_AUDIT_20260801.md,147,uncertainty,measurement_uncertainty_semantics,an uncertainty budget.
docs/50_SOFTWARE/PPS_CUMULATIVE_SNAPSHOT_SPAN_ESTIMATOR.md,52,uncertainty,measurement_uncertainty_semantics,"reference, calibration, and combined uncertainty components remain"
docs/50_SOFTWARE/PPS_CUMULATIVE_SNAPSHOT_SPAN_ESTIMATOR.md,53,uncertainty,measurement_uncertainty_semantics,`unavailable`; empirical spread is not relabelled as calibrated uncertainty or
docs/50_SOFTWARE/PPS_CUMULATIVE_SNAPSHOT_SPAN_ESTIMATOR.md,61,uncertainty,measurement_uncertainty_semantics,| Parameter and units | Acceptance/rejection threshold | Disposition | Source and location | Conditions/applicability | Calculation/conversion | Uncertainty and safety margin | Measured result | Result | Consequence of failure |
docs/50_SOFTWARE/PPS_CUMULATIVE_SNAPSHOT_SPAN_ESTIMATOR.md,63,uncertainty,measurement_uncertainty_semantics,"| Accepted reference interval, s | nominal `1.0` for each accepted PPS interval | architecture screen | `docs/datasheets/adafruit-ultimate-gps.pdf`, p. 13, PPS output described as once per second; accepted backend contract in `docs/50_SOFTWARE/PPS_GATED_RATIO_BACKEND_DESIGN.md`, §§3–5 | Actual rig uses the GPS PPS path; exact fitted receiver revision and calibrated timing uncertainty are not established | `N` accepted PPS intervals give nominal duration `N × 1.0 s` | Reference/cable/aperture uncertainty unavailable; no calibrated-accuracy claim | Stage 1: 1,234 adjacent accepted intervals; diagnostic timer mean 0.999995469 s | pass for estimator architecture; characterization-only for timing | Reject the affected interval and every span crossing it |"
docs/50_SOFTWARE/PPS_CUMULATIVE_SNAPSHOT_SPAN_ESTIMATOR.md,66,uncertainty,measurement_uncertainty_semantics,"| Span accumulator width, bits | at least `64` | architecture screen | documented calculation from the accepted 133 MHz loose envelope and 600 s candidate span | Applies to host integer total only | `133,000,000 × 600 = 79,800,000,000`, below `2^64 − 1 = 18,446,744,073,709,551,615` | Arithmetic headroom about `2.31 × 10^8`; does not address metrology uncertainty | Synthetic 600 s and multi-wrap cases exact | pass | Raise overflow and emit no result |"
docs/50_SOFTWARE/PPS_CUMULATIVE_SNAPSHOT_SPAN_ESTIMATOR.md,69,uncertainty,measurement_uncertainty_semantics,"| Span uncertainty, Hz | all required components must be known before claiming calibrated uncertainty; otherwise unavailable | model-applicability bound | master programme rules; Stage 2 prompt, “Required estimator semantics” | Current rig lacks a complete aperture/reference/calibration uncertainty budget | No conversion is permitted from empirical spread to calibrated uncertainty | Counter aperture, reference, calibration, and correlation components unavailable | Output reason codes name each missing component | unavailable | Do not use results as calibrated accuracy or an uncertainty-qualified controller input |"
docs/50_SOFTWARE/PPS_HARDWARE_SNAPSHOT_REPLACEMENT_ARCHITECTURE.md,458,uncertainty,measurement_uncertainty_semantics,The remaining uncertainty is not architectural ownership. It is the unmeasured
docs/60_EXPERIMENTS/H1_OCXO_DAC_CHARACTERIZATION_RUNBOOK.md,340,confidence,confidence_semantics,measurement-confidence baseline preceding `run_019`. It reports 242 count
docs/60_EXPERIMENTS/H1_OCXO_DAC_CHARACTERIZATION_RUNBOOK.md,412,standard_deviation,sample_dispersion_or_repeatability,"9,999,997.974452 Hz, standard deviation 0.043665 Hz, and fitted drift"
docs/60_EXPERIMENTS/PHASE_5_CRITERIA_AND_TOLERANCE_RATIONALE.md,51,uncertainty;confidence,measurement_uncertainty_semantics,"conditions, resolution, and an uncertainty or confidence method appropriate"
docs/60_EXPERIMENTS/PHASE_5_CRITERIA_AND_TOLERANCE_RATIONALE.md,100,uncertainty,measurement_uncertainty_semantics,from the ECS datasheet or a completed 16 MHz uncertainty budget.
docs/60_EXPERIMENTS/PHASE_5_CRITERIA_AND_TOLERANCE_RATIONALE.md,133,confidence,confidence_semantics,not presented as a calculated confidence boundary or an ECS stability limit.
docs/60_EXPERIMENTS/PHASE_5_CRITERIA_AND_TOLERANCE_RATIONALE.md,138,confidence,confidence_semantics,firmware-jitter number. Firmware-specific confidence instead comes from the
docs/60_EXPERIMENTS/PHASE_5_CRITERIA_AND_TOLERANCE_RATIONALE.md,172,uncertainty,measurement_uncertainty_semantics,"claim that source drift, PPS noise, or overall measurement uncertainty improve"
docs/60_EXPERIMENTS/PHASE_5_CRITERIA_AND_TOLERANCE_RATIONALE.md,213,uncertainty,measurement_uncertainty_semantics,"That is an exact digitisation statement, not a total-uncertainty claim. Before"
docs/60_EXPERIMENTS/PHASE_5_CRITERIA_AND_TOLERANCE_RATIONALE.md,260,standard_deviation,sample_dispersion_or_repeatability,"| Candidate population standard deviation | 1.5 Hz | blocking firmware architecture screen on total observed spread | Conservative multi-edge detector supported by the `-1/0/+1` modeled interval envelope, 1 Hz count resolution, GPS timing scale, and observed sub-1 Hz populations. It is neither an oscillator specification nor an isolated firmware-jitter measurement. |"
docs/60_EXPERIMENTS/PHASE_5_CRITERIA_AND_TOLERANCE_RATIONALE.md,262,uncertainty,measurement_uncertainty_semantics,"| Absolute bias against independent metrology | 0.05 Hz | provisional reference pending error budget | A defensible accuracy gate requires an authorised independent standard, calibration traceability, simultaneous comparison, and a complete uncertainty budget. |"
docs/60_EXPERIMENTS/PHASE_5_CRITERIA_AND_TOLERANCE_RATIONALE.md,267,uncertainty,measurement_uncertainty_semantics,"uncertainty, and must not present computed digits as physical accuracy."
docs/60_EXPERIMENTS/PHASE_5_CRITERIA_AND_TOLERANCE_RATIONALE.md,273,standard_deviation,sample_dispersion_or_repeatability,"standard deviation is no more than the 1.5 Hz architecture screen, and all"
docs/60_EXPERIMENTS/PHASE_5_PPS_GATED_BACKEND_BENCH_RUNBOOK.md,6,uncertainty,measurement_uncertainty_semantics,single-PIO-state-machine-owned count boundary. Longer independent-metrology and uncertainty
docs/60_EXPERIMENTS/PHASE_5_PPS_GATED_BACKEND_BENCH_RUNBOOK.md,123,uncertainty,measurement_uncertainty_semantics,- `EST v2` live/replay uncertainty fields match for unavailable and incomplete
docs/60_EXPERIMENTS/PHASE_5_PPS_GATED_BACKEND_BENCH_RUNBOOK.md,217,uncertainty,measurement_uncertainty_semantics,pps_gate/counter_aperture_uncertainty_ns=unavailable
docs/60_EXPERIMENTS/PHASE_5_PPS_GATED_BACKEND_BENCH_RUNBOOK.md,218,uncertainty,measurement_uncertainty_semantics,pps_gate/reference_frequency_uncertainty_ppb=unavailable
docs/60_EXPERIMENTS/PHASE_5_PPS_GATED_BACKEND_BENCH_RUNBOOK.md,228,uncertainty,measurement_uncertainty_semantics,The two uncertainty status values remain `unavailable` until promoted from
docs/60_EXPERIMENTS/PHASE_5_PPS_GATED_BACKEND_BENCH_RUNBOOK.md,371,uncertainty,measurement_uncertainty_semantics,## Separate metrology and uncertainty evidence
docs/60_EXPERIMENTS/PHASE_5_PPS_GATED_BACKEND_BENCH_RUNBOOK.md,377,uncertainty,measurement_uncertainty_semantics,- `count_quantization_standard_uncertainty_hz`;
docs/60_EXPERIMENTS/PHASE_5_PPS_GATED_BACKEND_BENCH_RUNBOOK.md,383,uncertainty,measurement_uncertainty_semantics,compute a combined uncertainty when any required component is unavailable.
docs/60_EXPERIMENTS/PHASE_5_PPS_GATED_BACKEND_BENCH_RUNBOOK.md,388,uncertainty,measurement_uncertainty_semantics,"including UTC end, exact sequence segments, uncertainty sources, fault notes,"
docs/60_EXPERIMENTS/PHASE_5_PPS_GATED_BACKEND_BENCH_RUNBOOK.md,433,uncertainty,measurement_uncertainty_semantics,unavailable uncertainty component limits metrology claims but does not fail the
docs/60_EXPERIMENTS/PHASE_5_PPS_GATED_BACKEND_BENCH_RUN_001_RESULTS.md,24,uncertainty,measurement_uncertainty_semantics,"measurement, and combined uncertainty remain open."
docs/60_EXPERIMENTS/PHASE_5_PPS_GATED_BACKEND_BENCH_RUN_001_RESULTS.md,203,uncertainty,measurement_uncertainty_semantics,5. Measure counter aperture and populate evidence-backed uncertainty.
docs/60_EXPERIMENTS/PHASE_5_REAL_GPS_EXTENDED_AND_OVERNIGHT_CAMPAIGN_20260801.md,45,standard_deviation,sample_dispersion_or_repeatability,“Spread” is population standard deviation of the stated segment product. The
docs/60_EXPERIMENTS/PHASE_5_REAL_GPS_EXTENDED_AND_OVERNIGHT_CAMPAIGN_20260801.md,168,standard_deviation,sample_dispersion_or_repeatability,"15,999,996.927 Hz, population standard deviation 0.777 Hz, and range"
docs/60_EXPERIMENTS/PHASE_5_REAL_GPS_SHORT_CAMPAIGN_20260731.md,63,standard_deviation,sample_dispersion_or_repeatability,"mean was 15,999,998.308 Hz and population standard deviation was 0.560 Hz."
docs/60_EXPERIMENTS/PHASE_5_REAL_GPS_SHORT_CAMPAIGN_20260731.md,74,standard_deviation,sample_dispersion_or_repeatability,| Segment | Eligible windows | Mean (Hz) | Population standard deviation (Hz) |
docs/60_EXPERIMENTS/PHASE_5_REAL_GPS_SHORT_CAMPAIGN_20260731.md,97,standard_deviation,sample_dispersion_or_repeatability,| Segment | Mean (Hz) | Population standard deviation (Hz) |
docs/60_EXPERIMENTS/PHASE_5_REAL_GPS_SHORT_CAMPAIGN_20260731.md,157,uncertainty,measurement_uncertainty_semantics,"width-only glitch case, or create an absolute metrology uncertainty budget."
docs/60_EXPERIMENTS/PPS_BACKEND_REMEDIATION_BENCH_HANDOFF.md,256,standard_deviation,sample_dispersion_or_repeatability,"sequence loss, capture/transport fault, or population standard deviation above"
docs/60_EXPERIMENTS/PPS_BACKEND_REMEDIATION_BENCH_HANDOFF.md,296,uncertainty,measurement_uncertainty_semantics,"uncertainty, resets, and all integrity counters. Only an explicit reviewed"
docs/60_EXPERIMENTS/RUN_019_PLANT_MODEL_RESULTS.md,58,standard_deviation,sample_dispersion_or_repeatability,residual standard deviation = 0.029423806 Hz
docs/60_EXPERIMENTS/RUN_019_PLANT_MODEL_RESULTS.md,98,standard_deviation,sample_dispersion_or_repeatability,- standard deviation: 0.043665 Hz
docs/60_EXPERIMENTS/RUN_020_PLANT_MODEL_RESULTS.md,79,standard_deviation,sample_dispersion_or_repeatability,"Corrected `0xAE00` return medians span 0.056718 Hz, with standard deviation"
docs/90_ROADMAP/OTIS_SW2_REVISED_ROADMAP.md,28,uncertainty,measurement_uncertainty_semantics,uncertainty with provenance.
docs/90_ROADMAP/OTIS_SW2_REVISED_ROADMAP.md,220,uncertainty,measurement_uncertainty_semantics,"- phase, frequency, drift and uncertainty estimation;"
docs/90_ROADMAP/OTIS_SW2_REVISED_ROADMAP.md,356,confidence,confidence_semantics,`run_016` was the first measurement-confidence update after adding the local PPS
docs/90_ROADMAP/OTIS_SW2_REVISED_ROADMAP.md,366,standard_deviation,sample_dispersion_or_repeatability,"standard deviation 3.13 Hz, and span 14.48 Hz."
docs/90_ROADMAP/OTIS_SW2_REVISED_ROADMAP.md,376,confidence,confidence_semantics,the following measurement-confidence update:
docs/90_ROADMAP/OTIS_SW2_REVISED_ROADMAP.md,408,standard_deviation,sample_dispersion_or_repeatability,- final 8.17 h `0x8000` hold with 0.043665 Hz standard deviation.
docs/90_ROADMAP/OTIS_SW2_REVISED_ROADMAP.md,467,uncertainty,measurement_uncertainty_semantics,phase state | frequency state | drift state | uncertainty | provenance
docs/90_ROADMAP/OTIS_SW2_REVISED_ROADMAP.md,526,uncertainty,measurement_uncertainty_semantics,- uncertainty and observation age.
docs/90_ROADMAP/OTIS_SW2_REVISED_ROADMAP.md,548,confidence,confidence_semantics,- reduce gains as confidence increases;
docs/90_ROADMAP/OTIS_SW2_REVISED_ROADMAP.md,633,uncertainty,measurement_uncertainty_semantics,"- per-dwell voltage measurements where practical, or a separately calibrated DAC-voltage model with stated uncertainty;"
docs/90_ROADMAP/OTIS_SW2_REVISED_ROADMAP.md,653,uncertainty,measurement_uncertainty_semantics,- uncertainty and valid neighbourhood;
docs/90_ROADMAP/OTIS_SW2_REVISED_ROADMAP.md,664,uncertainty,measurement_uncertainty_semantics,- slope uncertainty is small enough to choose a conservative update;
docs/90_ROADMAP/OTIS_SW2_REVISED_ROADMAP.md,671,dispersion,sample_dispersion_or_repeatability,"estimate and band, repeated-centre dispersion, and a settling bound. The"
docs/90_ROADMAP/OTIS_SW2_REVISED_ROADMAP.md,684,confidence,confidence_semantics,"codes, evidence references, persistence, diagnostic confidence, and explicit"
docs/90_ROADMAP/OTIS_SW2_REVISED_ROADMAP.md,710,uncertainty,measurement_uncertainty_semantics,- phase estimate and uncertainty;
docs/90_ROADMAP/OTIS_SW2_REVISED_ROADMAP.md,711,uncertainty,measurement_uncertainty_semantics,- frequency estimate and uncertainty;
docs/90_ROADMAP/OTIS_SW2_REVISED_ROADMAP.md,712,uncertainty,measurement_uncertainty_semantics,"- drift estimate and uncertainty, if available;"
docs/90_ROADMAP/OTIS_SW2_REVISED_ROADMAP.md,769,dispersion;confidence,sample_dispersion_or_repeatability,"- confidence derived from sample count, dispersion, continuity and age."
docs/90_ROADMAP/OTIS_SW2_REVISED_ROADMAP.md,928,uncertainty,measurement_uncertainty_semantics,- maximum code delta derived from slope uncertainty and noise floor;
docs/90_ROADMAP/OTIS_SW2_REVISED_ROADMAP.md,960,confidence,confidence_semantics,- confidence thresholds;
docs/90_ROADMAP/OTIS_SW2_REVISED_ROADMAP.md,986,uncertainty,measurement_uncertainty_semantics,- phase uncertainty and outlier handling;
docs/90_ROADMAP/OTIS_SW2_REVISED_ROADMAP.md,1012,uncertainty,measurement_uncertainty_semantics,- increase phase/frequency uncertainty with time;
docs/90_ROADMAP/OTIS_SW2_REVISED_ROADMAP.md,1019,uncertainty,measurement_uncertainty_semantics,- choose re-entry through acquisition or settling based on error and uncertainty;
docs/90_ROADMAP/OTIS_SW2_REVISED_ROADMAP.md,1030,confidence,confidence_semantics,- confidence-weighted model selection.
docs/90_ROADMAP/OTIS_SW2_REVISED_ROADMAP.md,1049,uncertainty,measurement_uncertainty_semantics,- uncertainty/quality;
docs/90_ROADMAP/OTIS_SW2_REVISED_ROADMAP.md,1057,uncertainty,measurement_uncertainty_semantics,- conceal network latency or uncertainty;
docs/90_ROADMAP/OTIS_SW2_REVISED_ROADMAP.md,1077,uncertainty,measurement_uncertainty_semantics,- uncertainty;
docs/90_ROADMAP/OTIS_SW2_REVISED_ROADMAP.md,1111,uncertainty;confidence,measurement_uncertainty_semantics,- confidence/uncertainty.
docs/90_ROADMAP/OTIS_SW2_REVISED_ROADMAP.md,1202,uncertainty,measurement_uncertainty_semantics,- uncertainties;
docs/90_ROADMAP/OTIS_SW2_REVISED_ROADMAP.md,1260,confidence,confidence_semantics,"Completed: frequency estimation and distinct validity, diagnostic, confidence,"
docs/90_ROADMAP/OTIS_SW2_REVISED_ROADMAP.md,1354,confidence,confidence_semantics,- source quality and confidence;
docs/90_ROADMAP/OTIS_SW2_REVISED_ROADMAP.md,1371,uncertainty,measurement_uncertainty_semantics,- model peer/network information as another observation source with latency and uncertainty;
docs/90_ROADMAP/OTIS_SW2_REVISED_ROADMAP.md,1413,uncertainty,measurement_uncertainty_semantics,- slope sign/magnitude and uncertainty;
docs/90_ROADMAP/OTIS_SW2_REVISED_ROADMAP.md,1448,uncertainty,measurement_uncertainty_semantics,their available uncertainty rather than invented as a digital-backend gate.
docs/90_ROADMAP/OTIS_SW2_REVISED_ROADMAP.md,1472,uncertainty,measurement_uncertainty_semantics,- uncertainty tracked.
docs/90_ROADMAP/OTIS_SW2_REVISED_ROADMAP.md,1490,uncertainty,measurement_uncertainty_semantics,4. estimate frequency and phase with uncertainty and provenance;
docs/90_ROADMAP/SW2_GPSDO_CONTROL_LOOP_READINESS.md,42,dispersion,sample_dispersion_or_repeatability,"age, continuity, dispersion, and startup/recovery clean windows;"
docs/90_ROADMAP/SW2_GPSDO_CONTROL_LOOP_READINESS.md,100,uncertainty,measurement_uncertainty_semantics,- explicit unavailable aperture/reference uncertainty hooks;
docs/90_ROADMAP/SW2_GPSDO_CONTROL_LOOP_READINESS.md,122,uncertainty,measurement_uncertainty_semantics,metrology and a complete uncertainty budget also remain outside this
docs/90_ROADMAP/SW2_GPSDO_CONTROL_LOOP_READINESS.md,235,standard_deviation,sample_dispersion_or_repeatability,"median 0.007 Hz, standard deviation 3.13 Hz, and span 14.48 Hz, confirming"
docs/90_ROADMAP/SW2_GPSDO_CONTROL_LOOP_READINESS.md,286,standard_deviation,sample_dispersion_or_repeatability,"9,999,997.974452 Hz, standard deviation 0.043665 Hz, and fitted drift"
docs/90_ROADMAP/SW2_GPSDO_CONTROL_LOOP_READINESS.md,347,uncertainty,measurement_uncertainty_semantics,| DMM voltage fit                              | about 37.8905 uV/code                                      | `run_018` operator readings             | Useful calibration model; uncertainty and direct Run 019 DMM trace are absent. |
docs/90_ROADMAP/SW2_GPSDO_CONTROL_LOOP_READINESS.md,350,uncertainty,measurement_uncertainty_semantics,| Local gain                                   | `0.0001559..0.0001876 Hz/code`; 4.11..4.95 Hz/V            | Run 020 drift-cancelled brackets       | Versioned observe-only gain and uncertainty. |
docs/90_ROADMAP/SW2_GPSDO_CONTROL_LOOP_READINESS.md,421,uncertainty,measurement_uncertainty_semantics,- Crossing uncertainty: `0xA840..0xAA00`.
docs/90_ROADMAP/SW2_GPSDO_CONTROL_LOOP_READINESS.md,674,uncertainty,measurement_uncertainty_semantics,explicit conservative uncertainty treatment;
firmware/arduino/otis_nano_rp2040_connect/otis_count_observation.cpp,1026,uncertainty,measurement_uncertainty_semantics,"""counter_aperture_uncertainty_ns"", ""unavailable"","
firmware/arduino/otis_nano_rp2040_connect/otis_count_observation.cpp,1029,uncertainty,measurement_uncertainty_semantics,"""reference_frequency_uncertainty_ppb"", ""unavailable"","
firmware/arduino/otis_nano_rp2040_connect/otis_cx317_preview_live.cpp,140,uncertainty,measurement_uncertainty_semantics,"""counter_aperture_uncertainty_unavailable;reference_uncertainty_unavailable;calibration_uncertainty_unavailable,"""
firmware/arduino/otis_nano_rp2040_connect/otis_cx317_preview_live.cpp,141,uncertainty,measurement_uncertainty_semantics,""",,,,,,,,not_combined_missing_components,unavailable:combined_uncertainty,false,,%s,%s\r\n"","
firmware/arduino/otis_nano_rp2040_connect/otis_cx317_preview_live.cpp,227,uncertainty,measurement_uncertainty_semantics,"""record_type,schema_version,estimate_seq,estimate_id,estimator_timestamp_ticks,time_domain,source_count_seq,source_count_ref,source_reference_first_seq,source_reference_last_seq,source_status_refs,source_dac_ref,manifest_ref,estimator_version,config_hash,observation_validity,observation_reason_codes,reference_validity,reference_age_s,reference_continuity,count_validity,count_age_s,count_continuity,diagnostic_health,diagnostic_reason_codes,frequency_observation_hz,accepted_sample_count,estimator_confidence,frequency_estimate_hz,frequency_error_hz,dispersion_hz,uncertainty_status,uncertainty_reason_codes,count_quantization_standard_uncertainty_hz,counter_aperture_standard_uncertainty_hz,reference_standard_uncertainty_hz,calibration_standard_uncertainty_hz,model_standard_uncertainty_hz,combined_standard_uncertainty_hz,coverage_factor,expanded_uncertainty_hz,correlation_policy,uncertainty_model_ref,drift_enabled,drift_hz_per_s,preview_eligibility,eligibility_reason_codes\r\n"");"
firmware/arduino/otis_nano_rp2040_connect/otis_phase4_engine.cpp,89,dispersion,sample_dispersion_or_repeatability,const double dispersion =
firmware/arduino/otis_nano_rp2040_connect/otis_phase4_engine.cpp,96,dispersion,sample_dispersion_or_repeatability,decision->dispersion_hz = dispersion;
firmware/arduino/otis_nano_rp2040_connect/otis_phase4_engine.cpp,102,dispersion,sample_dispersion_or_repeatability,dispersion > engine->config.maximum_dispersion_hz)
firmware/arduino/otis_nano_rp2040_connect/otis_phase4_engine.cpp,106,confidence,confidence_semantics,decision->confidence = OTIS_PHASE4_CONFIDENCE_UNAVAILABLE;
firmware/arduino/otis_nano_rp2040_connect/otis_phase4_engine.cpp,108,dispersion,sample_dispersion_or_repeatability,dispersion > engine->config.maximum_dispersion_hz) {
firmware/arduino/otis_nano_rp2040_connect/otis_phase4_engine.cpp,109,confidence,confidence_semantics,decision->confidence = OTIS_PHASE4_CONFIDENCE_LOW;
firmware/arduino/otis_nano_rp2040_connect/otis_phase4_engine.cpp,111,confidence,confidence_semantics,decision->confidence = OTIS_PHASE4_CONFIDENCE_MEDIUM;
firmware/arduino/otis_nano_rp2040_connect/otis_phase4_engine.cpp,113,confidence,confidence_semantics,decision->confidence = OTIS_PHASE4_CONFIDENCE_HIGH;
firmware/arduino/otis_nano_rp2040_connect/otis_phase4_engine.cpp,171,confidence,confidence_semantics,decision->confidence != OTIS_PHASE4_CONFIDENCE_HIGH) {
firmware/arduino/otis_nano_rp2040_connect/otis_phase4_engine.cpp,198,confidence,confidence_semantics,decision->confidence == OTIS_PHASE4_CONFIDENCE_HIGH &&
firmware/arduino/otis_nano_rp2040_connect/otis_phase4_engine.cpp,254,confidence,confidence_semantics,const char *otis_phase4_confidence_name(OtisPhase4Confidence confidence) {
firmware/arduino/otis_nano_rp2040_connect/otis_phase4_engine.cpp,255,confidence,confidence_semantics,switch (confidence) {
firmware/arduino/otis_nano_rp2040_connect/otis_phase4_engine.h,152,confidence,confidence_semantics,OtisPhase4Confidence confidence;
firmware/arduino/otis_nano_rp2040_connect/otis_phase4_engine.h,191,confidence,confidence_semantics,const char *otis_phase4_confidence_name(OtisPhase4Confidence confidence);
firmware/arduino/otis_nano_rp2040_connect/otis_phase4_observe_preview.cpp,54,uncertainty,measurement_uncertainty_semantics,constexpr char kUncertaintyModelRef[] =
firmware/arduino/otis_nano_rp2040_connect/otis_phase4_observe_preview.cpp,55,uncertainty,measurement_uncertainty_semantics,"""phase4_uncertainty_budget_v1#sha256:"""
firmware/arduino/otis_nano_rp2040_connect/otis_phase4_observe_preview.cpp,610,uncertainty,measurement_uncertainty_semantics,const char *uncertainty_status =
firmware/arduino/otis_nano_rp2040_connect/otis_phase4_observe_preview.cpp,612,uncertainty,measurement_uncertainty_semantics,const char *uncertainty_reasons =
firmware/arduino/otis_nano_rp2040_connect/otis_phase4_observe_preview.cpp,614,uncertainty,measurement_uncertainty_semantics,"? ""count_quantization_model_unavailable;counter_aperture_unavailable;reference_uncertainty_unavailable;calibration_uncertainty_unavailable;model_uncertainty_unavailable"""
firmware/arduino/otis_nano_rp2040_connect/otis_phase4_observe_preview.cpp,675,confidence,confidence_semantics,"otis_phase4_confidence_name(decision.confidence),"
firmware/arduino/otis_nano_rp2040_connect/otis_phase4_observe_preview.cpp,677,uncertainty,measurement_uncertainty_semantics,"uncertainty_status, uncertainty_reasons, kUncertaintyModelRef,"
firmware/arduino/otis_nano_rp2040_connect/otis_phase4_observe_preview.cpp,950,uncertainty,measurement_uncertainty_semantics,"""record_type,schema_version,estimate_seq,estimate_id,estimator_timestamp_ticks,time_domain,source_count_seq,source_count_ref,source_reference_first_seq,source_reference_last_seq,source_status_refs,source_dac_ref,manifest_ref,estimator_version,config_hash,observation_validity,observation_reason_codes,reference_validity,reference_age_s,reference_continuity,count_validity,count_age_s,count_continuity,diagnostic_health,diagnostic_reason_codes,frequency_observation_hz,accepted_sample_count,estimator_confidence,frequency_estimate_hz,frequency_error_hz,dispersion_hz,uncertainty_status,uncertainty_reason_codes,count_quantization_standard_uncertainty_hz,counter_aperture_standard_uncertainty_hz,reference_standard_uncertainty_hz,calibration_standard_uncertainty_hz,model_standard_uncertainty_hz,combined_standard_uncertainty_hz,coverage_factor,expanded_uncertainty_hz,correlation_policy,uncertainty_model_ref,drift_enabled,drift_hz_per_s,preview_eligibility,eligibility_reason_codes\r\n"");"
firmware/arduino/otis_nano_rp2040_connect/otis_phase4_observe_preview.cpp,954,uncertainty,measurement_uncertainty_semantics,"""record_type,schema_version,reference_observation_seq,reference_observation_id,observation_timestamp_ticks,time_domain,source_identity_epoch,source_reference_first_seq,source_reference_last_seq,source_reference_refs,source_metadata_refs,receiver_identity,receiver_firmware,cadence_state,capture_path_state,receiver_authority_state,utc_traceability_state,metadata_freshness,timing_mode,fix_holdover_state,antenna_state,leap_state,sawtooth_correction_ns,cable_delay_ns,pulse_configuration,calibration_ref,reference_standard_uncertainty_s,qualification_state,qualification_reason_codes,algorithm_version,config_hash\r\n"");"
firmware/arduino/validation/END_TO_END_VALIDATION_PLAN.md,293,uncertainty,measurement_uncertainty_semantics,"source typing, uncertainty requirements, sealing steps, and disposition rules"
host/otis_tools/contracts.py,183,uncertainty,measurement_uncertainty_semantics,"""reference_standard_uncertainty_s"","
host/otis_tools/contracts.py,221,uncertainty,measurement_uncertainty_semantics,"""frequency_uncertainty_hz"","
host/otis_tools/contracts.py,232,uncertainty,measurement_uncertainty_semantics,"""uncertainty_status"","
host/otis_tools/contracts.py,233,uncertainty,measurement_uncertainty_semantics,"""uncertainty_reason_codes"","
host/otis_tools/contracts.py,234,uncertainty,measurement_uncertainty_semantics,"""count_quantization_standard_uncertainty_hz"","
host/otis_tools/contracts.py,235,uncertainty,measurement_uncertainty_semantics,"""counter_aperture_standard_uncertainty_hz"","
host/otis_tools/contracts.py,236,uncertainty,measurement_uncertainty_semantics,"""reference_standard_uncertainty_hz"","
host/otis_tools/contracts.py,237,uncertainty,measurement_uncertainty_semantics,"""calibration_standard_uncertainty_hz"","
host/otis_tools/contracts.py,238,uncertainty,measurement_uncertainty_semantics,"""model_standard_uncertainty_hz"","
host/otis_tools/contracts.py,239,uncertainty,measurement_uncertainty_semantics,"""combined_standard_uncertainty_hz"","
host/otis_tools/contracts.py,241,uncertainty,measurement_uncertainty_semantics,"""expanded_uncertainty_hz"","
host/otis_tools/contracts.py,243,uncertainty,measurement_uncertainty_semantics,"""uncertainty_model_ref"","
host/otis_tools/contracts.py,464,uncertainty,measurement_uncertainty_semantics,"VALID_UNCERTAINTY_STATUS = {""available"", ""incomplete"", ""unavailable""}"
host/otis_tools/contracts.py,776,confidence,confidence_semantics,"confidence = row.get(""diagnostic_confidence"", """")"
host/otis_tools/contracts.py,777,confidence,confidence_semantics,"if confidence != ""unknown"":"
host/otis_tools/contracts.py,778,confidence,confidence_semantics,"parsed_confidence = _parse_optional_float(confidence, ""diagnostic_confidence"", row_number, errors)"
host/otis_tools/contracts.py,817,confidence,confidence_semantics,"confidence = row.get(""diagnostic_confidence"", """")"
host/otis_tools/contracts.py,818,confidence,confidence_semantics,"if confidence != ""unknown"":"
host/otis_tools/contracts.py,820,confidence,confidence_semantics,"confidence, ""diagnostic_confidence"", row_number, errors"
host/otis_tools/contracts.py,945,uncertainty,measurement_uncertainty_semantics,"""reference_standard_uncertainty_s"","
host/otis_tools/contracts.py,948,uncertainty,measurement_uncertainty_semantics,"if field_name == ""reference_standard_uncertainty_s"" and value is not None and value < 0:"
host/otis_tools/contracts.py,950,uncertainty,measurement_uncertainty_semantics,"f""row {row_number}: reference_standard_uncertainty_s must be non-negative"""
host/otis_tools/contracts.py,1047,uncertainty,measurement_uncertainty_semantics,"""frequency_uncertainty_hz"","
host/otis_tools/contracts.py,1061,uncertainty,measurement_uncertainty_semantics,"status = row.get(""uncertainty_status"")"
host/otis_tools/contracts.py,1062,uncertainty,measurement_uncertainty_semantics,if status not in VALID_UNCERTAINTY_STATUS:
host/otis_tools/contracts.py,1064,uncertainty,measurement_uncertainty_semantics,"f""row {row_number}: uncertainty_status must be one of """
host/otis_tools/contracts.py,1065,uncertainty,measurement_uncertainty_semantics,"f""{sorted(VALID_UNCERTAINTY_STATUS)}"""
host/otis_tools/contracts.py,1071,uncertainty,measurement_uncertainty_semantics,"(""uncertainty_reason_codes"", ""correlation_policy"", ""uncertainty_model_ref""),"
host/otis_tools/contracts.py,1074,uncertainty,measurement_uncertainty_semantics,"""count_quantization_standard_uncertainty_hz"","
host/otis_tools/contracts.py,1075,uncertainty,measurement_uncertainty_semantics,"""counter_aperture_standard_uncertainty_hz"","
host/otis_tools/contracts.py,1076,uncertainty,measurement_uncertainty_semantics,"""reference_standard_uncertainty_hz"","
host/otis_tools/contracts.py,1077,uncertainty,measurement_uncertainty_semantics,"""calibration_standard_uncertainty_hz"","
host/otis_tools/contracts.py,1078,uncertainty,measurement_uncertainty_semantics,"""model_standard_uncertainty_hz"","
host/otis_tools/contracts.py,1079,uncertainty,measurement_uncertainty_semantics,"""combined_standard_uncertainty_hz"","
host/otis_tools/contracts.py,1080,uncertainty,measurement_uncertainty_semantics,"""expanded_uncertainty_hz"","
host/otis_tools/contracts.py,1093,uncertainty,measurement_uncertainty_semantics,"combined = row.get(""combined_standard_uncertainty_hz"", """")"
host/otis_tools/contracts.py,1096,uncertainty,measurement_uncertainty_semantics,"f""row {row_number}: available uncertainty requires combined_standard_uncertainty_hz"""
host/otis_tools/contracts.py,1100,uncertainty,measurement_uncertainty_semantics,"f""row {row_number}: incomplete or unavailable uncertainty must not claim a combined value"""
host/otis_tools/contracts.py,1102,uncertainty,measurement_uncertainty_semantics,"if row.get(""expanded_uncertainty_hz"") and not ("
host/otis_tools/contracts.py,1106,uncertainty;coverage_factor,measurement_uncertainty_semantics,"f""row {row_number}: expanded uncertainty requires combined uncertainty and coverage factor"""
host/otis_tools/contracts.py,1118,uncertainty,measurement_uncertainty_semantics,"not in {""combined_standard_uncertainty_hz"", ""expanded_uncertainty_hz""}"
host/otis_tools/contracts.py,1121,uncertainty,measurement_uncertainty_semantics,"combined_value = parsed_components[""combined_standard_uncertainty_hz""]"
host/otis_tools/contracts.py,1122,uncertainty,measurement_uncertainty_semantics,"expanded_value = parsed_components[""expanded_uncertainty_hz""]"
host/otis_tools/contracts.py,1124,uncertainty,measurement_uncertainty_semantics,"if row.get(""uncertainty_reason_codes"") != ""uncertainty_complete"":"
host/otis_tools/contracts.py,1126,uncertainty,measurement_uncertainty_semantics,"f""row {row_number}: available uncertainty requires """
host/otis_tools/contracts.py,1127,uncertainty,measurement_uncertainty_semantics,"""uncertainty_reason_codes=uncertainty_complete"""
host/otis_tools/contracts.py,1129,uncertainty,measurement_uncertainty_semantics,"if row.get(""uncertainty_model_ref"", """").startswith(""unavailable:""):"
host/otis_tools/contracts.py,1131,uncertainty,measurement_uncertainty_semantics,"f""row {row_number}: available uncertainty requires an """
host/otis_tools/contracts.py,1132,uncertainty,measurement_uncertainty_semantics,"""evidence-backed uncertainty model reference"""
host/otis_tools/contracts.py,1145,uncertainty,measurement_uncertainty_semantics,"f""row {row_number}: single-component uncertainty must """
host/otis_tools/contracts.py,1159,uncertainty,measurement_uncertainty_semantics,"f""row {row_number}: independent uncertainty must be the """
host/otis_tools/contracts.py,1164,uncertainty,measurement_uncertainty_semantics,"f""row {row_number}: available uncertainty requires an """
host/otis_tools/contracts.py,1169,uncertainty,measurement_uncertainty_semantics,"f""row {row_number}: incomplete or unavailable uncertainty must """
host/otis_tools/contracts.py,1176,uncertainty,measurement_uncertainty_semantics,"f""row {row_number}: incomplete or unavailable uncertainty must """
host/otis_tools/contracts.py,1177,uncertainty,measurement_uncertainty_semantics,"""not claim coverage or expanded uncertainty"""
host/otis_tools/contracts.py,1191,uncertainty,measurement_uncertainty_semantics,"f""row {row_number}: expanded uncertainty must equal combined """
host/otis_tools/contracts.py,1192,uncertainty,measurement_uncertainty_semantics,"""uncertainty multiplied by coverage_factor"""
host/otis_tools/cx317_final_readiness.py,40,uncertainty,measurement_uncertainty_semantics,"""Measurement uncertainty and safety margin"","
host/otis_tools/cx317_final_readiness.py,234,uncertainty,measurement_uncertainty_semantics,"""fresh connected Vc measurements at exact predeclared low, centre and high codes with documented calibration/uncertainty"","
host/otis_tools/cx317_final_readiness.py,251,uncertainty,measurement_uncertainty_semantics,"""measure settling t95 and quantify noise/uncertainty on the same """
host/otis_tools/cx317_final_readiness.py,257,uncertainty,measurement_uncertainty_semantics,"""actuation review until combined uncertainty, settling, connected Vc, D8 """
host/otis_tools/cx317_final_readiness.py,278,uncertainty,measurement_uncertainty_semantics,"""cryptographic identity only; physical measurement uncertainty remains in the underlying reports"","
host/otis_tools/cx317_final_readiness.py,326,uncertainty,measurement_uncertainty_semantics,"""unknown uncertainty cannot be converted into margin; no probabilistic coverage claim"","
host/otis_tools/cx317_final_readiness.py,482,uncertainty,measurement_uncertainty_semantics,"""blocker"": ""calibrated combined frequency uncertainty"","
host/otis_tools/cx317_final_readiness.py,484,uncertainty,measurement_uncertainty_semantics,"""evidence"": ""; "".join(baseline.get(""uncertainty_reason_codes"", [])),"
host/otis_tools/cx317_final_readiness.py,485,uncertainty,measurement_uncertainty_semantics,"""consequence"": ""no calibrated accuracy or uncertainty-qualified correction claim"","
host/otis_tools/cx317_final_readiness.py,494,uncertainty,measurement_uncertainty_semantics,"""blocker"": ""fresh connected low/centre/high Vc characterization and calibrated voltage uncertainty"","
host/otis_tools/cx317_final_readiness.py,563,uncertainty,measurement_uncertainty_semantics,"""combined_uncertainty"","
host/otis_tools/cx317_final_readiness.py,614,uncertainty,measurement_uncertainty_semantics,"lines.append(""All mandatory observe-only gates pass, but calibrated combined uncertainty, measured t95, fresh connected voltage characterization, physical D8 waveform qualification and GNSS quality qualification remain unavailable or untested. The evidence supports further observe-only work only."")"
host/otis_tools/cx317_final_readiness.py,645,standard_deviation,sample_dispersion_or_repeatability,"f""- fixed-code 600 s population standard deviation `{fixed['population_stddev_hz']:.12g} Hz`; range `{fixed['range_hz']:.12g} Hz`; empirical detection floor `{parameters['empirical_detection_floor_hz']:.12g} Hz`"","
host/otis_tools/cx317_final_readiness.py,673,uncertainty,measurement_uncertainty_semantics,"""No calibrated absolute accuracy, isolated firmware jitter, physical phase/duty qualification, connected-Vc calibration, complete uncertainty budget or actuation authority is claimed."","
host/otis_tools/cx317_final_readiness.py,679,uncertainty,measurement_uncertainty_semantics,"f""1. Static metrology begins and remains at the independently verified fail-static state `{experiment['phase_1_static_metrology']['starting_code_hex']}` / `{experiment['phase_1_static_metrology']['starting_code']}`. Obtain fresh connected-Vc uncertainty, D8 waveform/phase-margin evidence and GPS-UART quality evidence. The exact measurement points and instrument procedures must be predeclared in a separate runbook."","
host/otis_tools/cx317_final_readiness.py,681,uncertainty,measurement_uncertainty_semantics,"""3. The subcampaign may not calculate any DAC command from PPS/count/estimate/error/controller state, and it grants no automatic actuation. Its objective is to measure t95 and close the uncertainty/model-applicability gaps on the same topology, backend and selected estimator."","
host/otis_tools/cx317_i_only_preview_replay.py,436,uncertainty,measurement_uncertainty_semantics,"(""Parameter and units"", ""Acceptance/rejection threshold"", ""Disposition"", ""Source document and location"", ""Source conditions and applicability"", ""Calculation or conversion"", ""Measurement uncertainty and safety margin"", ""Measured result"", ""Status"", ""Consequences of failure""),"
host/otis_tools/cx317_i_only_preview_replay.py,444,uncertainty,measurement_uncertainty_semantics,"""- Calibrated absolute accuracy, reference/aperture uncertainty, connected Vc calibration and physical t95 remain unavailable."","
host/otis_tools/cx317_pps_plant_characterize.py,7,uncertainty,measurement_uncertainty_semantics,calibrated uncertainty.
host/otis_tools/cx317_pps_plant_characterize.py,201,uncertainty,measurement_uncertainty_semantics,"""measurement_uncertainty_and_safety_margin"","
host/otis_tools/cx317_pps_plant_characterize.py,275,uncertainty,measurement_uncertainty_semantics,"""The crossing, gain, repeatability, hysteresis and settling results are finite-run characterization. They are not calibrated uncertainty, a CX317 specification or actuation authority."","
host/otis_tools/cx317_pps_plant_characterize.py,351,uncertainty,measurement_uncertainty_semantics,"""Measurement uncertainty and safety margin"","
host/otis_tools/cx317_pps_plant_characterize.py,373,uncertainty,measurement_uncertainty_semantics,"""Measurement uncertainty and safety margin"","
host/otis_tools/cx317_pps_plant_characterize.py,714,uncertainty,measurement_uncertainty_semantics,"""authority"": ""finite-run drift-cancelled characterization; not calibrated uncertainty"","
host/otis_tools/cx317_pps_plant_characterize.py,793,uncertainty,measurement_uncertainty_semantics,"""uncertainty_status"": ""unavailable"","
host/otis_tools/cx317_pps_plant_characterize.py,794,uncertainty,measurement_uncertainty_semantics,"""uncertainty_scope"": ""between-visit finite-run range only; excludes calibrated electrical, reference, aperture and model uncertainty"","
host/otis_tools/cx317_pps_plant_characterize.py,870,uncertainty,measurement_uncertainty_semantics,"""sensor_uncertainty_status"": ""unavailable"","
host/otis_tools/cx317_pps_plant_characterize.py,882,uncertainty,measurement_uncertainty_semantics,"uncertainty: str,"
host/otis_tools/cx317_pps_plant_characterize.py,894,uncertainty,measurement_uncertainty_semantics,"""measurement_uncertainty_and_safety_margin"": uncertainty,"
host/otis_tools/cx317_pps_plant_characterize.py,1125,uncertainty,measurement_uncertainty_semantics,"""authority"": ""conservative finite-run replay envelope; not calibrated uncertainty or actuation authority"","
host/otis_tools/cx317_pps_plant_characterize.py,1147,uncertainty,measurement_uncertainty_semantics,"""digital source/result check; no measurement uncertainty"","
host/otis_tools/cx317_pps_plant_characterize.py,1159,uncertainty,measurement_uncertainty_semantics,"""UTC event stamps are one-second resolution; acknowledged-code spacing uses the RP2040 timer; combined clock uncertainty unavailable"","
host/otis_tools/cx317_pps_plant_characterize.py,1171,uncertainty,measurement_uncertainty_semantics,"""digital identity check; analogue voltage uncertainty remains unavailable"","
host/otis_tools/cx317_pps_plant_characterize.py,1195,uncertainty,measurement_uncertainty_semantics,"""digital continuity and health screen; reference, aperture and calibrated-frequency uncertainty remain unavailable"","
host/otis_tools/cx317_pps_plant_characterize.py,1207,uncertainty,measurement_uncertainty_semantics,"""applied-code digital acknowledgement exact; connected Vc calibrated uncertainty unavailable"","
host/otis_tools/cx317_pps_plant_characterize.py,1219,uncertainty,measurement_uncertainty_semantics,"""accepted calibrated Vc uncertainty unavailable; manufacturer/topology maximum bound supplies the safety margin"","
host/otis_tools/cx317_pps_plant_characterize.py,1231,uncertainty,measurement_uncertainty_semantics,"""count, aperture, reference and calibration uncertainty unavailable"","
host/otis_tools/cx317_pps_plant_characterize.py,1243,uncertainty,measurement_uncertainty_semantics,"""finite-run count quantization only; calibrated/reference/combined uncertainty unavailable"","
host/otis_tools/cx317_pps_plant_characterize.py,1255,uncertainty,measurement_uncertainty_semantics,"""combined uncertainty unavailable; margin is empirical_floor minus observed maximum range"","
host/otis_tools/cx317_pps_plant_characterize.py,1267,uncertainty,measurement_uncertainty_semantics,"""finite-run observed range only; calibrated/model uncertainty unavailable"","
host/otis_tools/cx317_pps_plant_characterize.py,1279,uncertainty,measurement_uncertainty_semantics,"""between-visit range reported; calibrated electrical/reference/model uncertainty unavailable"","
host/otis_tools/cx317_pps_plant_characterize.py,1291,uncertainty,measurement_uncertainty_semantics,"""combined calibrated uncertainty unavailable; this is an explicit source-hierarchy-4 calculation from sealed/direct evidence"","
host/otis_tools/cx317_pps_plant_characterize.py,1303,uncertainty,measurement_uncertainty_semantics,"""population bound and combined uncertainty unavailable"","
host/otis_tools/cx317_pps_plant_characterize.py,1306,uncertainty,measurement_uncertainty_semantics,"""If unavailable, plant uncertainty is incomplete and Stage 5 fails closed."","
host/otis_tools/cx317_pps_plant_characterize.py,1309,uncertainty,measurement_uncertainty_semantics,"""combined plant/estimator measurement uncertainty, Hz or codes"","
host/otis_tools/cx317_pps_plant_characterize.py,1313,uncertainty,measurement_uncertainty_semantics,"""No traceable aperture, reference, calibration or combined uncertainty has been established."","
host/otis_tools/cx317_pps_plant_characterize.py,1327,uncertainty,measurement_uncertainty_semantics,"""sensor, spatial and case-to-air uncertainty unavailable; no extra safety margin is invented"","
host/otis_tools/cx317_pps_plant_characterize.py,1339,uncertainty,measurement_uncertainty_semantics,"""digital invariant; no measurement uncertainty"","
host/otis_tools/cx317_pps_plant_characterize.py,1405,uncertainty,measurement_uncertainty_semantics,"""uncertainty_status"": ""unavailable"","
host/otis_tools/cx317_pps_plant_characterize.py,1415,uncertainty,measurement_uncertainty_semantics,"""uncertainty_status"": ""unavailable; observed finite-run range only"","
host/otis_tools/cx317_pps_plant_characterize.py,1435,uncertainty,measurement_uncertainty_semantics,"""No calibrated absolute frequency, voltage, reference, aperture or combined uncertainty is claimed."","
host/otis_tools/cx317_stage5_safety_gate.py,44,uncertainty,measurement_uncertainty_semantics,"uncertainty_key: str,"
host/otis_tools/cx317_stage5_safety_gate.py,53,uncertainty,measurement_uncertainty_semantics,uncertainty = _finite(item.get(uncertainty_key))
host/otis_tools/cx317_stage5_safety_gate.py,62,uncertainty,measurement_uncertainty_semantics,(uncertainty is None or uncertainty < 0) and not direct_bench_screen
host/otis_tools/cx317_stage5_safety_gate.py,67,uncertainty,measurement_uncertainty_semantics,"f""value ± uncertainty wholly within {minimum}..{maximum} {units}"","
host/otis_tools/cx317_stage5_safety_gate.py,69,uncertainty,measurement_uncertainty_semantics,"""value, nonnegative uncertainty, or instrument unavailable"","
host/otis_tools/cx317_stage5_safety_gate.py,72,uncertainty,measurement_uncertainty_semantics,float(uncertainty)
host/otis_tools/cx317_stage5_safety_gate.py,73,uncertainty,measurement_uncertainty_semantics,if uncertainty is not None and uncertainty >= 0
host/otis_tools/cx317_stage5_safety_gate.py,80,uncertainty,measurement_uncertainty_semantics,"f""accepted uncertainty {interval_allowance} {units}"""
host/otis_tools/cx317_stage5_safety_gate.py,81,uncertainty,measurement_uncertainty_semantics,if uncertainty is not None
host/otis_tools/cx317_stage5_safety_gate.py,82,uncertainty,measurement_uncertainty_semantics,"else f""conditional expired-calibration scale check {interval_allowance} {units}; accepted uncertainty unavailable; direct bench/operator screen explicitly confirmed"""
host/otis_tools/cx317_stage5_safety_gate.py,97,uncertainty,measurement_uncertainty_semantics,"uncertainty = _finite(item.get(""uncertainty_v""))"
host/otis_tools/cx317_stage5_safety_gate.py,100,uncertainty,measurement_uncertainty_semantics,if uncertainty is not None and uncertainty >= 0:
host/otis_tools/cx317_stage5_safety_gate.py,101,uncertainty,measurement_uncertainty_semantics,"return value - uncertainty, value + uncertainty, ""accepted uncertainty"""
host/otis_tools/cx317_stage5_safety_gate.py,111,uncertainty,measurement_uncertainty_semantics,"""conditional expired-calibration scale check; accepted uncertainty unavailable; direct bench/operator screen explicitly confirmed"","
host/otis_tools/cx317_stage5_safety_gate.py,161,uncertainty,measurement_uncertainty_semantics,"uncertainty_key=""uncertainty_v"","
host/otis_tools/cx317_stage5_safety_gate.py,171,uncertainty,measurement_uncertainty_semantics,"uncertainty_key=""uncertainty_v"","
host/otis_tools/cx317_stage5_safety_gate.py,181,uncertainty,measurement_uncertainty_semantics,"uncertainty_key=""uncertainty_v"","
host/otis_tools/cx317_stage5_safety_gate.py,222,uncertainty,measurement_uncertainty_semantics,"uncertainty_key=""uncertainty_v"","
host/otis_tools/cx317_stage5_safety_gate.py,256,uncertainty,measurement_uncertainty_semantics,"peak_u = _finite(power.get(""current_uncertainty_a""))"
host/otis_tools/cx317_stage5_safety_gate.py,259,uncertainty,measurement_uncertainty_semantics,"upstream_u = _finite(power.get(""upstream_uncertainty_a""))"
host/otis_tools/cx317_stage5_safety_gate.py,282,uncertainty,measurement_uncertainty_semantics,"f""reported_peak<{peak_upper} A at approximately {power.get('cold_start_room_temperature_c')} C; nominal_margin>{float(limit) - peak_upper} A; method={power.get('peak_capture_method')!r}; display_update_rate_hz={power.get('display_update_rate_hz')!r}; sub_250ms_peak_excluded={power.get('sub_250ms_peak_excluded')!r}; accepted uncertainty unavailable"","
host/otis_tools/cx317_stage5_safety_gate.py,290,uncertainty,measurement_uncertainty_semantics,"""peak+uncertainty <= 2.0 A and upstream-uncertainty >= peak+uncertainty"","
host/otis_tools/cx317_stage5_safety_gate.py,292,uncertainty,measurement_uncertainty_semantics,"""current, uncertainty, upstream capability, or instrument unavailable"","
host/otis_tools/cx317_stage5_safety_gate.py,307,uncertainty,measurement_uncertainty_semantics,"""installed-board limit exactly 2.0 A; peak+uncertainty <= 2.0 A; upstream-uncertainty >= peak+uncertainty"","
host/otis_tools/cx317_stage5_safety_gate.py,352,uncertainty,measurement_uncertainty_semantics,"""bench screen; accepted calibrated uncertainty remains unavailable"""
host/otis_tools/cx317_stage6_live_analyze.py,451,uncertainty,measurement_uncertainty_semantics,"and row[""uncertainty_status""] == ""unavailable"""
host/otis_tools/cx317_stage6_live_analyze.py,452,uncertainty,measurement_uncertainty_semantics,"and row[""combined_standard_uncertainty_hz""] == """""
host/otis_tools/cx317_stage6_live_analyze.py,453,uncertainty,measurement_uncertainty_semantics,"and row[""expanded_uncertainty_hz""] == """""
host/otis_tools/cx317_stage6_live_analyze.py,737,uncertainty,measurement_uncertainty_semantics,"""cryptographic SHA-256 identity; physical flash/readback uncertainty unavailable and live config/backend telemetry is checked separately"","
host/otis_tools/cx317_stage6_live_analyze.py,754,uncertainty,measurement_uncertainty_semantics,"""exact digital string comparison; flash readback and physical execution uncertainty unavailable"","
host/otis_tools/cx317_stage6_live_analyze.py,766,uncertainty,measurement_uncertainty_semantics,"""exact digital count/order; host scheduling latency and physical flash readback uncertainty unavailable"","
host/otis_tools/cx317_stage6_live_analyze.py,778,uncertainty,measurement_uncertainty_semantics,"""host UTC resolution and scheduling uncertainty unavailable; planned 22200 s capture provides a 600 s completion margin before the 18 s command offset"","
host/otis_tools/cx317_stage6_live_analyze.py,790,uncertainty,measurement_uncertainty_semantics,"""serialization propagation bound only; physical reference/aperture/calibration uncertainty remains unavailable"","
host/otis_tools/cx317_stage6_live_analyze.py,808,uncertainty,measurement_uncertainty_semantics,"""actual request scheduling/cadence uncertainty unavailable; count and command identity are exact digital evidence"","
host/otis_tools/cx317_stage6_live_analyze.py,820,uncertainty,measurement_uncertainty_semantics,"""digital execution evidence; physical combined uncertainty unavailable"","
host/otis_tools/cx317_stage6_live_analyze.py,832,uncertainty,measurement_uncertainty_semantics,"""sensor/spatial/internal-temperature and combined uncertainty unavailable; no margin added"","
host/otis_tools/cx317_stage6_live_analyze.py,865,uncertainty,measurement_uncertainty_semantics,"""Calculation or conversion"", ""Measurement uncertainty and safety margin"","
host/otis_tools/cx317_stage6_live_analyze.py,876,uncertainty,measurement_uncertainty_semantics,"""- Physical phase/duty margin, calibrated absolute accuracy, isolated firmware jitter, connected Vc calibration, t95 and combined uncertainty remain unavailable or untested."","
host/otis_tools/cx317_stage6_live_analyze.py,1284,uncertainty,measurement_uncertainty_semantics,"""combined_uncertainty"","
host/otis_tools/diagnostics.py,81,confidence,confidence_semantics,"confidence: str = ""1"","
host/otis_tools/diagnostics.py,134,confidence,confidence_semantics,"""diagnostic_confidence"": confidence,"
host/otis_tools/h1_characterize.py,2376,standard_deviation,sample_dispersion_or_repeatability,"f""- local_vs_legacy_difference_hz: median={_format(_median(differences))}, stddev={_format(_stddev(differences))}, span={_format(max(differences) - min(differences) if differences else None)}"","
host/otis_tools/phase4_replay.py,54,uncertainty,measurement_uncertainty_semantics,"from .uncertainty import UNCERTAINTY_MODEL_REF, evaluate_uncertainty"
host/otis_tools/phase4_replay.py,753,confidence,confidence_semantics,"confidence: str,"
host/otis_tools/phase4_replay.py,787,confidence,confidence_semantics,"if clean_windows < config.clean_window_requirement or confidence != ""high"":"
host/otis_tools/phase4_replay.py,1127,uncertainty,measurement_uncertainty_semantics,"""reference_standard_uncertainty_s"": _format_number("
host/otis_tools/phase4_replay.py,1128,uncertainty,measurement_uncertainty_semantics,receiver_metadata.reference_standard_uncertainty_s
host/otis_tools/phase4_replay.py,1198,confidence,confidence_semantics,"confidence = ""unavailable"""
host/otis_tools/phase4_replay.py,1200,confidence,confidence_semantics,"confidence = ""low"""
host/otis_tools/phase4_replay.py,1202,confidence,confidence_semantics,"confidence = ""medium"""
host/otis_tools/phase4_replay.py,1204,confidence,confidence_semantics,"confidence = ""high"""
host/otis_tools/phase4_replay.py,1224,confidence,confidence_semantics,"confidence,"
host/otis_tools/phase4_replay.py,1235,confidence,confidence_semantics,"and confidence == ""high"""
host/otis_tools/phase4_replay.py,1263,uncertainty,measurement_uncertainty_semantics,uncertainty = evaluate_uncertainty(
host/otis_tools/phase4_replay.py,1301,confidence,confidence_semantics,"""estimator_confidence"": confidence,"
host/otis_tools/phase4_replay.py,1305,uncertainty,measurement_uncertainty_semantics,"""uncertainty_status"": uncertainty.status,"
host/otis_tools/phase4_replay.py,1306,uncertainty,measurement_uncertainty_semantics,"""uncertainty_reason_codes"": "";"".join("
host/otis_tools/phase4_replay.py,1307,uncertainty,measurement_uncertainty_semantics,uncertainty.reason_codes
host/otis_tools/phase4_replay.py,1309,uncertainty,measurement_uncertainty_semantics,"""count_quantization_standard_uncertainty_hz"": """","
host/otis_tools/phase4_replay.py,1310,uncertainty,measurement_uncertainty_semantics,"""counter_aperture_standard_uncertainty_hz"": """","
host/otis_tools/phase4_replay.py,1311,uncertainty,measurement_uncertainty_semantics,"""reference_standard_uncertainty_hz"": """","
host/otis_tools/phase4_replay.py,1312,uncertainty,measurement_uncertainty_semantics,"""calibration_standard_uncertainty_hz"": """","
host/otis_tools/phase4_replay.py,1313,uncertainty,measurement_uncertainty_semantics,"""model_standard_uncertainty_hz"": """","
host/otis_tools/phase4_replay.py,1314,uncertainty,measurement_uncertainty_semantics,"""combined_standard_uncertainty_hz"": """","
host/otis_tools/phase4_replay.py,1316,uncertainty,measurement_uncertainty_semantics,"""expanded_uncertainty_hz"": """","
host/otis_tools/phase4_replay.py,1317,uncertainty,measurement_uncertainty_semantics,"""correlation_policy"": uncertainty.correlation_policy,"
host/otis_tools/phase4_replay.py,1318,uncertainty,measurement_uncertainty_semantics,"""uncertainty_model_ref"": uncertainty.model_ref,"
host/otis_tools/phase4_replay.py,1516,uncertainty,measurement_uncertainty_semantics,"""uncertainty"": {"
host/otis_tools/phase4_replay.py,1517,uncertainty,measurement_uncertainty_semantics,"""model_ref"": UNCERTAINTY_MODEL_REF,"
host/otis_tools/phase4_replay.py,1519,uncertainty,measurement_uncertainty_semantics,"row[""uncertainty_status""] == ""available"""
host/otis_tools/phase4_replay.py,1523,uncertainty,measurement_uncertainty_semantics,"row[""uncertainty_status""] == ""incomplete"""
host/otis_tools/phase4_replay.py,1527,uncertainty,measurement_uncertainty_semantics,"row[""uncertainty_status""] == ""unavailable"""
host/otis_tools/plant_model.py,470,uncertainty,measurement_uncertainty_semantics,"uncertainty = slope[""uncertainty""]"
host/otis_tools/plant_model.py,471,uncertainty,measurement_uncertainty_semantics,"minimum = uncertainty[""hz_per_v_min""]"
host/otis_tools/plant_model.py,472,uncertainty,measurement_uncertainty_semantics,"maximum = uncertainty[""hz_per_v_max""]"
host/otis_tools/plant_model.py,475,uncertainty,measurement_uncertainty_semantics,"""plant_response.local_slope.uncertainty.hz_per_v_min must be <= """
host/otis_tools/plant_model.py,491,uncertainty,measurement_uncertainty_semantics,if uncertainty.get(key) is None:
host/otis_tools/plant_model.py,494,uncertainty,measurement_uncertainty_semantics,"f""plant_response.local_slope.uncertainty.{key}"""
host/otis_tools/plant_model.py,658,uncertainty,measurement_uncertainty_semantics,"uncertainty = data[""plant_response""][""local_slope""][""uncertainty""]"
host/otis_tools/plant_model.py,666,uncertainty,measurement_uncertainty_semantics,if field in uncertainty and not historical_allowed:
host/otis_tools/plant_model.py,668,uncertainty,measurement_uncertainty_semantics,"""plant_response.local_slope.uncertainty."""
host/otis_tools/pps_backend_qualification.py,346,uncertainty,measurement_uncertainty_semantics,"uncertainty: dict[str, float | None]"
host/otis_tools/pps_backend_qualification.py,478,uncertainty,measurement_uncertainty_semantics,"""uncertainty"","
host/otis_tools/pps_backend_qualification.py,492,uncertainty,measurement_uncertainty_semantics,"uncertainty = metadata[""uncertainty""]"
host/otis_tools/pps_backend_qualification.py,493,uncertainty,measurement_uncertainty_semantics,"if not isinstance(uncertainty, dict):"
host/otis_tools/pps_backend_qualification.py,494,uncertainty,measurement_uncertainty_semantics,"raise ValueError(f""{manifest.run_id}: uncertainty must be an object"")"
host/otis_tools/pps_backend_qualification.py,495,uncertainty,measurement_uncertainty_semantics,allowed_uncertainty = {
host/otis_tools/pps_backend_qualification.py,496,uncertainty,measurement_uncertainty_semantics,"""count_quantization_standard_uncertainty_hz"","
host/otis_tools/pps_backend_qualification.py,501,uncertainty,measurement_uncertainty_semantics,if set(uncertainty) - allowed_uncertainty:
host/otis_tools/pps_backend_qualification.py,503,uncertainty,measurement_uncertainty_semantics,"f""{manifest.run_id}: unsupported uncertainty fields """
host/otis_tools/pps_backend_qualification.py,504,uncertainty,measurement_uncertainty_semantics,"f""{sorted(set(uncertainty) - allowed_uncertainty)}"""
host/otis_tools/pps_backend_qualification.py,506,uncertainty,measurement_uncertainty_semantics,"parsed_uncertainty: dict[str, float | None] = {}"
host/otis_tools/pps_backend_qualification.py,507,uncertainty,measurement_uncertainty_semantics,for key in sorted(allowed_uncertainty):
host/otis_tools/pps_backend_qualification.py,508,uncertainty,measurement_uncertainty_semantics,raw = uncertainty.get(key)
host/otis_tools/pps_backend_qualification.py,510,uncertainty,measurement_uncertainty_semantics,parsed_uncertainty[key] = None
host/otis_tools/pps_backend_qualification.py,517,uncertainty,measurement_uncertainty_semantics,parsed_uncertainty[key] = float(raw)
host/otis_tools/pps_backend_qualification.py,520,uncertainty,measurement_uncertainty_semantics,"f""{manifest.run_id}: uncertainty {key} must be positive or null"""
host/otis_tools/pps_backend_qualification.py,644,uncertainty,measurement_uncertainty_semantics,"uncertainty=parsed_uncertainty,"
host/otis_tools/pps_backend_qualification.py,1489,uncertainty,measurement_uncertainty_semantics,def _uncertainty(
host/otis_tools/pps_backend_qualification.py,1496,uncertainty,measurement_uncertainty_semantics,"""count_quantization_standard_uncertainty_hz"": ("
host/otis_tools/pps_backend_qualification.py,1497,uncertainty,measurement_uncertainty_semantics,candidate_typing.uncertainty[
host/otis_tools/pps_backend_qualification.py,1498,uncertainty,measurement_uncertainty_semantics,"""count_quantization_standard_uncertainty_hz"""
host/otis_tools/pps_backend_qualification.py,1505,uncertainty,measurement_uncertainty_semantics,"aperture_s = candidate_typing.uncertainty[""counter_aperture_s_1sigma""]"
host/otis_tools/pps_backend_qualification.py,1510,uncertainty,measurement_uncertainty_semantics,reference_fractional = candidate_typing.uncertainty[
host/otis_tools/pps_backend_qualification.py,1519,uncertainty,measurement_uncertainty_semantics,independent_typing.uncertainty[
host/otis_tools/pps_backend_qualification.py,1534,uncertainty,measurement_uncertainty_semantics,"""combined_standard_uncertainty_hz"": combined,"
host/otis_tools/pps_backend_qualification.py,1536,uncertainty,measurement_uncertainty_semantics,"""expanded_uncertainty_hz"": 2.0 * combined"
host/otis_tools/pps_backend_qualification.py,1783,uncertainty,measurement_uncertainty_semantics,uncertainty = _uncertainty(
host/otis_tools/pps_backend_qualification.py,1935,uncertainty,measurement_uncertainty_semantics,"""uncertainty_complete"": not uncertainty[""unavailable_components""],"
host/otis_tools/pps_backend_qualification.py,1944,uncertainty,measurement_uncertainty_semantics,"""uncertainty_complete"": checks[""uncertainty_complete""],"
host/otis_tools/pps_backend_qualification.py,1950,uncertainty,measurement_uncertainty_semantics,"""uncertainty_complete"","
host/otis_tools/pps_backend_qualification.py,1984,uncertainty,measurement_uncertainty_semantics,"if uncertainty[""unavailable_components""]:"
host/otis_tools/pps_backend_qualification.py,1985,uncertainty,measurement_uncertainty_semantics,"limitations.append(""uncertainty_components_unavailable"")"
host/otis_tools/pps_backend_qualification.py,2219,uncertainty,measurement_uncertainty_semantics,"""uncertainty"": uncertainty,"
host/otis_tools/pps_cumulative_span_estimator.py,111,uncertainty,measurement_uncertainty_semantics,uncertainty_policy: str
host/otis_tools/pps_cumulative_span_estimator.py,130,uncertainty,measurement_uncertainty_semantics,"""uncertainty_policy"","
host/otis_tools/pps_cumulative_span_estimator.py,166,uncertainty,measurement_uncertainty_semantics,"if value[""uncertainty_policy""] != ""unknown_components_unavailable"":"
host/otis_tools/pps_cumulative_span_estimator.py,167,uncertainty,measurement_uncertainty_semantics,"raise ValueError(""v1 uncertainty policy must fail unavailable"")"
host/otis_tools/pps_cumulative_span_estimator.py,185,uncertainty,measurement_uncertainty_semantics,"uncertainty_policy=""unknown_components_unavailable"","
host/otis_tools/pps_cumulative_span_estimator.py,234,uncertainty,measurement_uncertainty_semantics,uncertainty_status: str
host/otis_tools/pps_cumulative_span_estimator.py,235,uncertainty,measurement_uncertainty_semantics,"uncertainty_reason_codes: tuple[str, ...]"
host/otis_tools/pps_cumulative_span_estimator.py,340,uncertainty,measurement_uncertainty_semantics,"uncertainty_status=""unavailable"","
host/otis_tools/pps_cumulative_span_estimator.py,341,uncertainty,measurement_uncertainty_semantics,uncertainty_reason_codes=(
host/otis_tools/pps_cumulative_span_estimator.py,342,uncertainty,measurement_uncertainty_semantics,"""counter_aperture_uncertainty_unavailable"","
host/otis_tools/pps_cumulative_span_estimator.py,343,uncertainty,measurement_uncertainty_semantics,"""reference_uncertainty_unavailable"","
host/otis_tools/pps_cumulative_span_estimator.py,344,uncertainty,measurement_uncertainty_semantics,"""calibration_uncertainty_unavailable"","
host/otis_tools/pps_cumulative_span_estimator.py,754,uncertainty,measurement_uncertainty_semantics,"""uncertainty_status"": ""unavailable"","
host/otis_tools/pps_cumulative_span_estimator.py,755,uncertainty,measurement_uncertainty_semantics,"""uncertainty_reason_codes"": ["
host/otis_tools/pps_cumulative_span_estimator.py,756,uncertainty,measurement_uncertainty_semantics,"""counter_aperture_uncertainty_unavailable"","
host/otis_tools/pps_cumulative_span_estimator.py,757,uncertainty,measurement_uncertainty_semantics,"""reference_uncertainty_unavailable"","
host/otis_tools/pps_cumulative_span_estimator.py,758,uncertainty,measurement_uncertainty_semantics,"""calibration_uncertainty_unavailable"","
host/otis_tools/pps_estimator_selection.py,80,uncertainty,measurement_uncertainty_semantics,"uncertainty = slope[""uncertainty""]"
host/otis_tools/pps_estimator_selection.py,83,uncertainty,measurement_uncertainty_semantics,"minimum = uncertainty[""hz_per_v_min""] * voltage_per_code"
host/otis_tools/pps_estimator_selection.py,84,uncertainty,measurement_uncertainty_semantics,"maximum = uncertainty[""hz_per_v_max""] * voltage_per_code"
host/otis_tools/pps_estimator_selection.py,254,uncertainty,measurement_uncertainty_semantics,"""uncertainty_status"": ""unavailable; resolution is not calibrated uncertainty"","
host/otis_tools/pps_estimator_selection.py,264,uncertainty,measurement_uncertainty_semantics,"""empirical_detection_floor_rule"": ""full observed non-overlapping baseline range plus one representable count increment; explicitly conservative finite-run engineering assumption, not statistical or calibrated uncertainty"","
host/otis_tools/pps_estimator_selection.py,268,uncertainty,measurement_uncertainty_semantics,"""source"": ""direct Stage 3 assembled-rig fixed-code observations plus documented arithmetic; adding one increment is an explicitly labelled conservative engineering assumption because calibrated combined uncertainty is unavailable"","
host/otis_tools/pps_fixed_code_baseline.py,6,uncertainty,measurement_uncertainty_semantics,span or turning characterization statistics into uncertainty claims.
host/otis_tools/pps_fixed_code_baseline.py,47,uncertainty,measurement_uncertainty_semantics,"""authority"": ""characterization only; not calibrated uncertainty or isolated firmware jitter"","
host/otis_tools/pps_fixed_code_baseline.py,55,uncertainty,measurement_uncertainty_semantics,"""authority"": ""characterization only; the conversion does not establish normality, independence, calibrated uncertainty, or a control threshold"","
host/otis_tools/pps_fixed_code_baseline.py,63,uncertainty,measurement_uncertainty_semantics,"""authority"": ""stability characterization only; reference and aperture uncertainty remain unavailable"","
host/otis_tools/pps_fixed_code_baseline.py,638,uncertainty,measurement_uncertainty_semantics,"""sensor_uncertainty_status"": ""unavailable"","
host/otis_tools/pps_fixed_code_baseline.py,735,uncertainty,measurement_uncertainty_semantics,"""sensor_uncertainty_status"": ""unavailable"","
host/otis_tools/pps_fixed_code_baseline.py,832,uncertainty,measurement_uncertainty_semantics,"""uncertainty_status"": ""unavailable"","
host/otis_tools/pps_fixed_code_baseline.py,833,uncertainty,measurement_uncertainty_semantics,"""uncertainty_reason_codes"": ["
host/otis_tools/pps_fixed_code_baseline.py,834,uncertainty,measurement_uncertainty_semantics,"""counter_aperture_uncertainty_unavailable"","
host/otis_tools/pps_fixed_code_baseline.py,835,uncertainty,measurement_uncertainty_semantics,"""reference_uncertainty_unavailable"","
host/otis_tools/pps_fixed_code_baseline.py,836,uncertainty,measurement_uncertainty_semantics,"""calibration_uncertainty_unavailable"","
host/otis_tools/reference_quality.py,71,uncertainty,measurement_uncertainty_semantics,reference_standard_uncertainty_s: float | None = None
host/otis_tools/reference_quality.py,164,uncertainty,measurement_uncertainty_semantics,reference_standard_uncertainty_s=optional_float(
host/otis_tools/reference_quality.py,165,uncertainty,measurement_uncertainty_semantics,"""reference_standard_uncertainty_s"""
host/otis_tools/report_run.py,200,standard_deviation,sample_dispersion_or_repeatability,"return {""count"": 0, ""min"": None, ""max"": None, ""mean"": None, ""stddev"": None}"
host/otis_tools/report_run.py,207,standard_deviation,sample_dispersion_or_repeatability,"""stddev"": _stddev(intervals),"
host/otis_tools/report_run.py,719,uncertainty,measurement_uncertainty_semantics,"""uncertainty remains unavailable unless separately established."""
host/otis_tools/report_run.py,767,standard_deviation,sample_dispersion_or_repeatability,"f""max={_fmt_number(stats['max'])}, mean={_fmt_number(stats['mean'])}, stddev={_fmt_number(stats['stddev'])}"""
host/otis_tools/report_run.py,781,standard_deviation,sample_dispersion_or_repeatability,"f""max={_fmt_number(stats['max_interval_seconds'])} s, stddev={_fmt_number(stats['stddev_interval_seconds'])} s, """
host/otis_tools/tolerance_provenance.py,40,uncertainty,measurement_uncertainty_semantics,"""measurement_uncertainty_and_safety_margin"","
host/otis_tools/tolerance_provenance.py,156,uncertainty,measurement_uncertainty_semantics,"""Measurement uncertainty and safety margin"","
host/otis_tools/uncertainty.py,10,uncertainty,measurement_uncertainty_semantics,"UNCERTAINTY_MODEL_VERSION = ""phase4_uncertainty_budget_v1"""
host/otis_tools/uncertainty.py,11,uncertainty,measurement_uncertainty_semantics,UNCERTAINTY_COMPONENT_FIELDS = (
host/otis_tools/uncertainty.py,12,uncertainty,measurement_uncertainty_semantics,"""count_quantization_standard_uncertainty_hz"","
host/otis_tools/uncertainty.py,13,uncertainty,measurement_uncertainty_semantics,"""counter_aperture_standard_uncertainty_hz"","
host/otis_tools/uncertainty.py,14,uncertainty,measurement_uncertainty_semantics,"""reference_standard_uncertainty_hz"","
host/otis_tools/uncertainty.py,15,uncertainty,measurement_uncertainty_semantics,"""calibration_standard_uncertainty_hz"","
host/otis_tools/uncertainty.py,16,uncertainty,measurement_uncertainty_semantics,"""model_standard_uncertainty_hz"","
host/otis_tools/uncertainty.py,18,uncertainty,measurement_uncertainty_semantics,UNCERTAINTY_COMPONENT_REASON_CODES = {
host/otis_tools/uncertainty.py,19,uncertainty,measurement_uncertainty_semantics,"""count_quantization_standard_uncertainty_hz"":"
host/otis_tools/uncertainty.py,21,uncertainty,measurement_uncertainty_semantics,"""counter_aperture_standard_uncertainty_hz"":"
host/otis_tools/uncertainty.py,23,uncertainty,measurement_uncertainty_semantics,"""reference_standard_uncertainty_hz"":"
host/otis_tools/uncertainty.py,24,uncertainty,measurement_uncertainty_semantics,"""reference_uncertainty_unavailable"","
host/otis_tools/uncertainty.py,25,uncertainty,measurement_uncertainty_semantics,"""calibration_standard_uncertainty_hz"":"
host/otis_tools/uncertainty.py,26,uncertainty,measurement_uncertainty_semantics,"""calibration_uncertainty_unavailable"","
host/otis_tools/uncertainty.py,27,uncertainty,measurement_uncertainty_semantics,"""model_standard_uncertainty_hz"": ""model_uncertainty_unavailable"","
host/otis_tools/uncertainty.py,41,uncertainty,measurement_uncertainty_semantics,"""version"": UNCERTAINTY_MODEL_VERSION,"
host/otis_tools/uncertainty.py,48,uncertainty,measurement_uncertainty_semantics,DEFAULT_REQUIRED_COMPONENTS = UNCERTAINTY_COMPONENT_FIELDS
host/otis_tools/uncertainty.py,49,uncertainty,measurement_uncertainty_semantics,UNCERTAINTY_MODEL_HASH = hashlib.sha256(
host/otis_tools/uncertainty.py,52,uncertainty,measurement_uncertainty_semantics,UNCERTAINTY_MODEL_REF = (
host/otis_tools/uncertainty.py,53,uncertainty,measurement_uncertainty_semantics,"f""{UNCERTAINTY_MODEL_VERSION}#sha256:{UNCERTAINTY_MODEL_HASH}"""
host/otis_tools/uncertainty.py,57,uncertainty,measurement_uncertainty_semantics,"def uncertainty_model_ref(required_components: tuple[str, ...]) -> str:"
host/otis_tools/uncertainty.py,61,uncertainty,measurement_uncertainty_semantics,"return f""{UNCERTAINTY_MODEL_VERSION}#sha256:{digest}"""
host/otis_tools/uncertainty.py,65,uncertainty,measurement_uncertainty_semantics,class UncertaintyResult:
host/otis_tools/uncertainty.py,69,uncertainty,measurement_uncertainty_semantics,combined_standard_uncertainty_hz: float | None
host/otis_tools/uncertainty.py,71,uncertainty,measurement_uncertainty_semantics,expanded_uncertainty_hz: float | None
host/otis_tools/uncertainty.py,76,uncertainty,measurement_uncertainty_semantics,def evaluate_uncertainty(
host/otis_tools/uncertainty.py,82,uncertainty,measurement_uncertainty_semantics,) -> UncertaintyResult:
host/otis_tools/uncertainty.py,83,uncertainty,measurement_uncertainty_semantics,unknown = sorted(set(components) - set(UNCERTAINTY_COMPONENT_FIELDS))
host/otis_tools/uncertainty.py,85,uncertainty,measurement_uncertainty_semantics,"raise ValueError(f""unknown uncertainty components: {', '.join(unknown)}"")"
host/otis_tools/uncertainty.py,87,uncertainty,measurement_uncertainty_semantics,field not in UNCERTAINTY_COMPONENT_FIELDS for field in required_components
host/otis_tools/uncertainty.py,91,uncertainty,measurement_uncertainty_semantics,field: components.get(field) for field in UNCERTAINTY_COMPONENT_FIELDS
host/otis_tools/uncertainty.py,93,uncertainty,measurement_uncertainty_semantics,model_ref = uncertainty_model_ref(required_components)
host/otis_tools/uncertainty.py,102,uncertainty,measurement_uncertainty_semantics,return UncertaintyResult(
host/otis_tools/uncertainty.py,116,uncertainty,measurement_uncertainty_semantics,return UncertaintyResult(
host/otis_tools/uncertainty.py,118,uncertainty,measurement_uncertainty_semantics,"tuple(UNCERTAINTY_COMPONENT_REASON_CODES[field] for field in missing),"
host/otis_tools/uncertainty.py,134,uncertainty,measurement_uncertainty_semantics,return UncertaintyResult(
host/otis_tools/uncertainty.py,136,uncertainty,measurement_uncertainty_semantics,"(""uncertainty_complete"",),"
profiles/discipline/cx317_pps_gated_i_only_preview_v1.json,71,uncertainty,measurement_uncertainty_semantics,"""measurement_uncertainty_and_safety_margin"": ""finite-run range only; calibrated and combined uncertainty unavailable"","
profiles/discipline/cx317_pps_gated_i_only_preview_v1.json,83,uncertainty,measurement_uncertainty_semantics,"""measurement_uncertainty_and_safety_margin"": ""reference/aperture/calibration/combined uncertainty unavailable"","
profiles/discipline/cx317_pps_gated_i_only_preview_v1.json,93,uncertainty,measurement_uncertainty_semantics,"""source_conditions_and_applicability"": ""observe-only finite-run uncertainty guard; not a frequency-performance requirement"","
profiles/discipline/cx317_pps_gated_i_only_preview_v1.json,95,uncertainty,measurement_uncertainty_semantics,"""measurement_uncertainty_and_safety_margin"": ""additive full observed components are conservative but have no statistical coverage claim"","
profiles/discipline/cx317_pps_gated_i_only_preview_v1.json,107,uncertainty,measurement_uncertainty_semantics,"""measurement_uncertainty_and_safety_margin"": ""gain is finite-run and connected-voltage uncertainty unavailable; no wider update is credited"","
profiles/discipline/cx317_pps_gated_i_only_preview_v1.json,119,uncertainty,measurement_uncertainty_semantics,"""measurement_uncertainty_and_safety_margin"": ""half-inverse maximum observed gain reduces the nominal one-decision inversion; combined uncertainty unavailable"","
profiles/discipline/cx317_pps_gated_i_only_preview_v1.json,131,uncertainty,measurement_uncertainty_semantics,"""measurement_uncertainty_and_safety_margin"": ""t95 unavailable; the 1800 s value is a model-use timing bound, not measured settling time"","
profiles/discipline/cx317_pps_gated_i_only_preview_v1.json,143,uncertainty,measurement_uncertainty_semantics,"""measurement_uncertainty_and_safety_margin"": ""connected Vc calibration unavailable; no extrapolation outside characterized code range"","
profiles/discipline/cx317_pps_gated_i_only_preview_v1.json,155,uncertainty,measurement_uncertainty_semantics,"""measurement_uncertainty_and_safety_margin"": ""t95 and thermal-equilibrium uncertainty unavailable"","
profiles/discipline/cx317_pps_gated_i_only_preview_v1.json,167,uncertainty,measurement_uncertainty_semantics,"""measurement_uncertainty_and_safety_margin"": ""sensor/spatial/internal-temperature uncertainty unavailable; no causal temperature coefficient claimed"","
profiles/discipline/cx317_pps_gated_i_only_preview_v1.json,179,uncertainty,measurement_uncertainty_semantics,"""measurement_uncertainty_and_safety_margin"": ""connected voltage calibrated uncertainty unavailable; manufacturer/topology safety bound retained"","
profiles/discipline/cx317_pps_gated_i_only_preview_v1.json,191,uncertainty,measurement_uncertainty_semantics,"""measurement_uncertainty_and_safety_margin"": ""digital invariant"","
profiles/discipline/cx317_pps_gated_i_only_preview_v1.json,197,uncertainty,measurement_uncertainty_semantics,"""parameter_and_units"": ""combined estimator/plant/calibration uncertainty, Hz/codes"","
profiles/discipline/cx317_pps_gated_i_only_preview_v1.json,201,uncertainty,measurement_uncertainty_semantics,"""source_conditions_and_applicability"": ""no traceable aperture, GPS reference, voltage calibration or combined model uncertainty"","
profiles/discipline/cx317_pps_gated_i_only_preview_v1.json,203,uncertainty,measurement_uncertainty_semantics,"""measurement_uncertainty_and_safety_margin"": ""unavailable"","
profiles/estimators/cx317_pps_gated_selected_v1.json,73,uncertainty,measurement_uncertainty_semantics,"""Counter-aperture, reference, calibration and combined uncertainty remain unavailable."","
profiles/estimators/pps_cumulative_snapshot_span_v1.json,14,uncertainty,measurement_uncertainty_semantics,"""uncertainty_policy"": ""unknown_components_unavailable"","
profiles/plant_models/cx317_h1_bench_v1.json,128,uncertainty,measurement_uncertainty_semantics,"""uncertainty"": {"
profiles/plant_models/cx317_h1_bench_v2.json,75,uncertainty,measurement_uncertainty_semantics,"""uncertainty"": {"
profiles/plant_models/cx317_h1_bench_v2.json,123,uncertainty,measurement_uncertainty_semantics,"""uncertainty_scope"": ""Conservative within-run statistical band only; excludes between-run environment and voltage-calibration uncertainty"","
profiles/plant_models/cx317_h1_bench_v2.json,202,uncertainty,measurement_uncertainty_semantics,"""Any automatic-control candidate outside 0xA800..0xAB00 or failing to contain the crossing uncertainty band 0xA840..0xAA00"","
profiles/plant_models/cx317_h1_bench_v2.json,220,uncertainty,measurement_uncertainty_semantics,"""plant_response.crossing_estimate.between_run_uncertainty"","
profiles/plant_models/cx317_h1_bench_v3.json,75,uncertainty,measurement_uncertainty_semantics,"""uncertainty"": {"
profiles/plant_models/cx317_h1_bench_v3.json,123,uncertainty,measurement_uncertainty_semantics,"""uncertainty_scope"": ""Conservative within-run statistical band only; excludes between-run environment and voltage-calibration uncertainty"","
profiles/plant_models/cx317_h1_bench_v3.json,162,uncertainty,measurement_uncertainty_semantics,"""Estimator semantic consistency does not qualify the physical PIO long-gate aperture, PPS capture latency, or traceable measurement uncertainty"","
profiles/plant_models/cx317_h1_bench_v3.json,217,uncertainty,measurement_uncertainty_semantics,"""Any automatic-control candidate outside 0xA800..0xAB00 or failing to contain the crossing uncertainty band 0xA840..0xAA00"","
profiles/plant_models/cx317_h1_bench_v3.json,236,uncertainty,measurement_uncertainty_semantics,"""plant_response.crossing_estimate.between_run_uncertainty"","
profiles/plant_models/cx317_pps_gated_v1.json,75,uncertainty,measurement_uncertainty_semantics,"""uncertainty"": {"
profiles/plant_models/cx317_pps_gated_v1.json,76,uncertainty,measurement_uncertainty_semantics,"""method"": ""Stage 5 six drift-cancelled same-code brackets observed 0.00016357422282453626 to 0.00017334010044578463 Hz/code; finite-run characterization only, with calibrated and combined uncertainty unavailable"","
profiles/plant_models/cx317_pps_gated_v1.json,117,uncertainty,measurement_uncertainty_semantics,"""uncertainty_scope"": ""Conservative finite-run replay envelope only; not calibrated, traceable, statistical coverage or actuation authority"","
profiles/plant_models/cx317_pps_gated_v1.json,150,uncertainty,measurement_uncertainty_semantics,"""Applicability is code-domain and observe-only; fresh connected low/centre/high Vc measurements and calibrated voltage uncertainty are unavailable."","
profiles/plant_models/cx317_pps_gated_v1.json,154,uncertainty,measurement_uncertainty_semantics,"""Counter-aperture, GPS reference, calibration and combined uncertainty remain unavailable; no calibrated absolute accuracy or isolated firmware-jitter claim is made."","
profiles/plant_models/cx317_pps_gated_v1.json,227,uncertainty,measurement_uncertainty_semantics,"""plant_response.local_slope.traceable_combined_uncertainty"","
profiles/run_templates/cx317_pps_gated_i_only_preview_v1/manifest.json,147,uncertainty,measurement_uncertainty_semantics,"""uncertainty"": {"
profiles/run_templates/cx317_pps_gated_i_only_preview_v1/manifest.json,148,uncertainty,measurement_uncertainty_semantics,"""count_quantization_standard_uncertainty_hz"": null,"
profiles/run_templates/cx317_pps_gated_i_only_preview_v1/manifest.json,169,uncertainty,measurement_uncertainty_semantics,"""Connected Vc calibration, calibrated frequency accuracy, isolated firmware jitter and combined uncertainty remain unavailable."""
profiles/run_templates/cx317_pps_gated_open_loop_v1/manifest.json,122,uncertainty,measurement_uncertainty_semantics,"""uncertainty"": {"
profiles/run_templates/cx317_pps_gated_open_loop_v1/manifest.json,123,uncertainty,measurement_uncertainty_semantics,"""count_quantization_standard_uncertainty_hz"": null,"
profiles/run_templates/cx317_pps_gated_open_loop_v1/manifest.json,142,uncertainty,measurement_uncertainty_semantics,"""Connected Vc readings, accepted electrical uncertainty and the final operator gate must be recorded in the actual run evidence; template values do not authorize hardware."","
profiles/run_templates/phase5_independent_long_gate_v1/run_manifest.json,71,uncertainty,measurement_uncertainty_semantics,"""uncertainty"": {"
profiles/run_templates/phase5_independent_long_gate_v1/run_manifest.json,72,uncertainty,measurement_uncertainty_semantics,"""count_quantization_standard_uncertainty_hz"": null,"
profiles/run_templates/phase5_independent_long_gate_v1/run_manifest.json,81,uncertainty,measurement_uncertainty_semantics,"""Unknown uncertainty components remain null rather than zero."""
profiles/run_templates/phase5_pps_gated_candidate_v1/run_manifest.json,97,uncertainty,measurement_uncertainty_semantics,"""uncertainty"": {"
profiles/run_templates/phase5_pps_gated_candidate_v1/run_manifest.json,98,uncertainty,measurement_uncertainty_semantics,"""count_quantization_standard_uncertainty_hz"": null,"
profiles/run_templates/phase5_pps_gated_candidate_v1/run_manifest.json,108,uncertainty,measurement_uncertainty_semantics,"""Unknown uncertainty components remain null until measured or supplied by authorised calibration evidence."""
schemas/plant_model_v1.schema.json,217,uncertainty,measurement_uncertainty_semantics,"""required"": [""hz_per_v"", ""ppm_per_v"", ""hz_per_code"", ""ppm_per_code"", ""sign"", ""sample_count"", ""uncertainty""],"
schemas/plant_model_v1.schema.json,225,uncertainty,measurement_uncertainty_semantics,"""uncertainty"": {"
schemas/plant_model_v1.schema.json,335,uncertainty,measurement_uncertainty_semantics,"""uncertainty_scope"","
schemas/plant_model_v1.schema.json,347,uncertainty,measurement_uncertainty_semantics,"""uncertainty_scope"": { ""type"": ""string"", ""minLength"": 1 },"
schemas/pps_cumulative_snapshot_span_config_v1.schema.json,20,uncertainty,measurement_uncertainty_semantics,"""uncertainty_policy"","
schemas/pps_cumulative_snapshot_span_config_v1.schema.json,46,uncertainty,measurement_uncertainty_semantics,"""uncertainty_policy"": { ""const"": ""unknown_components_unavailable"" },"
tests/cpp/phase4_engine_harness.cpp,44,confidence,confidence_semantics,"<< ""state,previous,transition,confidence,samples,estimate_eligible,"""
tests/cpp/phase4_engine_harness.cpp,89,confidence,confidence_semantics,"<< ',' << otis_phase4_confidence_name(decision.confidence) << ','"
tests/fixtures/pps_backend_qualification/scenarios_v1.json,38,uncertainty,measurement_uncertainty_semantics,"""expected"": [""bias_hz"", ""combined_uncertainty_hz""]"
tests/fixtures/pps_backend_qualification/scenarios_v1.json,45,uncertainty,measurement_uncertainty_semantics,"""id"": ""unavailable_uncertainty"","
tests/test_cx317_pps_plant_characterize.py,205,uncertainty,measurement_uncertainty_semantics,"""| Parameter | Threshold | Disposition | Source | Applicability | Calculation | Uncertainty | Measured | Status | Consequence |\n"""
tests/test_cx317_pps_plant_characterize.py,222,uncertainty,measurement_uncertainty_semantics,"""measurement_uncertainty_and_safety_margin"": ""unavailable"","
tests/test_cx317_stage5_safety_gate.py,10,uncertainty,measurement_uncertainty_semantics,"def _measurement(value: float, uncertainty: float, instrument: str = ""meter"") -> dict:"
tests/test_cx317_stage5_safety_gate.py,13,uncertainty,measurement_uncertainty_semantics,"""uncertainty_v"": uncertainty,"
tests/test_cx317_stage5_safety_gate.py,46,uncertainty,measurement_uncertainty_semantics,"""current_uncertainty_a"": 0.02,"
tests/test_cx317_stage5_safety_gate.py,49,uncertainty,measurement_uncertainty_semantics,"""upstream_uncertainty_a"": 0.05,"
tests/test_cx317_stage5_safety_gate.py,82,uncertainty,measurement_uncertainty_semantics,def test_unknown_measurement_uncertainty_fails_closed() -> None:
tests/test_cx317_stage5_safety_gate.py,84,uncertainty,measurement_uncertainty_semantics,"value[""measurements""][""cx317_vdd""][""uncertainty_v""] = None"
tests/test_cx317_stage5_safety_gate.py,95,uncertainty,measurement_uncertainty_semantics,"uncertainty_v=None,"
tests/test_cx317_stage5_safety_gate.py,102,uncertainty,measurement_uncertainty_semantics,"assert ""accepted uncertainty unavailable"" in check[""result""]"
tests/test_cx317_stage5_safety_gate.py,111,uncertainty,measurement_uncertainty_semantics,"uncertainty_v=None,"
tests/test_cx317_stage5_safety_gate.py,128,uncertainty,measurement_uncertainty_semantics,"assert ""accepted calibrated uncertainty remains unavailable"" in operating[""result""]"
tests/test_cx317_stage5_safety_gate.py,139,uncertainty,measurement_uncertainty_semantics,"uncertainty_v=None,"
tests/test_cx317_stage5_safety_gate.py,153,uncertainty,measurement_uncertainty_semantics,def test_prior_direct_cold_start_upper_bound_passes_power_screen_without_invented_uncertainty() -> None:
tests/test_cx317_stage5_safety_gate.py,161,uncertainty,measurement_uncertainty_semantics,"""current_uncertainty_a"": None,"
tests/test_cx317_stage5_safety_gate.py,164,uncertainty,measurement_uncertainty_semantics,"""upstream_uncertainty_a"": None,"
tests/test_cx317_stage5_safety_gate.py,174,uncertainty,measurement_uncertainty_semantics,"assert ""uncertainty unavailable"" in check[""result""]"
tests/test_cx317_stage5_safety_gate.py,187,uncertainty,measurement_uncertainty_semantics,"""current_uncertainty_a"": None,"
tests/test_cx317_stage5_safety_gate.py,190,uncertainty,measurement_uncertainty_semantics,"""upstream_uncertainty_a"": None,"
tests/test_cx317_stage5_safety_gate.py,206,uncertainty,measurement_uncertainty_semantics,"value[""measurements""][""intended_vc""][2][""uncertainty_v""] = 0.01"
tests/test_cx317_stage5_safety_gate.py,219,uncertainty,measurement_uncertainty_semantics,"item[""uncertainty_v""] = None"
tests/test_cx317_stage5_safety_gate.py,236,uncertainty,measurement_uncertainty_semantics,"uncertainty_v=None,"
tests/test_cx317_stage6_live_analyze.py,80,uncertainty,measurement_uncertainty_semantics,"""uncertainty_status"": ""unavailable"","
tests/test_cx317_stage6_live_analyze.py,81,uncertainty,measurement_uncertainty_semantics,"""uncertainty_reason_codes"": ""counter_aperture_uncertainty_unavailable;reference_uncertainty_unavailable;calibration_uncertainty_unavailable"","
tests/test_cx317_stage6_live_analyze.py,83,uncertainty,measurement_uncertainty_semantics,"""uncertainty_model_ref"": ""unavailable:combined_uncertainty"","
tests/test_measurement_semantics.py,19,uncertainty,measurement_uncertainty_semantics,from host.otis_tools.uncertainty import (
tests/test_measurement_semantics.py,20,uncertainty,measurement_uncertainty_semantics,"evaluate_uncertainty,"
tests/test_measurement_semantics.py,51,uncertainty,measurement_uncertainty_semantics,"""uncertainty_status"": ""unavailable"","
tests/test_measurement_semantics.py,52,uncertainty,measurement_uncertainty_semantics,"""uncertainty_reason_codes"": ""counter_aperture_unavailable"","
tests/test_measurement_semantics.py,54,uncertainty,measurement_uncertainty_semantics,"""uncertainty_model_ref"": ""unavailable:uncertainty_model"","
tests/test_measurement_semantics.py,57,uncertainty,measurement_uncertainty_semantics,"""eligibility_reason_codes"": ""uncertainty_incomplete"","
tests/test_measurement_semantics.py,70,uncertainty,measurement_uncertainty_semantics,def test_zero_dispersion_does_not_imply_zero_uncertainty(tmp_path: Path) -> None:
tests/test_measurement_semantics.py,84,uncertainty,measurement_uncertainty_semantics,def test_nonzero_dispersion_is_not_promoted_to_uncertainty(
tests/test_measurement_semantics.py,89,uncertainty,measurement_uncertainty_semantics,"row[""uncertainty_status""] = ""incomplete"""
tests/test_measurement_semantics.py,101,uncertainty,measurement_uncertainty_semantics,"assert row[""combined_standard_uncertainty_hz""] == """""
tests/test_measurement_semantics.py,105,uncertainty,measurement_uncertainty_semantics,"result = evaluate_uncertainty({}, estimate_available=True)"
tests/test_measurement_semantics.py,108,uncertainty,measurement_uncertainty_semantics,"assert ""reference_uncertainty_unavailable"" in result.reason_codes"
tests/test_measurement_semantics.py,109,uncertainty,measurement_uncertainty_semantics,assert result.combined_standard_uncertainty_hz is None
tests/test_measurement_semantics.py,112,uncertainty,measurement_uncertainty_semantics,def test_incomplete_uncertainty_cannot_claim_combined_value(tmp_path: Path) -> None:
tests/test_measurement_semantics.py,114,uncertainty,measurement_uncertainty_semantics,"row[""combined_standard_uncertainty_hz""] = ""0"""
tests/test_measurement_semantics.py,126,uncertainty,measurement_uncertainty_semantics,"""incomplete or unavailable uncertainty must not claim a combined value"""
tests/test_measurement_semantics.py,136,uncertainty,measurement_uncertainty_semantics,"""uncertainty_status"": ""available"","
tests/test_measurement_semantics.py,137,uncertainty,measurement_uncertainty_semantics,"""uncertainty_reason_codes"": ""uncertainty_complete"","
tests/test_measurement_semantics.py,138,uncertainty,measurement_uncertainty_semantics,"""count_quantization_standard_uncertainty_hz"": ""0.288675"","
tests/test_measurement_semantics.py,139,uncertainty,measurement_uncertainty_semantics,"""combined_standard_uncertainty_hz"": ""0.288675"","
tests/test_measurement_semantics.py,141,uncertainty,measurement_uncertainty_semantics,"""uncertainty_model_ref"": ""fixture:quantization_only_v1"","
tests/test_measurement_semantics.py,158,uncertainty,measurement_uncertainty_semantics,result = evaluate_uncertainty(
tests/test_measurement_semantics.py,159,uncertainty,measurement_uncertainty_semantics,"{""count_quantization_standard_uncertainty_hz"": 0.5},"
tests/test_measurement_semantics.py,161,uncertainty,measurement_uncertainty_semantics,"required_components=(""count_quantization_standard_uncertainty_hz"",),"
tests/test_measurement_semantics.py,164,uncertainty,measurement_uncertainty_semantics,assert result.combined_standard_uncertainty_hz == 0.5
tests/test_measurement_semantics.py,167,uncertainty,measurement_uncertainty_semantics,"""phase4_uncertainty_budget_v1#sha256:"""
tests/test_measurement_semantics.py,172,uncertainty,measurement_uncertainty_semantics,result = evaluate_uncertainty(
tests/test_measurement_semantics.py,174,uncertainty,measurement_uncertainty_semantics,"""count_quantization_standard_uncertainty_hz"": 3.0,"
tests/test_measurement_semantics.py,175,uncertainty,measurement_uncertainty_semantics,"""reference_standard_uncertainty_hz"": 4.0,"
tests/test_measurement_semantics.py,179,uncertainty,measurement_uncertainty_semantics,"""count_quantization_standard_uncertainty_hz"","
tests/test_measurement_semantics.py,180,uncertainty,measurement_uncertainty_semantics,"""reference_standard_uncertainty_hz"","
tests/test_measurement_semantics.py,185,uncertainty,measurement_uncertainty_semantics,assert result.combined_standard_uncertainty_hz == 5.0
tests/test_measurement_semantics.py,186,uncertainty,measurement_uncertainty_semantics,assert result.expanded_uncertainty_hz == 10.0
tests/test_measurement_semantics.py,196,uncertainty,measurement_uncertainty_semantics,"""uncertainty_status"": ""available"","
tests/test_measurement_semantics.py,197,uncertainty,measurement_uncertainty_semantics,"""uncertainty_reason_codes"": ""uncertainty_complete"","
tests/test_measurement_semantics.py,198,uncertainty,measurement_uncertainty_semantics,"""count_quantization_standard_uncertainty_hz"": ""3"","
tests/test_measurement_semantics.py,199,uncertainty,measurement_uncertainty_semantics,"""reference_standard_uncertainty_hz"": ""4"","
tests/test_measurement_semantics.py,200,uncertainty,measurement_uncertainty_semantics,"""combined_standard_uncertainty_hz"": ""7"","
tests/test_measurement_semantics.py,202,uncertainty,measurement_uncertainty_semantics,"""uncertainty_model_ref"": ""fixture:correlated_v1"","
tests/test_measurement_semantics.py,224,uncertainty,measurement_uncertainty_semantics,"row[""frequency_uncertainty_hz""] = row[""dispersion_hz""]"
tests/test_measurement_semantics.py,262,uncertainty,measurement_uncertainty_semantics,"""measurement uncertainty\n"", encoding=""utf-8"""
tests/test_measurement_semantics.py,266,confidence,confidence_semantics,"""measurement confidence\n"", encoding=""utf-8"""
tests/test_measurement_semantics.py,270,uncertainty,measurement_uncertainty_semantics,"""ignored uncertainty\n"", encoding=""utf-8"""
tests/test_measurement_semantics.py,274,confidence,confidence_semantics,"""ignored confidence\n"", encoding=""utf-8"""
tests/test_phase4_firmware_parity.py,456,confidence,confidence_semantics,"assert live[""confidence""] == estimate[""estimator_confidence""]"
tests/test_phase4_firmware_parity.py,854,uncertainty,measurement_uncertainty_semantics,def test_live_and_replay_est2_uncertainty_semantics_match(
tests/test_phase4_firmware_parity.py,873,uncertainty,measurement_uncertainty_semantics,"""uncertainty_status"","
tests/test_phase4_firmware_parity.py,874,uncertainty,measurement_uncertainty_semantics,"""uncertainty_reason_codes"","
tests/test_phase4_firmware_parity.py,875,uncertainty,measurement_uncertainty_semantics,"""count_quantization_standard_uncertainty_hz"","
tests/test_phase4_firmware_parity.py,876,uncertainty,measurement_uncertainty_semantics,"""counter_aperture_standard_uncertainty_hz"","
tests/test_phase4_firmware_parity.py,877,uncertainty,measurement_uncertainty_semantics,"""reference_standard_uncertainty_hz"","
tests/test_phase4_firmware_parity.py,878,uncertainty,measurement_uncertainty_semantics,"""calibration_standard_uncertainty_hz"","
tests/test_phase4_firmware_parity.py,879,uncertainty,measurement_uncertainty_semantics,"""model_standard_uncertainty_hz"","
tests/test_phase4_firmware_parity.py,880,uncertainty,measurement_uncertainty_semantics,"""combined_standard_uncertainty_hz"","
tests/test_phase4_firmware_parity.py,882,uncertainty,measurement_uncertainty_semantics,"""expanded_uncertainty_hz"","
tests/test_phase4_firmware_parity.py,884,uncertainty,measurement_uncertainty_semantics,"""uncertainty_model_ref"","
tests/test_phase4_firmware_parity.py,887,uncertainty,measurement_uncertainty_semantics,"host = next(row for row in host_rows if row[""uncertainty_status""] == status)"
tests/test_phase4_firmware_parity.py,888,uncertainty,measurement_uncertainty_semantics,"live = next(row for row in live_rows if row[""uncertainty_status""] == status)"
tests/test_phase4_replay.py,308,uncertainty,measurement_uncertainty_semantics,"assert ""frequency_uncertainty_hz"" not in estimates[-1]"
tests/test_phase4_replay.py,309,uncertainty,measurement_uncertainty_semantics,"assert estimates[-1][""uncertainty_status""] == ""incomplete"""
tests/test_phase4_replay.py,310,uncertainty,measurement_uncertainty_semantics,"assert estimates[-1][""combined_standard_uncertainty_hz""] == """""
tests/test_phase4_replay.py,340,uncertainty,measurement_uncertainty_semantics,"assert report[""uncertainty""][""available_record_count""] == 0"
tests/test_plant_model.py,48,uncertainty,measurement_uncertainty_semantics,"assert slope[""uncertainty""][""hz_per_v_min""] == pytest.approx(4.153638945952538)"
tests/test_plant_model.py,49,uncertainty,measurement_uncertainty_semantics,"assert slope[""uncertainty""][""hz_per_v_max""] == pytest.approx(4.67415366682314)"
tests/test_plant_model.py,90,uncertainty,measurement_uncertainty_semantics,"assert slope[""uncertainty""][""hz_per_v_min""] == pytest.approx(4.114661261287408)"
tests/test_plant_model.py,91,uncertainty,measurement_uncertainty_semantics,"assert slope[""uncertainty""][""hz_per_v_max""] == pytest.approx(4.9513614382035)"
tests/test_plant_model.py,184,uncertainty,measurement_uncertainty_semantics,def test_rejects_range_that_does_not_contain_crossing_uncertainty() -> None:
tests/test_pps_backend_qualification.py,62,uncertainty,measurement_uncertainty_semantics,"uncertainty_complete: bool = True,"
tests/test_pps_backend_qualification.py,64,uncertainty,measurement_uncertainty_semantics,uncertainty = {
tests/test_pps_backend_qualification.py,65,uncertainty,measurement_uncertainty_semantics,"""count_quantization_standard_uncertainty_hz"": ("
tests/test_pps_backend_qualification.py,66,uncertainty,measurement_uncertainty_semantics,0.288675 if uncertainty_complete and candidate else None
tests/test_pps_backend_qualification.py,69,uncertainty,measurement_uncertainty_semantics,1e-9 if uncertainty_complete and candidate else None
tests/test_pps_backend_qualification.py,72,uncertainty,measurement_uncertainty_semantics,1e-11 if uncertainty_complete and candidate else None
tests/test_pps_backend_qualification.py,75,uncertainty,measurement_uncertainty_semantics,0.01 if uncertainty_complete and not candidate else None
tests/test_pps_backend_qualification.py,96,uncertainty,measurement_uncertainty_semantics,"""uncertainty"": uncertainty,"
tests/test_pps_backend_qualification.py,122,uncertainty,measurement_uncertainty_semantics,"uncertainty_complete: bool = True,"
tests/test_pps_backend_qualification.py,153,uncertainty,measurement_uncertainty_semantics,"uncertainty_complete=uncertainty_complete,"
tests/test_pps_backend_qualification.py,304,uncertainty,measurement_uncertainty_semantics,"uncertainty_complete: bool = True,"
tests/test_pps_backend_qualification.py,314,uncertainty,measurement_uncertainty_semantics,"uncertainty_complete=uncertainty_complete,"
tests/test_pps_backend_qualification.py,559,uncertainty,measurement_uncertainty_semantics,"""unavailable_uncertainty"","
tests/test_pps_backend_qualification.py,720,uncertainty,measurement_uncertainty_semantics,"assert report[""uncertainty""][""unavailable_components""] == []"
tests/test_pps_backend_qualification.py,1066,uncertainty,measurement_uncertainty_semantics,def test_unavailable_uncertainty_remains_null_and_is_characterization_in_v2(
tests/test_pps_backend_qualification.py,1069,uncertainty,measurement_uncertainty_semantics,"candidate = _make_candidate(tmp_path, uncertainty_complete=False)"
tests/test_pps_backend_qualification.py,1073,uncertainty,measurement_uncertainty_semantics,"value[""phase5_pps_backend_qualification""][""uncertainty""]["
tests/test_pps_backend_qualification.py,1086,uncertainty,measurement_uncertainty_semantics,"assert ""uncertainty_complete"" not in report[""acceptance_checks""]"
tests/test_pps_backend_qualification.py,1087,uncertainty,measurement_uncertainty_semantics,"assert report[""characterization_checks""][""uncertainty_complete""] is False"
tests/test_pps_backend_qualification.py,1088,uncertainty,measurement_uncertainty_semantics,"assert report[""uncertainty""][""combined_standard_uncertainty_hz""] is None"
tests/test_pps_backend_qualification.py,1089,uncertainty,measurement_uncertainty_semantics,"assert len(report[""uncertainty""][""unavailable_components""]) == 4"
tests/test_pps_cumulative_span_estimator.py,373,uncertainty,measurement_uncertainty_semantics,"assert estimate.uncertainty_status == ""unavailable"""
tests/test_pps_estimator_selection.py,92,uncertainty,measurement_uncertainty_semantics,"""uncertainty"": {""hz_per_v_min"": 4.0, ""hz_per_v_max"": 5.0},"
tests/test_pps_fixed_code_baseline.py,42,uncertainty,measurement_uncertainty_semantics,"assert ""not calibrated uncertainty"" in combined"
tests/test_pps_gate_math.py,105,uncertainty,measurement_uncertainty_semantics,def test_pps_backend_exposes_independent_validity_and_unavailable_uncertainty() -> None:
tests/test_pps_gate_math.py,114,uncertainty,measurement_uncertainty_semantics,"""counter_aperture_uncertainty_ns"","
tests/test_pps_gate_math.py,115,uncertainty,measurement_uncertainty_semantics,"""reference_frequency_uncertainty_ppb"","
tests/test_tolerance_provenance.py,23,uncertainty,measurement_uncertainty_semantics,"""measurement_uncertainty_and_safety_margin"": ""combined uncertainty unavailable"","
tools/audit_measurement_semantics.py,37,uncertainty,measurement_uncertainty_semantics,"(""uncertainty"", re.compile(r""uncertaint"", re.IGNORECASE)),"
tools/audit_measurement_semantics.py,38,dispersion,sample_dispersion_or_repeatability,"(""dispersion"", re.compile(r""\bdispersion\b"", re.IGNORECASE)),"
tools/audit_measurement_semantics.py,42,confidence,confidence_semantics,"(""confidence"", re.compile(r""\bconfidence\b"", re.IGNORECASE)),"
tools/audit_measurement_semantics.py,77,uncertainty,measurement_uncertainty_semantics,"if ""frequency_uncertainty_hz"" in line and ("
tools/audit_measurement_semantics.py,84,uncertainty,measurement_uncertainty_semantics,"if ""uncertainty"" in matched:"
tools/audit_measurement_semantics.py,85,uncertainty,measurement_uncertainty_semantics,"return ""measurement_uncertainty_semantics"""
tools/audit_measurement_semantics.py,86,dispersion,sample_dispersion_or_repeatability,"if ""dispersion"" in matched or ""standard_deviation"" in matched:"
tools/audit_measurement_semantics.py,88,confidence,confidence_semantics,"if ""confidence"" in matched:"
