record_type,schema_version,count_seq,channel_id,gate_open_ticks,gate_close_ticks,gate_domain,counted_edges,source_edge,source_domain,flags
CNT,1,1,2,24259664,184272048,rp2040_timer0,100007740,R,h1_ocxo_open_loop,16
CNT,1,2,2,200256000,360272048,rp2040_timer0,100010030,R,h1_ocxo_open_loop,16
CNT,1,3,2,376256064,536272048,rp2040_timer0,100009990,R,h1_ocxo_open_loop,16
CNT,1,4,2,552256064,712272096,rp2040_timer0,100010020,R,h1_ocxo_open_loop,16
CNT,1,5,2,728256032,888272096,rp2040_timer0,100010040,R,h1_ocxo_open_loop,16
CNT,1,6,2,904256016,1064272048,rp2040_timer0,100010020,R,h1_ocxo_open_loop,16
CNT,1,7,2,1080256000,1240272048,rp2040_timer0,100010030,R,h1_ocxo_open_loop,16
CNT,1,8,2,1256256032,1416272048,rp2040_timer0,100010010,R,h1_ocxo_open_loop,16
CNT,1,9,2,1432256000,1592272032,rp2040_timer0,100010020,R,h1_ocxo_open_loop,16
CNT,1,10,2,1608256032,1768272096,rp2040_timer0,100010040,R,h1_ocxo_open_loop,16
CNT,1,11,2,1784256064,1944272048,rp2040_timer0,100009990,R,h1_ocxo_open_loop,16
CNT,1,12,2,1960256048,2120272064,rp2040_timer0,100010010,R,h1_ocxo_open_loop,16
CNT,1,13,2,2136256000,2296272096,rp2040_timer0,100010060,R,h1_ocxo_open_loop,16
CNT,1,14,2,2312256032,2472272080,rp2040_timer0,100010030,R,h1_ocxo_open_loop,16
CNT,1,15,2,2488256048,2648272064,rp2040_timer0,100010010,R,h1_ocxo_open_loop,16
CNT,1,16,2,2664256048,2824272048,rp2040_timer0,100010000,R,h1_ocxo_open_loop,16
CNT,1,17,2,2840256064,3000272048,rp2040_timer0,100009990,R,h1_ocxo_open_loop,16
CNT,1,18,2,3016256032,3176272048,rp2040_timer0,100010010,R,h1_ocxo_open_loop,16
CNT,1,19,2,3192256048,3352272048,rp2040_timer0,100010000,R,h1_ocxo_open_loop,16
CNT,1,20,2,3368256048,3528272048,rp2040_timer0,100010000,R,h1_ocxo_open_loop,16
CNT,1,21,2,3544256032,3704272032,rp2040_timer0,100010000,R,h1_ocxo_open_loop,16
CNT,1,22,2,3720256032,3880272080,rp2040_timer0,100010030,R,h1_ocxo_open_loop,16
CNT,1,23,2,3896256064,4056272096,rp2040_timer0,100010020,R,h1_ocxo_open_loop,16
CNT,1,24,2,4072256032,4232272048,rp2040_timer0,100010010,R,h1_ocxo_open_loop,16
CNT,1,25,2,4248256032,4408272048,rp2040_timer0,100010010,R,h1_ocxo_open_loop,16
CNT,1,26,2,4424256032,4584272080,rp2040_timer0,100010030,R,h1_ocxo_open_loop,16
CNT,1,27,2,4600256016,4760272032,rp2040_timer0,100010010,R,h1_ocxo_open_loop,16
CNT,1,28,2,4776256048,4936272096,rp2040_timer0,100010030,R,h1_ocxo_open_loop,16
CNT,1,29,2,4952256000,5112272080,rp2040_timer0,100010050,R,h1_ocxo_open_loop,16
CNT,1,30,2,5128256048,5288272080,rp2040_timer0,100010020,R,h1_ocxo_open_loop,16
CNT,1,31,2,5304256032,5464272048,rp2040_timer0,100010010,R,h1_ocxo_open_loop,16
CNT,1,32,2,5480256064,5640272064,rp2040_timer0,100010000,R,h1_ocxo_open_loop,16
CNT,1,33,2,5656256048,5816272048,rp2040_timer0,100010000,R,h1_ocxo_open_loop,16
CNT,1,34,2,5832256016,5992272048,rp2040_timer0,100010020,R,h1_ocxo_open_loop,16
CNT,1,35,2,6008256016,6168272032,rp2040_timer0,100010010,R,h1_ocxo_open_loop,16
CNT,1,36,2,6184256016,6344272080,rp2040_timer0,100010040,R,h1_ocxo_open_loop,16
CNT,1,37,2,6360256000,6520272080,rp2040_timer0,100010050,R,h1_ocxo_open_loop,16
CNT,1,38,2,6536256032,6696272064,rp2040_timer0,100010020,R,h1_ocxo_open_loop,16
CNT,1,39,2,6712256032,6872272096,rp2040_timer0,100010040,R,h1_ocxo_open_loop,16
CNT,1,40,2,6888256016,7048272080,rp2040_timer0,100010040,R,h1_ocxo_open_loop,16
CNT,1,41,2,7064256016,7224272048,rp2040_timer0,100010020,R,h1_ocxo_open_loop,16
CNT,1,42,2,7240256032,7400272048,rp2040_timer0,100010010,R,h1_ocxo_open_loop,16
CNT,1,43,2,7416256032,7576272096,rp2040_timer0,100010040,R,h1_ocxo_open_loop,16
CNT,1,44,2,7592256016,7752272048,rp2040_timer0,100010020,R,h1_ocxo_open_loop,16
CNT,1,45,2,7768256048,7928272080,rp2040_timer0,100010020,R,h1_ocxo_open_loop,16
CNT,1,46,2,7944256064,8104272096,rp2040_timer0,100010020,R,h1_ocxo_open_loop,16
CNT,1,47,2,8120256000,8280272080,rp2040_timer0,100010050,R,h1_ocxo_open_loop,16
CNT,1,48,2,8296256064,8456272048,rp2040_timer0,100009990,R,h1_ocxo_open_loop,16
CNT,1,49,2,8472256016,8632272032,rp2040_timer0,100010010,R,h1_ocxo_open_loop,16
CNT,1,50,2,8648256000,8808272080,rp2040_timer0,100010050,R,h1_ocxo_open_loop,16
CNT,1,51,2,8824256000,8984272048,rp2040_timer0,100010030,R,h1_ocxo_open_loop,16
CNT,1,52,2,9000256048,9160272096,rp2040_timer0,100010030,R,h1_ocxo_open_loop,16
CNT,1,53,2,9176256064,9336272096,rp2040_timer0,100010020,R,h1_ocxo_open_loop,16
CNT,1,54,2,9352256048,9512272048,rp2040_timer0,100010000,R,h1_ocxo_open_loop,16
CNT,1,55,2,9528256016,9688272048,rp2040_timer0,100010020,R,h1_ocxo_open_loop,16
CNT,1,56,2,9704256032,9864272096,rp2040_timer0,100010040,R,h1_ocxo_open_loop,16
CNT,1,57,2,9880256064,10040272064,rp2040_timer0,100010000,R,h1_ocxo_open_loop,16
CNT,1,58,2,10056256000,10216272048,rp2040_timer0,100010030,R,h1_ocxo_open_loop,16
CNT,1,59,2,10232256000,10392272080,rp2040_timer0,100010050,R,h1_ocxo_open_loop,16
CNT,1,60,2,10408256064,10568272048,rp2040_timer0,100009990,R,h1_ocxo_open_loop,16
CNT,1,61,2,10584256016,10744272032,rp2040_timer0,100010010,R,h1_ocxo_open_loop,16
CNT,1,62,2,10760256048,10920272080,rp2040_timer0,100010020,R,h1_ocxo_open_loop,16
CNT,1,63,2,10936256048,11096272096,rp2040_timer0,100010030,R,h1_ocxo_open_loop,16
CNT,1,64,2,11112256016,11272272032,rp2040_timer0,100010010,R,h1_ocxo_open_loop,16
CNT,1,65,2,11288256000,11448272064,rp2040_timer0,100010040,R,h1_ocxo_open_loop,16
CNT,1,66,2,11464256048,11624272080,rp2040_timer0,100010020,R,h1_ocxo_open_loop,16
CNT,1,67,2,11640256016,11800272096,rp2040_timer0,100010050,R,h1_ocxo_open_loop,16
CNT,1,68,2,11816256064,11976272064,rp2040_timer0,100010000,R,h1_ocxo_open_loop,16
CNT,1,69,2,11992256048,12152272080,rp2040_timer0,100010020,R,h1_ocxo_open_loop,16
CNT,1,70,2,12168256064,12328272080,rp2040_timer0,100010010,R,h1_ocxo_open_loop,16
CNT,1,71,2,12344256016,12504272096,rp2040_timer0,100010050,R,h1_ocxo_open_loop,16
CNT,1,72,2,12520256032,12680272096,rp2040_timer0,100010040,R,h1_ocxo_open_loop,16
CNT,1,73,2,12696256000,12856272064,rp2040_timer0,100010040,R,h1_ocxo_open_loop,16
CNT,1,74,2,12872256000,13032272032,rp2040_timer0,100010020,R,h1_ocxo_open_loop,16
CNT,1,75,2,13048256048,13208272048,rp2040_timer0,100010000,R,h1_ocxo_open_loop,16
CNT,1,76,2,13224256000,13384272096,rp2040_timer0,100010060,R,h1_ocxo_open_loop,16
CNT,1,77,2,13400256032,13560272064,rp2040_timer0,100010020,R,h1_ocxo_open_loop,16
CNT,1,78,2,13576256016,13736272064,rp2040_timer0,100010030,R,h1_ocxo_open_loop,16
CNT,1,79,2,13752256016,13912272048,rp2040_timer0,100010020,R,h1_ocxo_open_loop,16
CNT,1,80,2,13928256032,14088272080,rp2040_timer0,100010030,R,h1_ocxo_open_loop,16
CNT,1,81,2,14104256016,14264272096,rp2040_timer0,100010050,R,h1_ocxo_open_loop,16
CNT,1,82,2,14280256016,14440272048,rp2040_timer0,100010020,R,h1_ocxo_open_loop,16
CNT,1,83,2,14456256032,14616272080,rp2040_timer0,100010030,R,h1_ocxo_open_loop,16
CNT,1,84,2,14632256048,14792272096,rp2040_timer0,100010030,R,h1_ocxo_open_loop,16
CNT,1,85,2,14808256032,14968272096,rp2040_timer0,100010040,R,h1_ocxo_open_loop,16
CNT,1,86,2,14984256032,15144272096,rp2040_timer0,100010040,R,h1_ocxo_open_loop,16
CNT,1,87,2,15160256000,15320272048,rp2040_timer0,100010030,R,h1_ocxo_open_loop,16
CNT,1,88,2,15336256000,15496272048,rp2040_timer0,100010030,R,h1_ocxo_open_loop,16
CNT,1,89,2,15512256048,15672272064,rp2040_timer0,100010010,R,h1_ocxo_open_loop,16
CNT,1,90,2,15688256000,15848272080,rp2040_timer0,100010050,R,h1_ocxo_open_loop,16
CNT,1,91,2,15864256048,16024272048,rp2040_timer0,100010000,R,h1_ocxo_open_loop,16
CNT,1,92,2,16040256048,16200272096,rp2040_timer0,100010030,R,h1_ocxo_open_loop,16
CNT,1,93,2,16216256000,16376272080,rp2040_timer0,100010050,R,h1_ocxo_open_loop,16
CNT,1,94,2,16392256016,16552272080,rp2040_timer0,100010040,R,h1_ocxo_open_loop,16
CNT,1,95,2,16568256032,16728272080,rp2040_timer0,100010030,R,h1_ocxo_open_loop,16
CNT,1,96,2,16744256064,16904272080,rp2040_timer0,100010010,R,h1_ocxo_open_loop,16
CNT,1,97,2,16920256064,17080272048,rp2040_timer0,100009990,R,h1_ocxo_open_loop,16
CNT,1,98,2,17096256032,17256272048,rp2040_timer0,100010010,R,h1_ocxo_open_loop,16
CNT,1,99,2,17272256064,17432272064,rp2040_timer0,100010000,R,h1_ocxo_open_loop,16
CNT,1,100,2,17448256048,17608272080,rp2040_timer0,100010020,R,h1_ocxo_open_loop,16
CNT,1,101,2,17624256016,17784272048,rp2040_timer0,100010020,R,h1_ocxo_open_loop,16
CNT,1,102,2,17800256048,17960272096,rp2040_timer0,100010030,R,h1_ocxo_open_loop,16
CNT,1,103,2,17976256016,18136272080,rp2040_timer0,100010040,R,h1_ocxo_open_loop,16
CNT,1,104,2,18152256064,18312272032,rp2040_timer0,100009980,R,h1_ocxo_open_loop,16
CNT,1,105,2,18328256064,18488272096,rp2040_timer0,100010020,R,h1_ocxo_open_loop,16
CNT,1,106,2,18504256016,18664272080,rp2040_timer0,100010040,R,h1_ocxo_open_loop,16
CNT,1,107,2,18680256032,18840272032,rp2040_timer0,100010000,R,h1_ocxo_open_loop,16
CNT,1,108,2,18856256048,19016272048,rp2040_timer0,100010000,R,h1_ocxo_open_loop,16
CNT,1,109,2,19032256048,19192272048,rp2040_timer0,100010000,R,h1_ocxo_open_loop,16
CNT,1,110,2,19208256032,19368272032,rp2040_timer0,100010000,R,h1_ocxo_open_loop,16
CNT,1,111,2,19384256048,19544272096,rp2040_timer0,100010030,R,h1_ocxo_open_loop,16
CNT,1,112,2,19560256064,19720272064,rp2040_timer0,100010000,R,h1_ocxo_open_loop,16
CNT,1,113,2,19736256064,19896272096,rp2040_timer0,100010020,R,h1_ocxo_open_loop,16
CNT,1,114,2,19912256048,20072272064,rp2040_timer0,100010010,R,h1_ocxo_open_loop,16
CNT,1,115,2,20088256000,20248272064,rp2040_timer0,100010040,R,h1_ocxo_open_loop,16
CNT,1,116,2,20264256032,20424272064,rp2040_timer0,100010020,R,h1_ocxo_open_loop,16
CNT,1,117,2,20440256032,20600272080,rp2040_timer0,100010030,R,h1_ocxo_open_loop,16
CNT,1,118,2,20616256048,20776272048,rp2040_timer0,100010000,R,h1_ocxo_open_loop,16
CNT,1,119,2,20792256000,20952272080,rp2040_timer0,100010050,R,h1_ocxo_open_loop,16
CNT,1,120,2,20968256048,21128272080,rp2040_timer0,100010020,R,h1_ocxo_open_loop,16
CNT,1,121,2,21144256032,21304272096,rp2040_timer0,100010040,R,h1_ocxo_open_loop,16
CNT,1,122,2,21320256064,21480272048,rp2040_timer0,100009990,R,h1_ocxo_open_loop,16
CNT,1,123,2,21496256064,21656272048,rp2040_timer0,100009990,R,h1_ocxo_open_loop,16
CNT,1,124,2,21672256064,21832272080,rp2040_timer0,100010010,R,h1_ocxo_open_loop,16
CNT,1,125,2,21848256000,22008272048,rp2040_timer0,100010030,R,h1_ocxo_open_loop,16
CNT,1,126,2,22024256048,22184272032,rp2040_timer0,100009990,R,h1_ocxo_open_loop,16
CNT,1,127,2,22200256000,22360272064,rp2040_timer0,100010040,R,h1_ocxo_open_loop,16
CNT,1,128,2,22376256016,22536272064,rp2040_timer0,100010030,R,h1_ocxo_open_loop,16
CNT,1,129,2,22552256032,22712272080,rp2040_timer0,100010030,R,h1_ocxo_open_loop,16
CNT,1,130,2,22728256000,22888272096,rp2040_timer0,100010060,R,h1_ocxo_open_loop,16
CNT,1,131,2,22904256032,23064272080,rp2040_timer0,100010030,R,h1_ocxo_open_loop,16
CNT,1,132,2,23080256048,23240272096,rp2040_timer0,100010030,R,h1_ocxo_open_loop,16
CNT,1,133,2,23256256032,23416272096,rp2040_timer0,100010040,R,h1_ocxo_open_loop,16
CNT,1,134,2,23432256032,23592272064,rp2040_timer0,100010020,R,h1_ocxo_open_loop,16
CNT,1,135,2,23608256048,23768272080,rp2040_timer0,100010020,R,h1_ocxo_open_loop,16
CNT,1,136,2,23784256016,23944272096,rp2040_timer0,100010050,R,h1_ocxo_open_loop,16
CNT,1,137,2,23960256048,24120272080,rp2040_timer0,100010020,R,h1_ocxo_open_loop,16
CNT,1,138,2,24136256048,24296272080,rp2040_timer0,100010020,R,h1_ocxo_open_loop,16
CNT,1,139,2,24312256016,24472272128,rp2040_timer0,100010070,R,h1_ocxo_open_loop,16
CNT,1,140,2,24488256000,24648272096,rp2040_timer0,100010060,R,h1_ocxo_open_loop,16
CNT,1,141,2,24664256048,24824272064,rp2040_timer0,100010010,R,h1_ocxo_open_loop,16
CNT,1,142,2,24840256016,25000272080,rp2040_timer0,100010040,R,h1_ocxo_open_loop,16
CNT,1,143,2,25016256016,25176272048,rp2040_timer0,100010020,R,h1_ocxo_open_loop,16
CNT,1,144,2,25192256032,25352272080,rp2040_timer0,100010030,R,h1_ocxo_open_loop,16
CNT,1,145,2,25368256064,25528272080,rp2040_timer0,100010010,R,h1_ocxo_open_loop,16
CNT,1,146,2,25544256016,25704272064,rp2040_timer0,100010030,R,h1_ocxo_open_loop,16
CNT,1,147,2,25720256048,25880272096,rp2040_timer0,100010030,R,h1_ocxo_open_loop,16
CNT,1,148,2,25896256048,26056272032,rp2040_timer0,100009990,R,h1_ocxo_open_loop,16
CNT,1,149,2,26072256016,26232272064,rp2040_timer0,100010030,R,h1_ocxo_open_loop,16
CNT,1,150,2,26248256048,26408272064,rp2040_timer0,100010010,R,h1_ocxo_open_loop,16
CNT,1,151,2,26424256064,26584272048,rp2040_timer0,100009990,R,h1_ocxo_open_loop,16
CNT,1,152,2,26600256032,26760272064,rp2040_timer0,100010020,R,h1_ocxo_open_loop,16
CNT,1,153,2,26776256048,26936272048,rp2040_timer0,100010000,R,h1_ocxo_open_loop,16
CNT,1,154,2,26952256064,27112272080,rp2040_timer0,100010010,R,h1_ocxo_open_loop,16
CNT,1,155,2,27128256016,27288272048,rp2040_timer0,100010020,R,h1_ocxo_open_loop,16
CNT,1,156,2,27304256000,27464272032,rp2040_timer0,100010020,R,h1_ocxo_open_loop,16
CNT,1,157,2,27480256000,27640272032,rp2040_timer0,100010020,R,h1_ocxo_open_loop,16
CNT,1,158,2,27656256016,27816272048,rp2040_timer0,100010020,R,h1_ocxo_open_loop,16
CNT,1,159,2,27832256048,27992272032,rp2040_timer0,100009990,R,h1_ocxo_open_loop,16
CNT,1,160,2,28008256048,28168272096,rp2040_timer0,100010030,R,h1_ocxo_open_loop,16
CNT,1,161,2,28184256064,28344272080,rp2040_timer0,100010010,R,h1_ocxo_open_loop,16
CNT,1,162,2,28360256032,28520272096,rp2040_timer0,100010040,R,h1_ocxo_open_loop,16
CNT,1,163,2,28536256048,28696272096,rp2040_timer0,100010030,R,h1_ocxo_open_loop,16
CNT,1,164,2,28712256032,28872272096,rp2040_timer0,100010040,R,h1_ocxo_open_loop,16
CNT,1,165,2,28888256000,29048272096,rp2040_timer0,100010060,R,h1_ocxo_open_loop,16
CNT,1,166,2,29064256032,29224272096,rp2040_timer0,100010040,R,h1_ocxo_open_loop,16
CNT,1,167,2,29240256032,29400272064,rp2040_timer0,100010020,R,h1_ocxo_open_loop,16
CNT,1,168,2,29416256032,29576272048,rp2040_timer0,100010010,R,h1_ocxo_open_loop,16
CNT,1,169,2,29592256016,29752272080,rp2040_timer0,100010040,R,h1_ocxo_open_loop,16
CNT,1,170,2,29768256048,29928272096,rp2040_timer0,100010030,R,h1_ocxo_open_loop,16
CNT,1,171,2,29944256064,30104272096,rp2040_timer0,100010020,R,h1_ocxo_open_loop,16
CNT,1,172,2,30120256064,30280272080,rp2040_timer0,100010010,R,h1_ocxo_open_loop,16
CNT,1,173,2,30296256064,30456272064,rp2040_timer0,100010000,R,h1_ocxo_open_loop,16
CNT,1,174,2,30472256048,30632272064,rp2040_timer0,100010010,R,h1_ocxo_open_loop,16
CNT,1,175,2,30648256048,30808272048,rp2040_timer0,100010000,R,h1_ocxo_open_loop,16
CNT,1,176,2,30824256048,30984272096,rp2040_timer0,100010030,R,h1_ocxo_open_loop,16
CNT,1,177,2,31000256032,31160272048,rp2040_timer0,100010010,R,h1_ocxo_open_loop,16
CNT,1,178,2,31176256048,31336272048,rp2040_timer0,100010000,R,h1_ocxo_open_loop,16
CNT,1,179,2,31352256048,31512272096,rp2040_timer0,100010030,R,h1_ocxo_open_loop,16
CNT,1,180,2,31528256016,31688272064,rp2040_timer0,100010030,R,h1_ocxo_open_loop,16
CNT,1,181,2,31704256048,31864272048,rp2040_timer0,100010000,R,h1_ocxo_open_loop,16
CNT,1,182,2,31880256032,32040272048,rp2040_timer0,100010010,R,h1_ocxo_open_loop,16
CNT,1,183,2,32056256016,32216272080,rp2040_timer0,100010040,R,h1_ocxo_open_loop,16
CNT,1,184,2,32232256064,32392272080,rp2040_timer0,100010010,R,h1_ocxo_open_loop,16
CNT,1,185,2,32408256064,32568272048,rp2040_timer0,100009990,R,h1_ocxo_open_loop,16
CNT,1,186,2,32584256032,32744272048,rp2040_timer0,100010010,R,h1_ocxo_open_loop,16
CNT,1,187,2,32760256016,32920272032,rp2040_timer0,100010010,R,h1_ocxo_open_loop,16
CNT,1,188,2,32936256032,33096272064,rp2040_timer0,100010020,R,h1_ocxo_open_loop,16
CNT,1,189,2,33112256048,33272272080,rp2040_timer0,100010020,R,h1_ocxo_open_loop,16
CNT,1,190,2,33288256016,33448272048,rp2040_timer0,100010020,R,h1_ocxo_open_loop,16
CNT,1,191,2,33464256016,33624272032,rp2040_timer0,100010010,R,h1_ocxo_open_loop,16
CNT,1,192,2,33640256048,33800272080,rp2040_timer0,100010020,R,h1_ocxo_open_loop,16
CNT,1,193,2,33816256000,33976272064,rp2040_timer0,100010040,R,h1_ocxo_open_loop,16
CNT,1,194,2,33992256000,34152272048,rp2040_timer0,100010030,R,h1_ocxo_open_loop,16
CNT,1,195,2,34168256032,34328272064,rp2040_timer0,100010020,R,h1_ocxo_open_loop,16
CNT,1,196,2,34344256000,34504272048,rp2040_timer0,100010030,R,h1_ocxo_open_loop,16
CNT,1,197,2,34520256064,34680272080,rp2040_timer0,100010010,R,h1_ocxo_open_loop,16
CNT,1,198,2,34696256064,34856272048,rp2040_timer0,100009990,R,h1_ocxo_open_loop,16
CNT,1,199,2,34872256016,35032272032,rp2040_timer0,100010010,R,h1_ocxo_open_loop,16
CNT,1,200,2,35048256000,35208272032,rp2040_timer0,100010020,R,h1_ocxo_open_loop,16
CNT,1,201,2,35224256032,35384272048,rp2040_timer0,100010010,R,h1_ocxo_open_loop,16
CNT,1,202,2,35400256064,35560272064,rp2040_timer0,100010000,R,h1_ocxo_open_loop,16
CNT,1,203,2,35576256048,35736272080,rp2040_timer0,100010020,R,h1_ocxo_open_loop,16
CNT,1,204,2,35752256032,35912272032,rp2040_timer0,100010000,R,h1_ocxo_open_loop,16
CNT,1,205,2,35928256064,36088272080,rp2040_timer0,100010010,R,h1_ocxo_open_loop,16
CNT,1,206,2,36104256048,36264272080,rp2040_timer0,100010020,R,h1_ocxo_open_loop,16
CNT,1,207,2,36280256048,36440272032,rp2040_timer0,100009990,R,h1_ocxo_open_loop,16
CNT,1,208,2,36456256016,36616272064,rp2040_timer0,100010030,R,h1_ocxo_open_loop,16
CNT,1,209,2,36632256000,36792272064,rp2040_timer0,100010040,R,h1_ocxo_open_loop,16
CNT,1,210,2,36808256064,36968272032,rp2040_timer0,100009980,R,h1_ocxo_open_loop,16
CNT,1,211,2,36984256032,37144272048,rp2040_timer0,100010010,R,h1_ocxo_open_loop,16
CNT,1,212,2,37160256000,37320272032,rp2040_timer0,100010020,R,h1_ocxo_open_loop,16
CNT,1,213,2,37336256032,37496272096,rp2040_timer0,100010040,R,h1_ocxo_open_loop,16
CNT,1,214,2,37512256000,37672272064,rp2040_timer0,100010040,R,h1_ocxo_open_loop,16
CNT,1,215,2,37688256000,37848272096,rp2040_timer0,100010060,R,h1_ocxo_open_loop,16
CNT,1,216,2,37864256064,38024272048,rp2040_timer0,100009990,R,h1_ocxo_open_loop,16
CNT,1,217,2,38040256048,38200272048,rp2040_timer0,100010000,R,h1_ocxo_open_loop,16
CNT,1,218,2,38216256016,38376272064,rp2040_timer0,100010030,R,h1_ocxo_open_loop,16
CNT,1,219,2,38392256016,38552272096,rp2040_timer0,100010050,R,h1_ocxo_open_loop,16
CNT,1,220,2,38568256000,38728272064,rp2040_timer0,100010040,R,h1_ocxo_open_loop,16
CNT,1,221,2,38744256048,38904272064,rp2040_timer0,100010010,R,h1_ocxo_open_loop,16
CNT,1,222,2,38920256064,39080272048,rp2040_timer0,100009990,R,h1_ocxo_open_loop,16
CNT,1,223,2,39096256016,39256272080,rp2040_timer0,100010040,R,h1_ocxo_open_loop,16
CNT,1,224,2,39272256032,39432272080,rp2040_timer0,100010030,R,h1_ocxo_open_loop,16
CNT,1,225,2,39448256048,39608272080,rp2040_timer0,100010020,R,h1_ocxo_open_loop,16
CNT,1,226,2,39624256000,39784272064,rp2040_timer0,100010040,R,h1_ocxo_open_loop,16
CNT,1,227,2,39800256016,39960272080,rp2040_timer0,100010040,R,h1_ocxo_open_loop,16
CNT,1,228,2,39976256032,40136272032,rp2040_timer0,100010000,R,h1_ocxo_open_loop,16
CNT,1,229,2,40152256048,40312272048,rp2040_timer0,100010000,R,h1_ocxo_open_loop,16
CNT,1,230,2,40328256000,40488272080,rp2040_timer0,100010050,R,h1_ocxo_open_loop,16
CNT,1,231,2,40504256000,40664272096,rp2040_timer0,100010060,R,h1_ocxo_open_loop,16
CNT,1,232,2,40680256064,40840272032,rp2040_timer0,100009980,R,h1_ocxo_open_loop,16
CNT,1,233,2,40856256064,41016272080,rp2040_timer0,100010010,R,h1_ocxo_open_loop,16
CNT,1,234,2,41032256048,41192272080,rp2040_timer0,100010020,R,h1_ocxo_open_loop,16
CNT,1,235,2,41208256064,41368272032,rp2040_timer0,100009980,R,h1_ocxo_open_loop,16
CNT,1,236,2,41384256016,41544272080,rp2040_timer0,100010040,R,h1_ocxo_open_loop,16
CNT,1,237,2,41560256064,41720272064,rp2040_timer0,100010000,R,h1_ocxo_open_loop,16
CNT,1,238,2,41736256064,41896272080,rp2040_timer0,100010010,R,h1_ocxo_open_loop,16
CNT,1,239,2,41912256032,42072272048,rp2040_timer0,100010010,R,h1_ocxo_open_loop,16
CNT,1,240,2,42088256064,42248272096,rp2040_timer0,100010020,R,h1_ocxo_open_loop,16
CNT,1,241,2,42264256048,42424272080,rp2040_timer0,100010020,R,h1_ocxo_open_loop,16
CNT,1,242,2,42440256000,42600272080,rp2040_timer0,100010050,R,h1_ocxo_open_loop,16
CNT,1,243,2,42616256048,42776272048,rp2040_timer0,100010000,R,h1_ocxo_open_loop,16
CNT,1,244,2,42792256016,42952272096,rp2040_timer0,100010050,R,h1_ocxo_open_loop,16
CNT,1,245,2,42968256016,43128272080,rp2040_timer0,100010040,R,h1_ocxo_open_loop,16
CNT,1,246,2,43144256048,43304272064,rp2040_timer0,100010010,R,h1_ocxo_open_loop,16
CNT,1,247,2,43320256048,43480272064,rp2040_timer0,100010010,R,h1_ocxo_open_loop,16
CNT,1,248,2,43496256048,43656272080,rp2040_timer0,100010020,R,h1_ocxo_open_loop,16
CNT,1,249,2,43672256016,43832272064,rp2040_timer0,100010030,R,h1_ocxo_open_loop,16
CNT,1,250,2,43848256016,44008272080,rp2040_timer0,100010040,R,h1_ocxo_open_loop,16
CNT,1,251,2,44024256064,44184272080,rp2040_timer0,100010010,R,h1_ocxo_open_loop,16
CNT,1,252,2,44200256048,44360272080,rp2040_timer0,100010020,R,h1_ocxo_open_loop,16
CNT,1,253,2,44376256064,44536272064,rp2040_timer0,100010000,R,h1_ocxo_open_loop,16
CNT,1,254,2,44552256032,44712272096,rp2040_timer0,100010040,R,h1_ocxo_open_loop,16
CNT,1,255,2,44728256016,44888272032,rp2040_timer0,100010010,R,h1_ocxo_open_loop,16
CNT,1,256,2,44904256016,45064272032,rp2040_timer0,100010010,R,h1_ocxo_open_loop,16
CNT,1,257,2,45080256064,45240272064,rp2040_timer0,100010000,R,h1_ocxo_open_loop,16
CNT,1,258,2,45256256016,45416272048,rp2040_timer0,100010020,R,h1_ocxo_open_loop,16
CNT,1,259,2,45432256032,45592272064,rp2040_timer0,100010020,R,h1_ocxo_open_loop,16
CNT,1,260,2,45608256064,45768272080,rp2040_timer0,100010010,R,h1_ocxo_open_loop,16
CNT,1,261,2,45784256032,45944272096,rp2040_timer0,100010040,R,h1_ocxo_open_loop,16
CNT,1,262,2,45960256048,46120272048,rp2040_timer0,100010000,R,h1_ocxo_open_loop,16
CNT,1,263,2,46136256000,46296272096,rp2040_timer0,100010060,R,h1_ocxo_open_loop,16
CNT,1,264,2,46312256016,46472272048,rp2040_timer0,100010020,R,h1_ocxo_open_loop,16
CNT,1,265,2,46488256032,46648272096,rp2040_timer0,100010040,R,h1_ocxo_open_loop,16
CNT,1,266,2,46664256016,46824272032,rp2040_timer0,100010010,R,h1_ocxo_open_loop,16
CNT,1,267,2,46840256000,47000272096,rp2040_timer0,100010060,R,h1_ocxo_open_loop,16
CNT,1,268,2,47016256064,47176272064,rp2040_timer0,100010000,R,h1_ocxo_open_loop,16
CNT,1,269,2,47192256048,47352272048,rp2040_timer0,100010000,R,h1_ocxo_open_loop,16
CNT,1,270,2,47368256016,47528272080,rp2040_timer0,100010040,R,h1_ocxo_open_loop,16
CNT,1,271,2,47544256032,47704272048,rp2040_timer0,100010010,R,h1_ocxo_open_loop,16
CNT,1,272,2,47720256048,47880272032,rp2040_timer0,100009990,R,h1_ocxo_open_loop,16
CNT,1,273,2,47896256064,48056272096,rp2040_timer0,100010020,R,h1_ocxo_open_loop,16
CNT,1,274,2,48072256016,48232272064,rp2040_timer0,100010030,R,h1_ocxo_open_loop,16
CNT,1,275,2,48248256048,48408272064,rp2040_timer0,100010010,R,h1_ocxo_open_loop,16
CNT,1,276,2,48424256016,48584272032,rp2040_timer0,100010010,R,h1_ocxo_open_loop,16
CNT,1,277,2,48600256000,48760272048,rp2040_timer0,100010030,R,h1_ocxo_open_loop,16
CNT,1,278,2,48776256064,48936272048,rp2040_timer0,100009990,R,h1_ocxo_open_loop,16
CNT,1,279,2,48952256064,49112272064,rp2040_timer0,100010000,R,h1_ocxo_open_loop,16
CNT,1,280,2,49128256032,49288272064,rp2040_timer0,100010020,R,h1_ocxo_open_loop,16
CNT,1,281,2,49304256064,49464272048,rp2040_timer0,100009990,R,h1_ocxo_open_loop,16
CNT,1,282,2,49480256016,49640272080,rp2040_timer0,100010040,R,h1_ocxo_open_loop,16
CNT,1,283,2,49656256032,49816272032,rp2040_timer0,100010000,R,h1_ocxo_open_loop,16
CNT,1,284,2,49832256016,49992272080,rp2040_timer0,100010040,R,h1_ocxo_open_loop,16
CNT,1,285,2,50008256048,50168272064,rp2040_timer0,100010010,R,h1_ocxo_open_loop,16
CNT,1,286,2,50184256016,50344272080,rp2040_timer0,100010040,R,h1_ocxo_open_loop,16
CNT,1,287,2,50360256000,50520272048,rp2040_timer0,100010030,R,h1_ocxo_open_loop,16
CNT,1,288,2,50536256000,50696272064,rp2040_timer0,100010040,R,h1_ocxo_open_loop,16
CNT,1,289,2,50712256000,50872272096,rp2040_timer0,100010060,R,h1_ocxo_open_loop,16
CNT,1,290,2,50888256064,51048272048,rp2040_timer0,100009990,R,h1_ocxo_open_loop,16
CNT,1,291,2,51064256016,51224272032,rp2040_timer0,100010010,R,h1_ocxo_open_loop,16
CNT,1,292,2,51240256016,51400272080,rp2040_timer0,100010040,R,h1_ocxo_open_loop,16
CNT,1,293,2,51416256000,51576272096,rp2040_timer0,100010060,R,h1_ocxo_open_loop,16
CNT,1,294,2,51592256000,51752272080,rp2040_timer0,100010050,R,h1_ocxo_open_loop,16
CNT,1,295,2,51768256016,51928272064,rp2040_timer0,100010030,R,h1_ocxo_open_loop,16
CNT,1,296,2,51944256000,52104272032,rp2040_timer0,100010020,R,h1_ocxo_open_loop,16
CNT,1,297,2,52120256048,52280272080,rp2040_timer0,100010020,R,h1_ocxo_open_loop,16
CNT,1,298,2,52296256064,52456272048,rp2040_timer0,100009990,R,h1_ocxo_open_loop,16
CNT,1,299,2,52472256032,52632272080,rp2040_timer0,100010030,R,h1_ocxo_open_loop,16
CNT,1,300,2,52648256064,52808272096,rp2040_timer0,100010020,R,h1_ocxo_open_loop,16
CNT,1,301,2,52824256016,52984272048,rp2040_timer0,100010020,R,h1_ocxo_open_loop,16
CNT,1,302,2,53000256016,53160272032,rp2040_timer0,100010010,R,h1_ocxo_open_loop,16
CNT,1,303,2,53176256048,53336272064,rp2040_timer0,100010010,R,h1_ocxo_open_loop,16
CNT,1,304,2,53352256064,53512272048,rp2040_timer0,100009990,R,h1_ocxo_open_loop,16
CNT,1,305,2,53528256000,53688272096,rp2040_timer0,100010060,R,h1_ocxo_open_loop,16
CNT,1,306,2,53704256064,53864272048,rp2040_timer0,100009990,R,h1_ocxo_open_loop,16
CNT,1,307,2,53880256032,54040272048,rp2040_timer0,100010010,R,h1_ocxo_open_loop,16
CNT,1,308,2,54056256064,54216272080,rp2040_timer0,100010010,R,h1_ocxo_open_loop,16
CNT,1,309,2,54232256048,54392272064,rp2040_timer0,100010010,R,h1_ocxo_open_loop,16
CNT,1,310,2,54408256032,54568272080,rp2040_timer0,100010030,R,h1_ocxo_open_loop,16
CNT,1,311,2,54584256000,54744272032,rp2040_timer0,100010020,R,h1_ocxo_open_loop,16
CNT,1,312,2,54760256016,54920272048,rp2040_timer0,100010020,R,h1_ocxo_open_loop,16
CNT,1,313,2,54936256016,55096272096,rp2040_timer0,100010050,R,h1_ocxo_open_loop,16
CNT,1,314,2,55112256048,55272272048,rp2040_timer0,100010000,R,h1_ocxo_open_loop,16
CNT,1,315,2,55288256016,55448272080,rp2040_timer0,100010040,R,h1_ocxo_open_loop,16
CNT,1,316,2,55464256048,55624272080,rp2040_timer0,100010020,R,h1_ocxo_open_loop,16
CNT,1,317,2,55640256064,55800272064,rp2040_timer0,100010000,R,h1_ocxo_open_loop,16
CNT,1,318,2,55816256048,55976272064,rp2040_timer0,100010010,R,h1_ocxo_open_loop,16
CNT,1,319,2,55992256048,56152272032,rp2040_timer0,100009990,R,h1_ocxo_open_loop,16
CNT,1,320,2,56168256032,56328272048,rp2040_timer0,100010010,R,h1_ocxo_open_loop,16
CNT,1,321,2,56344256064,56504272032,rp2040_timer0,100009980,R,h1_ocxo_open_loop,16
CNT,1,322,2,56520256048,56680272064,rp2040_timer0,100010010,R,h1_ocxo_open_loop,16
CNT,1,323,2,56696256048,56856272064,rp2040_timer0,100010010,R,h1_ocxo_open_loop,16
CNT,1,324,2,56872256064,57032272048,rp2040_timer0,100009990,R,h1_ocxo_open_loop,16
CNT,1,325,2,57048256064,57208272032,rp2040_timer0,100009980,R,h1_ocxo_open_loop,16
CNT,1,326,2,57224256016,57384272032,rp2040_timer0,100010010,R,h1_ocxo_open_loop,16
CNT,1,327,2,57400256016,57560272064,rp2040_timer0,100010030,R,h1_ocxo_open_loop,16
CNT,1,328,2,57576256032,57736272080,rp2040_timer0,100010030,R,h1_ocxo_open_loop,16
CNT,1,329,2,57752256032,57912272096,rp2040_timer0,100010040,R,h1_ocxo_open_loop,16
CNT,1,330,2,57928256000,58088272096,rp2040_timer0,100010060,R,h1_ocxo_open_loop,16
CNT,1,331,2,58104256016,58264272096,rp2040_timer0,100010050,R,h1_ocxo_open_loop,16
CNT,1,332,2,58280256000,58440272096,rp2040_timer0,100010060,R,h1_ocxo_open_loop,16
CNT,1,333,2,58456256000,58616272048,rp2040_timer0,100010030,R,h1_ocxo_open_loop,16
CNT,1,334,2,58632256032,58792272096,rp2040_timer0,100010040,R,h1_ocxo_open_loop,16
CNT,1,335,2,58808256032,58968272096,rp2040_timer0,100010040,R,h1_ocxo_open_loop,16
CNT,1,336,2,58984256048,59144272048,rp2040_timer0,100010000,R,h1_ocxo_open_loop,16
CNT,1,337,2,59160256048,59320272080,rp2040_timer0,100010020,R,h1_ocxo_open_loop,16
CNT,1,338,2,59336256048,59496272080,rp2040_timer0,100010020,R,h1_ocxo_open_loop,16
CNT,1,339,2,59512256000,59672272064,rp2040_timer0,100010040,R,h1_ocxo_open_loop,16
CNT,1,340,2,59688256000,59848272096,rp2040_timer0,100010060,R,h1_ocxo_open_loop,16
CNT,1,341,2,59864256048,60024272048,rp2040_timer0,100010000,R,h1_ocxo_open_loop,16
CNT,1,342,2,60040256064,60200272080,rp2040_timer0,100010010,R,h1_ocxo_open_loop,16
CNT,1,343,2,60216256016,60376272080,rp2040_timer0,100010040,R,h1_ocxo_open_loop,16
CNT,1,344,2,60392256048,60552272080,rp2040_timer0,100010020,R,h1_ocxo_open_loop,16
CNT,1,345,2,60568256032,60728272048,rp2040_timer0,100010010,R,h1_ocxo_open_loop,16
CNT,1,346,2,60744256032,60904272096,rp2040_timer0,100010040,R,h1_ocxo_open_loop,16
CNT,1,347,2,60920256064,61080272080,rp2040_timer0,100010010,R,h1_ocxo_open_loop,16
CNT,1,348,2,61096256016,61256272080,rp2040_timer0,100010040,R,h1_ocxo_open_loop,16
CNT,1,349,2,61272256000,61432272048,rp2040_timer0,100010030,R,h1_ocxo_open_loop,16
CNT,1,350,2,61448256048,61608272048,rp2040_timer0,100010000,R,h1_ocxo_open_loop,16
CNT,1,351,2,61624256064,61784272032,rp2040_timer0,100009980,R,h1_ocxo_open_loop,16
CNT,1,352,2,61800256064,61960272048,rp2040_timer0,100009990,R,h1_ocxo_open_loop,16
CNT,1,353,2,61976256032,62136272096,rp2040_timer0,100010040,R,h1_ocxo_open_loop,16
CNT,1,354,2,62152256048,62312272064,rp2040_timer0,100010010,R,h1_ocxo_open_loop,16
CNT,1,355,2,62328256048,62488272048,rp2040_timer0,100010000,R,h1_ocxo_open_loop,16
CNT,1,356,2,62504256032,62664272096,rp2040_timer0,100010040,R,h1_ocxo_open_loop,16
CNT,1,357,2,62680256016,62840272080,rp2040_timer0,100010040,R,h1_ocxo_open_loop,16
CNT,1,358,2,62856256016,63016272048,rp2040_timer0,100010020,R,h1_ocxo_open_loop,16
CNT,1,359,2,63032256032,63192272064,rp2040_timer0,100010020,R,h1_ocxo_open_loop,16
CNT,1,360,2,63208256016,63368272096,rp2040_timer0,100010050,R,h1_ocxo_open_loop,16
CNT,1,361,2,63384256048,63544272080,rp2040_timer0,100010020,R,h1_ocxo_open_loop,16
CNT,1,362,2,63560256032,63720272032,rp2040_timer0,100010000,R,h1_ocxo_open_loop,16
CNT,1,363,2,63736256000,63896272064,rp2040_timer0,100010040,R,h1_ocxo_open_loop,16
CNT,1,364,2,63912256048,64072272096,rp2040_timer0,100010030,R,h1_ocxo_open_loop,16
CNT,1,365,2,64088256016,64248272048,rp2040_timer0,100010020,R,h1_ocxo_open_loop,16
CNT,1,366,2,64264256000,64424272048,rp2040_timer0,100010030,R,h1_ocxo_open_loop,16
CNT,1,367,2,64440256016,64600272080,rp2040_timer0,100010040,R,h1_ocxo_open_loop,16
CNT,1,368,2,64616256000,64776272064,rp2040_timer0,100010040,R,h1_ocxo_open_loop,16
CNT,1,369,2,64792256032,64952272080,rp2040_timer0,100010030,R,h1_ocxo_open_loop,16
CNT,1,370,2,64968256048,65128272080,rp2040_timer0,100010020,R,h1_ocxo_open_loop,16
CNT,1,371,2,65144256064,65304272080,rp2040_timer0,100010010,R,h1_ocxo_open_loop,16
CNT,1,372,2,65320256032,65480272064,rp2040_timer0,100010020,R,h1_ocxo_open_loop,16
CNT,1,373,2,65496256064,65656272064,rp2040_timer0,100010000,R,h1_ocxo_open_loop,16
CNT,1,374,2,65672256016,65832272064,rp2040_timer0,100010030,R,h1_ocxo_open_loop,16
CNT,1,375,2,65848256032,66008272080,rp2040_timer0,100010030,R,h1_ocxo_open_loop,16
CNT,1,376,2,66024256064,66184272096,rp2040_timer0,100010020,R,h1_ocxo_open_loop,16
CNT,1,377,2,66200256032,66360272064,rp2040_timer0,100010020,R,h1_ocxo_open_loop,16
CNT,1,378,2,66376256064,66536272048,rp2040_timer0,100009990,R,h1_ocxo_open_loop,16
CNT,1,379,2,66552256064,66712272064,rp2040_timer0,100010000,R,h1_ocxo_open_loop,16
CNT,1,380,2,66728256000,66888272080,rp2040_timer0,100010050,R,h1_ocxo_open_loop,16
CNT,1,381,2,66904256048,67064272080,rp2040_timer0,100010020,R,h1_ocxo_open_loop,16
CNT,1,382,2,67080256032,67240272048,rp2040_timer0,100010010,R,h1_ocxo_open_loop,16
CNT,1,383,2,67256256048,67416272080,rp2040_timer0,100010020,R,h1_ocxo_open_loop,16
CNT,1,384,2,67432256016,67592272064,rp2040_timer0,100010030,R,h1_ocxo_open_loop,16
CNT,1,385,2,67608256064,67768272048,rp2040_timer0,100009990,R,h1_ocxo_open_loop,16
CNT,1,386,2,67784256048,67944272096,rp2040_timer0,100010030,R,h1_ocxo_open_loop,16
CNT,1,387,2,67960256032,68120272080,rp2040_timer0,100010030,R,h1_ocxo_open_loop,16
CNT,1,388,2,68136256032,68296272080,rp2040_timer0,100010030,R,h1_ocxo_open_loop,16
CNT,1,389,2,68312256032,68472272080,rp2040_timer0,100010030,R,h1_ocxo_open_loop,16
CNT,1,390,2,68488256064,68648272032,rp2040_timer0,100009980,R,h1_ocxo_open_loop,16
CNT,1,391,2,68664256000,68824272048,rp2040_timer0,100010030,R,h1_ocxo_open_loop,16
CNT,1,392,2,120779328,280795376,rp2040_timer0,100010030,R,h1_ocxo_open_loop,16
CNT,1,393,2,296779328,456795376,rp2040_timer0,100010030,R,h1_ocxo_open_loop,16
CNT,1,394,2,472779312,632795360,rp2040_timer0,100010030,R,h1_ocxo_open_loop,16
CNT,1,395,2,648779280,808795328,rp2040_timer0,100010030,R,h1_ocxo_open_loop,16
CNT,1,396,2,824779328,984795376,rp2040_timer0,100010030,R,h1_ocxo_open_loop,16
CNT,1,397,2,1000779328,1160795376,rp2040_timer0,100010030,R,h1_ocxo_open_loop,16
CNT,1,398,2,1176779376,1336795344,rp2040_timer0,100009980,R,h1_ocxo_open_loop,16
CNT,1,399,2,1352779344,1512795344,rp2040_timer0,100010000,R,h1_ocxo_open_loop,16
CNT,1,400,2,1528779328,1688795376,rp2040_timer0,100010030,R,h1_ocxo_open_loop,16
CNT,1,401,2,1704779280,1864795328,rp2040_timer0,100010030,R,h1_ocxo_open_loop,16
CNT,1,402,2,1880779296,2040795344,rp2040_timer0,100010030,R,h1_ocxo_open_loop,16
CNT,1,403,2,2056779312,2216795312,rp2040_timer0,100010000,R,h1_ocxo_open_loop,16
CNT,1,404,2,2232779280,2392795312,rp2040_timer0,100010020,R,h1_ocxo_open_loop,16
CNT,1,405,2,2408779296,2568795328,rp2040_timer0,100010020,R,h1_ocxo_open_loop,16
CNT,1,406,2,2584779280,2744795360,rp2040_timer0,100010050,R,h1_ocxo_open_loop,16
CNT,1,407,2,2760779280,2920795360,rp2040_timer0,100010050,R,h1_ocxo_open_loop,16
CNT,1,408,2,2936779312,3096795360,rp2040_timer0,100010030,R,h1_ocxo_open_loop,16
CNT,1,409,2,3112779312,3272795328,rp2040_timer0,100010010,R,h1_ocxo_open_loop,16
CNT,1,410,2,3288779280,3448795344,rp2040_timer0,100010040,R,h1_ocxo_open_loop,16
CNT,1,411,2,3464779328,3624795360,rp2040_timer0,100010020,R,h1_ocxo_open_loop,16
CNT,1,412,2,3640779312,3800795360,rp2040_timer0,100010030,R,h1_ocxo_open_loop,16
CNT,1,413,2,3816779280,3976795376,rp2040_timer0,100010060,R,h1_ocxo_open_loop,16
CNT,1,414,2,3992779328,4152795312,rp2040_timer0,100009990,R,h1_ocxo_open_loop,16
CNT,1,415,2,4168779328,4328795312,rp2040_timer0,100009990,R,h1_ocxo_open_loop,16
CNT,1,416,2,4344779344,4504795328,rp2040_timer0,100009990,R,h1_ocxo_open_loop,16
CNT,1,417,2,4520779328,4680795376,rp2040_timer0,100010030,R,h1_ocxo_open_loop,16
CNT,1,418,2,4696779328,4856795312,rp2040_timer0,100009990,R,h1_ocxo_open_loop,16
CNT,1,419,2,4872779328,5032795360,rp2040_timer0,100010020,R,h1_ocxo_open_loop,16
CNT,1,420,2,5048779328,5208795328,rp2040_timer0,100010000,R,h1_ocxo_open_loop,16
CNT,1,421,2,5224779328,5384795328,rp2040_timer0,100010000,R,h1_ocxo_open_loop,16
CNT,1,422,2,5400779328,5560795344,rp2040_timer0,100010010,R,h1_ocxo_open_loop,16
CNT,1,423,2,5576779344,5736795312,rp2040_timer0,100009980,R,h1_ocxo_open_loop,16
CNT,1,424,2,5752779280,5912795360,rp2040_timer0,100010050,R,h1_ocxo_open_loop,16
CNT,1,425,2,5928779344,6088795312,rp2040_timer0,100009980,R,h1_ocxo_open_loop,16
CNT,1,426,2,6104779280,6264795360,rp2040_timer0,100010050,R,h1_ocxo_open_loop,16
CNT,1,427,2,6280779280,6440795312,rp2040_timer0,100010020,R,h1_ocxo_open_loop,16
CNT,1,428,2,6456779296,6616795328,rp2040_timer0,100010020,R,h1_ocxo_open_loop,16
CNT,1,429,2,6632779312,6792795360,rp2040_timer0,100010030,R,h1_ocxo_open_loop,16
CNT,1,430,2,6808779296,6968795312,rp2040_timer0,100010010,R,h1_ocxo_open_loop,16
CNT,1,431,2,6984779296,7144795376,rp2040_timer0,100010050,R,h1_ocxo_open_loop,16
CNT,1,432,2,7160779296,7320795328,rp2040_timer0,100010020,R,h1_ocxo_open_loop,16
CNT,1,433,2,7336779344,7496795344,rp2040_timer0,100010000,R,h1_ocxo_open_loop,16
CNT,1,434,2,7512779344,7672795344,rp2040_timer0,100010000,R,h1_ocxo_open_loop,16
CNT,1,435,2,7688779344,7848795360,rp2040_timer0,100010010,R,h1_ocxo_open_loop,16
CNT,1,436,2,7864779280,8024795360,rp2040_timer0,100010050,R,h1_ocxo_open_loop,16
CNT,1,437,2,8040779328,8200795360,rp2040_timer0,100010020,R,h1_ocxo_open_loop,16
CNT,1,438,2,8216779296,8376795376,rp2040_timer0,100010050,R,h1_ocxo_open_loop,16
CNT,1,439,2,8392779280,8552795328,rp2040_timer0,100010030,R,h1_ocxo_open_loop,16
CNT,1,440,2,8568779312,8728795312,rp2040_timer0,100010000,R,h1_ocxo_open_loop,16
CNT,1,441,2,8744779296,8904795360,rp2040_timer0,100010040,R,h1_ocxo_open_loop,16
CNT,1,442,2,8920779344,9080795360,rp2040_timer0,100010010,R,h1_ocxo_open_loop,16
CNT,1,443,2,9096779280,9256795328,rp2040_timer0,100010030,R,h1_ocxo_open_loop,16
CNT,1,444,2,9272779264,9432795360,rp2040_timer0,100010060,R,h1_ocxo_open_loop,16
CNT,1,445,2,9448779280,9608795360,rp2040_timer0,100010050,R,h1_ocxo_open_loop,16
CNT,1,446,2,9624779280,9784795376,rp2040_timer0,100010060,R,h1_ocxo_open_loop,16
CNT,1,447,2,9800779328,9960795360,rp2040_timer0,100010020,R,h1_ocxo_open_loop,16
CNT,1,448,2,9976779344,10136795376,rp2040_timer0,100010020,R,h1_ocxo_open_loop,16
CNT,1,449,2,10152779280,10312795328,rp2040_timer0,100010030,R,h1_ocxo_open_loop,16
CNT,1,450,2,10328779296,10488795376,rp2040_timer0,100010050,R,h1_ocxo_open_loop,16
CNT,1,451,2,10504779328,10664795376,rp2040_timer0,100010030,R,h1_ocxo_open_loop,16
CNT,1,452,2,10680779296,10840795360,rp2040_timer0,100010040,R,h1_ocxo_open_loop,16
CNT,1,453,2,10856779264,11016795344,rp2040_timer0,100010050,R,h1_ocxo_open_loop,16
CNT,1,454,2,11032779312,11192795312,rp2040_timer0,100010000,R,h1_ocxo_open_loop,16
CNT,1,455,2,11208779280,11368795344,rp2040_timer0,100010040,R,h1_ocxo_open_loop,16
CNT,1,456,2,11384779312,11544795312,rp2040_timer0,100010000,R,h1_ocxo_open_loop,16
CNT,1,457,2,11560779312,11720795376,rp2040_timer0,100010040,R,h1_ocxo_open_loop,16
CNT,1,458,2,11736779280,11896795328,rp2040_timer0,100010030,R,h1_ocxo_open_loop,16
CNT,1,459,2,11912779280,12072795328,rp2040_timer0,100010030,R,h1_ocxo_open_loop,16
CNT,1,460,2,12088779312,12248795328,rp2040_timer0,100010010,R,h1_ocxo_open_loop,16
CNT,1,461,2,12264779264,12424795344,rp2040_timer0,100010050,R,h1_ocxo_open_loop,16
CNT,1,462,2,12440779280,12600795344,rp2040_timer0,100010040,R,h1_ocxo_open_loop,16
CNT,1,463,2,12616779328,12776795376,rp2040_timer0,100010030,R,h1_ocxo_open_loop,16
CNT,1,464,2,12792779328,12952795296,rp2040_timer0,100009980,R,h1_ocxo_open_loop,16
CNT,1,465,2,12968779264,13128795312,rp2040_timer0,100010030,R,h1_ocxo_open_loop,16
CNT,1,466,2,13144779328,13304795344,rp2040_timer0,100010010,R,h1_ocxo_open_loop,16
CNT,1,467,2,13320779344,13480795360,rp2040_timer0,100010010,R,h1_ocxo_open_loop,16
CNT,1,468,2,13496779280,13656795344,rp2040_timer0,100010040,R,h1_ocxo_open_loop,16
CNT,1,469,2,13672779312,13832795328,rp2040_timer0,100010010,R,h1_ocxo_open_loop,16
CNT,1,470,2,13848779312,14008795312,rp2040_timer0,100010000,R,h1_ocxo_open_loop,16
CNT,1,471,2,14024779328,14184795376,rp2040_timer0,100010030,R,h1_ocxo_open_loop,16
CNT,1,472,2,14200779328,14360795312,rp2040_timer0,100009990,R,h1_ocxo_open_loop,16
CNT,1,473,2,14376779264,14536795312,rp2040_timer0,100010030,R,h1_ocxo_open_loop,16
CNT,1,474,2,14552779296,14712795360,rp2040_timer0,100010040,R,h1_ocxo_open_loop,16
CNT,1,475,2,14728779344,14888795360,rp2040_timer0,100010010,R,h1_ocxo_open_loop,16
CNT,1,476,2,14904779312,15064795376,rp2040_timer0,100010040,R,h1_ocxo_open_loop,16
CNT,1,477,2,15080779312,15240795328,rp2040_timer0,100010010,R,h1_ocxo_open_loop,16
CNT,1,478,2,15256779296,15416795328,rp2040_timer0,100010020,R,h1_ocxo_open_loop,16
CNT,1,479,2,15432779264,15592795360,rp2040_timer0,100010060,R,h1_ocxo_open_loop,16
CNT,1,480,2,15608779344,15768795376,rp2040_timer0,100010020,R,h1_ocxo_open_loop,16
CNT,1,481,2,15784779296,15944795344,rp2040_timer0,100010030,R,h1_ocxo_open_loop,16
CNT,1,482,2,15960779280,16120795360,rp2040_timer0,100010050,R,h1_ocxo_open_loop,16
CNT,1,483,2,16136779328,16296795344,rp2040_timer0,100010010,R,h1_ocxo_open_loop,16
CNT,1,484,2,16312779296,16472795344,rp2040_timer0,100010030,R,h1_ocxo_open_loop,16
CNT,1,485,2,16488779344,16648795296,rp2040_timer0,100009970,R,h1_ocxo_open_loop,16
CNT,1,486,2,16664779312,16824795344,rp2040_timer0,100010020,R,h1_ocxo_open_loop,16
CNT,1,487,2,16840779280,17000795296,rp2040_timer0,100010010,R,h1_ocxo_open_loop,16
CNT,1,488,2,17016779312,17176795360,rp2040_timer0,100010030,R,h1_ocxo_open_loop,16
CNT,1,489,2,17192779328,17352795328,rp2040_timer0,100010000,R,h1_ocxo_open_loop,16
CNT,1,490,2,17368779344,17528795360,rp2040_timer0,100010010,R,h1_ocxo_open_loop,16
CNT,1,491,2,17544779344,17704795312,rp2040_timer0,100009980,R,h1_ocxo_open_loop,16
CNT,1,492,2,17720779280,17880795344,rp2040_timer0,100010040,R,h1_ocxo_open_loop,16
CNT,1,493,2,17896779296,18056795344,rp2040_timer0,100010030,R,h1_ocxo_open_loop,16
CNT,1,494,2,18072779280,18232795328,rp2040_timer0,100010030,R,h1_ocxo_open_loop,16
CNT,1,495,2,18248779344,18408795376,rp2040_timer0,100010020,R,h1_ocxo_open_loop,16
CNT,1,496,2,18424779280,18584795328,rp2040_timer0,100010030,R,h1_ocxo_open_loop,16
CNT,1,497,2,18600779344,18760795376,rp2040_timer0,100010020,R,h1_ocxo_open_loop,16
CNT,1,498,2,18776779280,18936795344,rp2040_timer0,100010040,R,h1_ocxo_open_loop,16
CNT,1,499,2,18952779280,19112795376,rp2040_timer0,100010060,R,h1_ocxo_open_loop,16
CNT,1,500,2,19128779328,19288795344,rp2040_timer0,100010010,R,h1_ocxo_open_loop,16
CNT,1,501,2,19304779296,19464795312,rp2040_timer0,100010010,R,h1_ocxo_open_loop,16
CNT,1,502,2,19480779280,19640795376,rp2040_timer0,100010060,R,h1_ocxo_open_loop,16
CNT,1,503,2,19656779280,19816795328,rp2040_timer0,100010030,R,h1_ocxo_open_loop,16
CNT,1,504,2,19832779344,19992795376,rp2040_timer0,100010020,R,h1_ocxo_open_loop,16
CNT,1,505,2,20008779328,20168795344,rp2040_timer0,100010010,R,h1_ocxo_open_loop,16
CNT,1,506,2,20184779328,20344795360,rp2040_timer0,100010020,R,h1_ocxo_open_loop,16
CNT,1,507,2,20360779296,20520795344,rp2040_timer0,100010030,R,h1_ocxo_open_loop,16
CNT,1,508,2,20536779312,20696795376,rp2040_timer0,100010040,R,h1_ocxo_open_loop,16
CNT,1,509,2,20712779328,20872795328,rp2040_timer0,100010000,R,h1_ocxo_open_loop,16
CNT,1,510,2,20888779280,21048795328,rp2040_timer0,100010030,R,h1_ocxo_open_loop,16
CNT,1,511,2,21064779264,21224795312,rp2040_timer0,100010030,R,h1_ocxo_open_loop,16
CNT,1,512,2,21240779264,21400795312,rp2040_timer0,100010030,R,h1_ocxo_open_loop,16
CNT,1,513,2,21416779312,21576795312,rp2040_timer0,100010000,R,h1_ocxo_open_loop,16
CNT,1,514,2,21592779296,21752795376,rp2040_timer0,100010050,R,h1_ocxo_open_loop,16
CNT,1,515,2,21768779280,21928795312,rp2040_timer0,100010020,R,h1_ocxo_open_loop,16
CNT,1,516,2,21944779280,22104795344,rp2040_timer0,100010040,R,h1_ocxo_open_loop,16
CNT,1,517,2,22120779264,22280795328,rp2040_timer0,100010040,R,h1_ocxo_open_loop,16
CNT,1,518,2,22296779312,22456795328,rp2040_timer0,100010010,R,h1_ocxo_open_loop,16
CNT,1,519,2,22472779312,22632795344,rp2040_timer0,100010020,R,h1_ocxo_open_loop,16
CNT,1,520,2,22648779280,22808795360,rp2040_timer0,100010050,R,h1_ocxo_open_loop,16
CNT,1,521,2,22824779280,22984795376,rp2040_timer0,100010060,R,h1_ocxo_open_loop,16
CNT,1,522,2,23000779280,23160795344,rp2040_timer0,100010040,R,h1_ocxo_open_loop,16
CNT,1,523,2,23176779312,23336795376,rp2040_timer0,100010040,R,h1_ocxo_open_loop,16
CNT,1,524,2,23352779296,23512795312,rp2040_timer0,100010010,R,h1_ocxo_open_loop,16
CNT,1,525,2,23528779344,23688795296,rp2040_timer0,100009970,R,h1_ocxo_open_loop,16
CNT,1,526,2,23704779280,23864795376,rp2040_timer0,100010060,R,h1_ocxo_open_loop,16
CNT,1,527,2,23880779296,24040795328,rp2040_timer0,100010020,R,h1_ocxo_open_loop,16
CNT,1,528,2,24056779328,24216795296,rp2040_timer0,100009980,R,h1_ocxo_open_loop,16
CNT,1,529,2,24232779312,24392795360,rp2040_timer0,100010030,R,h1_ocxo_open_loop,16
CNT,1,530,2,24408779312,24568795312,rp2040_timer0,100010000,R,h1_ocxo_open_loop,16
CNT,1,531,2,24584779344,24744795360,rp2040_timer0,100010010,R,h1_ocxo_open_loop,16
CNT,1,532,2,24760779312,24920795344,rp2040_timer0,100010020,R,h1_ocxo_open_loop,16
CNT,1,533,2,24936779264,25096795360,rp2040_timer0,100010060,R,h1_ocxo_open_loop,16
CNT,1,534,2,25112779312,25272795344,rp2040_timer0,100010020,R,h1_ocxo_open_loop,16
CNT,1,535,2,25288779328,25448795328,rp2040_timer0,100010000,R,h1_ocxo_open_loop,16
CNT,1,536,2,25464779328,25624795376,rp2040_timer0,100010030,R,h1_ocxo_open_loop,16
CNT,1,537,2,25640779280,25800795360,rp2040_timer0,100010050,R,h1_ocxo_open_loop,16
CNT,1,538,2,25816779344,25976795328,rp2040_timer0,100009990,R,h1_ocxo_open_loop,16
CNT,1,539,2,25992779328,26152795344,rp2040_timer0,100010010,R,h1_ocxo_open_loop,16
CNT,1,540,2,26168779344,26328795360,rp2040_timer0,100010010,R,h1_ocxo_open_loop,16
CNT,1,541,2,26344779296,26504795344,rp2040_timer0,100010030,R,h1_ocxo_open_loop,16
CNT,1,542,2,26520779280,26680795344,rp2040_timer0,100010040,R,h1_ocxo_open_loop,16
CNT,1,543,2,26696779312,26856795344,rp2040_timer0,100010020,R,h1_ocxo_open_loop,16
CNT,1,544,2,26872779328,27032795312,rp2040_timer0,100009990,R,h1_ocxo_open_loop,16
CNT,1,545,2,27048779280,27208795376,rp2040_timer0,100010060,R,h1_ocxo_open_loop,16
CNT,1,546,2,27224779296,27384795328,rp2040_timer0,100010020,R,h1_ocxo_open_loop,16
CNT,1,547,2,27400779264,27560795344,rp2040_timer0,100010050,R,h1_ocxo_open_loop,16
CNT,1,548,2,27576779328,27736795328,rp2040_timer0,100010000,R,h1_ocxo_open_loop,16
CNT,1,549,2,27752779312,27912795360,rp2040_timer0,100010030,R,h1_ocxo_open_loop,16
CNT,1,550,2,27928779296,28088795312,rp2040_timer0,100010010,R,h1_ocxo_open_loop,16
CNT,1,551,2,28104779264,28264795376,rp2040_timer0,100010070,R,h1_ocxo_open_loop,16
CNT,1,552,2,28280779312,28440795360,rp2040_timer0,100010030,R,h1_ocxo_open_loop,16
CNT,1,553,2,28456779280,28616795344,rp2040_timer0,100010040,R,h1_ocxo_open_loop,16
CNT,1,554,2,28632779328,28792795360,rp2040_timer0,100010020,R,h1_ocxo_open_loop,16
CNT,1,555,2,28808779328,28968795328,rp2040_timer0,100010000,R,h1_ocxo_open_loop,16
CNT,1,556,2,28984779312,29144795312,rp2040_timer0,100010000,R,h1_ocxo_open_loop,16
CNT,1,557,2,29160779264,29320795328,rp2040_timer0,100010040,R,h1_ocxo_open_loop,16
CNT,1,558,2,29336779280,29496795376,rp2040_timer0,100010060,R,h1_ocxo_open_loop,16
CNT,1,559,2,29512779328,29672795312,rp2040_timer0,100009990,R,h1_ocxo_open_loop,16
CNT,1,560,2,29688779264,29848795360,rp2040_timer0,100010060,R,h1_ocxo_open_loop,16
CNT,1,561,2,29864779296,30024795312,rp2040_timer0,100010010,R,h1_ocxo_open_loop,16
CNT,1,562,2,30040779296,30200795376,rp2040_timer0,100010050,R,h1_ocxo_open_loop,16
CNT,1,563,2,30216779280,30376795376,rp2040_timer0,100010060,R,h1_ocxo_open_loop,16
CNT,1,564,2,30392779280,30552795328,rp2040_timer0,100010030,R,h1_ocxo_open_loop,16
CNT,1,565,2,30568779328,30728795376,rp2040_timer0,100010030,R,h1_ocxo_open_loop,16
CNT,1,566,2,30744779280,30904795312,rp2040_timer0,100010020,R,h1_ocxo_open_loop,16
CNT,1,567,2,30920779328,31080795344,rp2040_timer0,100010010,R,h1_ocxo_open_loop,16
CNT,1,568,2,31096779264,31256795312,rp2040_timer0,100010030,R,h1_ocxo_open_loop,16
CNT,1,569,2,31272779296,31432795328,rp2040_timer0,100010020,R,h1_ocxo_open_loop,16
CNT,1,570,2,31448779280,31608795312,rp2040_timer0,100010020,R,h1_ocxo_open_loop,16
CNT,1,571,2,31624779344,31784795312,rp2040_timer0,100009980,R,h1_ocxo_open_loop,16
CNT,1,572,2,31800779264,31960795376,rp2040_timer0,100010070,R,h1_ocxo_open_loop,16
CNT,1,573,2,31976779296,32136795328,rp2040_timer0,100010020,R,h1_ocxo_open_loop,16
CNT,1,574,2,32152779344,32312795312,rp2040_timer0,100009980,R,h1_ocxo_open_loop,16
CNT,1,575,2,32328779344,32488795360,rp2040_timer0,100010010,R,h1_ocxo_open_loop,16
CNT,1,576,2,32504779312,32664795328,rp2040_timer0,100010010,R,h1_ocxo_open_loop,16
CNT,1,577,2,32680779280,32840795328,rp2040_timer0,100010030,R,h1_ocxo_open_loop,16
CNT,1,578,2,32856779264,33016795312,rp2040_timer0,100010030,R,h1_ocxo_open_loop,16
CNT,1,579,2,33032779296,33192795312,rp2040_timer0,100010010,R,h1_ocxo_open_loop,16
CNT,1,580,2,33208779296,33368795328,rp2040_timer0,100010020,R,h1_ocxo_open_loop,16
CNT,1,581,2,33384779296,33544795360,rp2040_timer0,100010040,R,h1_ocxo_open_loop,16
CNT,1,582,2,33560779296,33720795376,rp2040_timer0,100010050,R,h1_ocxo_open_loop,16
CNT,1,583,2,33736779296,33896795376,rp2040_timer0,100010050,R,h1_ocxo_open_loop,16
CNT,1,584,2,33912779296,34072795328,rp2040_timer0,100010020,R,h1_ocxo_open_loop,16
CNT,1,585,2,34088779296,34248795376,rp2040_timer0,100010050,R,h1_ocxo_open_loop,16
CNT,1,586,2,34264779328,34424795376,rp2040_timer0,100010030,R,h1_ocxo_open_loop,16
CNT,1,587,2,34440779344,34600795360,rp2040_timer0,100010010,R,h1_ocxo_open_loop,16
CNT,1,588,2,34616779328,34776795312,rp2040_timer0,100009990,R,h1_ocxo_open_loop,16
CNT,1,589,2,34792779312,34952795328,rp2040_timer0,100010010,R,h1_ocxo_open_loop,16
CNT,1,590,2,34968779328,35128795360,rp2040_timer0,100010020,R,h1_ocxo_open_loop,16
CNT,1,591,2,35144779280,35304795328,rp2040_timer0,100010030,R,h1_ocxo_open_loop,16
CNT,1,592,2,35320779280,35480795344,rp2040_timer0,100010040,R,h1_ocxo_open_loop,16
CNT,1,593,2,35496779280,35656795360,rp2040_timer0,100010050,R,h1_ocxo_open_loop,16
CNT,1,594,2,35672779312,35832795360,rp2040_timer0,100010030,R,h1_ocxo_open_loop,16
CNT,1,595,2,35848779296,36008795328,rp2040_timer0,100010020,R,h1_ocxo_open_loop,16
CNT,1,596,2,36024779328,36184795376,rp2040_timer0,100010030,R,h1_ocxo_open_loop,16
CNT,1,597,2,36200779280,36360795360,rp2040_timer0,100010050,R,h1_ocxo_open_loop,16
CNT,1,598,2,36376779328,36536795296,rp2040_timer0,100009980,R,h1_ocxo_open_loop,16
CNT,1,599,2,36552779264,36712795312,rp2040_timer0,100010030,R,h1_ocxo_open_loop,16
CNT,1,600,2,36728779280,36888795376,rp2040_timer0,100010060,R,h1_ocxo_open_loop,16
CNT,1,601,2,36904779264,37064795360,rp2040_timer0,100010060,R,h1_ocxo_open_loop,16
CNT,1,602,2,37080779312,37240795360,rp2040_timer0,100010030,R,h1_ocxo_open_loop,16
CNT,1,603,2,37256779280,37416795312,rp2040_timer0,100010020,R,h1_ocxo_open_loop,16
CNT,1,604,2,37432779296,37592795344,rp2040_timer0,100010030,R,h1_ocxo_open_loop,16
CNT,1,605,2,37608779328,37768795344,rp2040_timer0,100010010,R,h1_ocxo_open_loop,16
CNT,1,606,2,37784779328,37944795344,rp2040_timer0,100010010,R,h1_ocxo_open_loop,16
CNT,1,607,2,37960779296,38120795360,rp2040_timer0,100010040,R,h1_ocxo_open_loop,16
CNT,1,608,2,38136779296,38296795360,rp2040_timer0,100010040,R,h1_ocxo_open_loop,16
CNT,1,609,2,38312779312,38472795376,rp2040_timer0,100010040,R,h1_ocxo_open_loop,16
CNT,1,610,2,38488779296,38648795312,rp2040_timer0,100010010,R,h1_ocxo_open_loop,16
CNT,1,611,2,38664779280,38824795344,rp2040_timer0,100010040,R,h1_ocxo_open_loop,16
CNT,1,612,2,38840779312,39000795360,rp2040_timer0,100010030,R,h1_ocxo_open_loop,16
CNT,1,613,2,39016779312,39176795376,rp2040_timer0,100010040,R,h1_ocxo_open_loop,16
CNT,1,614,2,39192779328,39352795344,rp2040_timer0,100010010,R,h1_ocxo_open_loop,16
CNT,1,615,2,39368779296,39528795376,rp2040_timer0,100010050,R,h1_ocxo_open_loop,16
CNT,1,616,2,39544779312,39704795312,rp2040_timer0,100010000,R,h1_ocxo_open_loop,16
CNT,1,617,2,39720779344,39880795344,rp2040_timer0,100010000,R,h1_ocxo_open_loop,16
CNT,1,618,2,39896779344,40056795328,rp2040_timer0,100009990,R,h1_ocxo_open_loop,16
CNT,1,619,2,40072779312,40232795328,rp2040_timer0,100010010,R,h1_ocxo_open_loop,16
CNT,1,620,2,40248779280,40408795360,rp2040_timer0,100010050,R,h1_ocxo_open_loop,16
CNT,1,621,2,40424779344,40584795328,rp2040_timer0,100009990,R,h1_ocxo_open_loop,16
CNT,1,622,2,40600779280,40760795312,rp2040_timer0,100010020,R,h1_ocxo_open_loop,16
CNT,1,623,2,40776779328,40936795376,rp2040_timer0,100010030,R,h1_ocxo_open_loop,16
CNT,1,624,2,40952779296,41112795376,rp2040_timer0,100010050,R,h1_ocxo_open_loop,16
CNT,1,625,2,41128779344,41288795312,rp2040_timer0,100009980,R,h1_ocxo_open_loop,16
CNT,1,626,2,41304779296,41464795312,rp2040_timer0,100010010,R,h1_ocxo_open_loop,16
CNT,1,627,2,41480779328,41640795360,rp2040_timer0,100010020,R,h1_ocxo_open_loop,16
CNT,1,628,2,41656779344,41816795296,rp2040_timer0,100009970,R,h1_ocxo_open_loop,16
CNT,1,629,2,41832779296,41992795376,rp2040_timer0,100010050,R,h1_ocxo_open_loop,16
CNT,1,630,2,42008779328,42168795312,rp2040_timer0,100009990,R,h1_ocxo_open_loop,16
CNT,1,631,2,42184779312,42344795312,rp2040_timer0,100010000,R,h1_ocxo_open_loop,16
CNT,1,632,2,42360779280,42520795344,rp2040_timer0,100010040,R,h1_ocxo_open_loop,16
CNT,1,633,2,42536779296,42696795376,rp2040_timer0,100010050,R,h1_ocxo_open_loop,16
CNT,1,634,2,42712779296,42872795328,rp2040_timer0,100010020,R,h1_ocxo_open_loop,16
CNT,1,635,2,42888779328,43048795328,rp2040_timer0,100010000,R,h1_ocxo_open_loop,16
CNT,1,636,2,43064779312,43224795344,rp2040_timer0,100010020,R,h1_ocxo_open_loop,16
CNT,1,637,2,43240779328,43400795312,rp2040_timer0,100009990,R,h1_ocxo_open_loop,16
CNT,1,638,2,43416779328,43576795328,rp2040_timer0,100010000,R,h1_ocxo_open_loop,16
CNT,1,639,2,43592779296,43752795344,rp2040_timer0,100010030,R,h1_ocxo_open_loop,16
CNT,1,640,2,43768779264,43928795328,rp2040_timer0,100010040,R,h1_ocxo_open_loop,16
CNT,1,641,2,43944779280,44104795312,rp2040_timer0,100010020,R,h1_ocxo_open_loop,16
CNT,1,642,2,44120779264,44280795328,rp2040_timer0,100010040,R,h1_ocxo_open_loop,16
CNT,1,643,2,44296779328,44456795344,rp2040_timer0,100010010,R,h1_ocxo_open_loop,16
CNT,1,644,2,44472779280,44632795312,rp2040_timer0,100010020,R,h1_ocxo_open_loop,16
CNT,1,645,2,44648779296,44808795312,rp2040_timer0,100010010,R,h1_ocxo_open_loop,16
CNT,1,646,2,44824779264,44984795376,rp2040_timer0,100010070,R,h1_ocxo_open_loop,16
CNT,1,647,2,45000779344,45160795328,rp2040_timer0,100009990,R,h1_ocxo_open_loop,16
CNT,1,648,2,45176779296,45336795312,rp2040_timer0,100010010,R,h1_ocxo_open_loop,16
CNT,1,649,2,45352779264,45512795312,rp2040_timer0,100010030,R,h1_ocxo_open_loop,16
CNT,1,650,2,45528779312,45688795408,rp2040_timer0,100010060,R,h1_ocxo_open_loop,16
CNT,1,651,2,45704779264,45864795328,rp2040_timer0,100010040,R,h1_ocxo_open_loop,16
CNT,1,652,2,45880779296,46040795312,rp2040_timer0,100010010,R,h1_ocxo_open_loop,16
CNT,1,653,2,46056779280,46216795344,rp2040_timer0,100010040,R,h1_ocxo_open_loop,16
CNT,1,654,2,46232779296,46392795328,rp2040_timer0,100010020,R,h1_ocxo_open_loop,16
CNT,1,655,2,46408779312,46568795344,rp2040_timer0,100010020,R,h1_ocxo_open_loop,16
CNT,1,656,2,46584779296,46744795328,rp2040_timer0,100010020,R,h1_ocxo_open_loop,16
CNT,1,657,2,46760779296,46920795376,rp2040_timer0,100010050,R,h1_ocxo_open_loop,16
CNT,1,658,2,46936779328,47096795344,rp2040_timer0,100010010,R,h1_ocxo_open_loop,16
CNT,1,659,2,47112779328,47272795312,rp2040_timer0,100009990,R,h1_ocxo_open_loop,16
CNT,1,660,2,47288779312,47448795312,rp2040_timer0,100010000,R,h1_ocxo_open_loop,16
CNT,1,661,2,47464779280,47624795360,rp2040_timer0,100010050,R,h1_ocxo_open_loop,16
CNT,1,662,2,47640779264,47800795312,rp2040_timer0,100010030,R,h1_ocxo_open_loop,16
CNT,1,663,2,47816779344,47976795296,rp2040_timer0,100009970,R,h1_ocxo_open_loop,16
CNT,1,664,2,47992779296,48152795312,rp2040_timer0,100010010,R,h1_ocxo_open_loop,16
CNT,1,665,2,48168779328,48328795376,rp2040_timer0,100010030,R,h1_ocxo_open_loop,16
CNT,1,666,2,48344779280,48504795360,rp2040_timer0,100010050,R,h1_ocxo_open_loop,16
CNT,1,667,2,48520779264,48680795376,rp2040_timer0,100010070,R,h1_ocxo_open_loop,16
CNT,1,668,2,48696779280,48856795328,rp2040_timer0,100010030,R,h1_ocxo_open_loop,16
CNT,1,669,2,48872779296,49032795376,rp2040_timer0,100010050,R,h1_ocxo_open_loop,16
CNT,1,670,2,49048779280,49208795312,rp2040_timer0,100010020,R,h1_ocxo_open_loop,16
CNT,1,671,2,49224779296,49384795344,rp2040_timer0,100010030,R,h1_ocxo_open_loop,16
CNT,1,672,2,49400779296,49560795312,rp2040_timer0,100010010,R,h1_ocxo_open_loop,16
CNT,1,673,2,49576779296,49736795360,rp2040_timer0,100010040,R,h1_ocxo_open_loop,16
CNT,1,674,2,49752779328,49912795344,rp2040_timer0,100010010,R,h1_ocxo_open_loop,16
CNT,1,675,2,49928779312,50088795328,rp2040_timer0,100010010,R,h1_ocxo_open_loop,16
CNT,1,676,2,50104779296,50264795312,rp2040_timer0,100010010,R,h1_ocxo_open_loop,16
CNT,1,677,2,50280779344,50440795376,rp2040_timer0,100010020,R,h1_ocxo_open_loop,16
CNT,1,678,2,50456779328,50616795328,rp2040_timer0,100010000,R,h1_ocxo_open_loop,16
CNT,1,679,2,50632779344,50792795360,rp2040_timer0,100010010,R,h1_ocxo_open_loop,16
CNT,1,680,2,50808779328,50968795360,rp2040_timer0,100010020,R,h1_ocxo_open_loop,16
CNT,1,681,2,50984779344,51144795328,rp2040_timer0,100009990,R,h1_ocxo_open_loop,16
CNT,1,682,2,51160779328,51320795344,rp2040_timer0,100010010,R,h1_ocxo_open_loop,16
CNT,1,683,2,51336779328,51496795344,rp2040_timer0,100010010,R,h1_ocxo_open_loop,16
CNT,1,684,2,51512779280,51672795360,rp2040_timer0,100010050,R,h1_ocxo_open_loop,16
CNT,1,685,2,51688779312,51848795360,rp2040_timer0,100010030,R,h1_ocxo_open_loop,16
CNT,1,686,2,51864779280,52024795328,rp2040_timer0,100010030,R,h1_ocxo_open_loop,16
CNT,1,687,2,52040779280,52200795312,rp2040_timer0,100010020,R,h1_ocxo_open_loop,16
CNT,1,688,2,52216779296,52376795344,rp2040_timer0,100010030,R,h1_ocxo_open_loop,16
CNT,1,689,2,52392779312,52552795328,rp2040_timer0,100010010,R,h1_ocxo_open_loop,16
CNT,1,690,2,52568779280,52728795344,rp2040_timer0,100010040,R,h1_ocxo_open_loop,16
CNT,1,691,2,52744779296,52904795376,rp2040_timer0,100010050,R,h1_ocxo_open_loop,16
CNT,1,692,2,52920779328,53080795328,rp2040_timer0,100010000,R,h1_ocxo_open_loop,16
CNT,1,693,2,53096779296,53256795296,rp2040_timer0,100010000,R,h1_ocxo_open_loop,16
CNT,1,694,2,53272779296,53432795328,rp2040_timer0,100010020,R,h1_ocxo_open_loop,16
CNT,1,695,2,53448779280,53608795296,rp2040_timer0,100010010,R,h1_ocxo_open_loop,16
CNT,1,696,2,53624779312,53784795376,rp2040_timer0,100010040,R,h1_ocxo_open_loop,16
CNT,1,697,2,53800779296,53960795312,rp2040_timer0,100010010,R,h1_ocxo_open_loop,16
CNT,1,698,2,53976779328,54136795328,rp2040_timer0,100010000,R,h1_ocxo_open_loop,16
CNT,1,699,2,54152779280,54312795344,rp2040_timer0,100010040,R,h1_ocxo_open_loop,16
CNT,1,700,2,54328779328,54488795328,rp2040_timer0,100010000,R,h1_ocxo_open_loop,16
CNT,1,701,2,54504779280,54664795344,rp2040_timer0,100010040,R,h1_ocxo_open_loop,16
CNT,1,702,2,54680779296,54840795344,rp2040_timer0,100010030,R,h1_ocxo_open_loop,16
CNT,1,703,2,54856779328,55016795360,rp2040_timer0,100010020,R,h1_ocxo_open_loop,16
CNT,1,704,2,55032779328,55192795360,rp2040_timer0,100010020,R,h1_ocxo_open_loop,16
CNT,1,705,2,55208779264,55368795312,rp2040_timer0,100010030,R,h1_ocxo_open_loop,16
CNT,1,706,2,55384779264,55544795312,rp2040_timer0,100010030,R,h1_ocxo_open_loop,16
CNT,1,707,2,55560779344,55720795360,rp2040_timer0,100010010,R,h1_ocxo_open_loop,16
CNT,1,708,2,55736779328,55896795312,rp2040_timer0,100009990,R,h1_ocxo_open_loop,16
CNT,1,709,2,55912779344,56072795360,rp2040_timer0,100010010,R,h1_ocxo_open_loop,16
CNT,1,710,2,56088779296,56248795296,rp2040_timer0,100010000,R,h1_ocxo_open_loop,16
CNT,1,711,2,56264779344,56424795328,rp2040_timer0,100009990,R,h1_ocxo_open_loop,16
CNT,1,712,2,56440779328,56600795360,rp2040_timer0,100010020,R,h1_ocxo_open_loop,16
CNT,1,713,2,56616779280,56776795312,rp2040_timer0,100010020,R,h1_ocxo_open_loop,16
CNT,1,714,2,56792779312,56952795328,rp2040_timer0,100010010,R,h1_ocxo_open_loop,16
CNT,1,715,2,56968779312,57128795296,rp2040_timer0,100009990,R,h1_ocxo_open_loop,16
CNT,1,716,2,57144779312,57304795360,rp2040_timer0,100010030,R,h1_ocxo_open_loop,16
CNT,1,717,2,57320779280,57480795376,rp2040_timer0,100010060,R,h1_ocxo_open_loop,16
CNT,1,718,2,57496779296,57656795360,rp2040_timer0,100010040,R,h1_ocxo_open_loop,16
CNT,1,719,2,57672779328,57832795312,rp2040_timer0,100009990,R,h1_ocxo_open_loop,16
CNT,1,720,2,57848779328,58008795328,rp2040_timer0,100010000,R,h1_ocxo_open_loop,16
CNT,1,721,2,58024779296,58184795360,rp2040_timer0,100010040,R,h1_ocxo_open_loop,16
CNT,1,722,2,58200779264,58360795360,rp2040_timer0,100010060,R,h1_ocxo_open_loop,16
CNT,1,723,2,58376779296,58536795328,rp2040_timer0,100010020,R,h1_ocxo_open_loop,16
CNT,1,724,2,58552779280,58712795344,rp2040_timer0,100010040,R,h1_ocxo_open_loop,16
CNT,1,725,2,58728779312,58888795376,rp2040_timer0,100010040,R,h1_ocxo_open_loop,16
CNT,1,726,2,58904779296,59064795328,rp2040_timer0,100010020,R,h1_ocxo_open_loop,16
CNT,1,727,2,59080779280,59240795344,rp2040_timer0,100010040,R,h1_ocxo_open_loop,16
CNT,1,728,2,59256779312,59416795328,rp2040_timer0,100010010,R,h1_ocxo_open_loop,16
CNT,1,729,2,59432779312,59592795360,rp2040_timer0,100010030,R,h1_ocxo_open_loop,16
CNT,1,730,2,59608779296,59768795360,rp2040_timer0,100010040,R,h1_ocxo_open_loop,16
CNT,1,731,2,59784779328,59944795344,rp2040_timer0,100010010,R,h1_ocxo_open_loop,16
CNT,1,732,2,59960779312,60120795328,rp2040_timer0,100010010,R,h1_ocxo_open_loop,16
CNT,1,733,2,60136779344,60296795344,rp2040_timer0,100010000,R,h1_ocxo_open_loop,16
CNT,1,734,2,60312779344,60472795344,rp2040_timer0,100010000,R,h1_ocxo_open_loop,16
CNT,1,735,2,60488779328,60648795344,rp2040_timer0,100010010,R,h1_ocxo_open_loop,16
CNT,1,736,2,60664779296,60824795328,rp2040_timer0,100010020,R,h1_ocxo_open_loop,16
CNT,1,737,2,60840779280,61000795376,rp2040_timer0,100010060,R,h1_ocxo_open_loop,16
CNT,1,738,2,61016779328,61176795376,rp2040_timer0,100010030,R,h1_ocxo_open_loop,16
CNT,1,739,2,61192779328,61352795376,rp2040_timer0,100010030,R,h1_ocxo_open_loop,16
CNT,1,740,2,61368779344,61528795360,rp2040_timer0,100010010,R,h1_ocxo_open_loop,16
CNT,1,741,2,61544779344,61704795344,rp2040_timer0,100010000,R,h1_ocxo_open_loop,16
CNT,1,742,2,61720779280,61880795360,rp2040_timer0,100010050,R,h1_ocxo_open_loop,16
CNT,1,743,2,61896779344,62056795312,rp2040_timer0,100009980,R,h1_ocxo_open_loop,16
CNT,1,744,2,62072779280,62232795376,rp2040_timer0,100010060,R,h1_ocxo_open_loop,16
CNT,1,745,2,62248779328,62408795328,rp2040_timer0,100010000,R,h1_ocxo_open_loop,16
CNT,1,746,2,62424779344,62584795360,rp2040_timer0,100010010,R,h1_ocxo_open_loop,16
CNT,1,747,2,62600779312,62760795344,rp2040_timer0,100010020,R,h1_ocxo_open_loop,16
CNT,1,748,2,62776779296,62936795344,rp2040_timer0,100010030,R,h1_ocxo_open_loop,16
CNT,1,749,2,62952779312,63112795424,rp2040_timer0,100010070,R,h1_ocxo_open_loop,16
CNT,1,750,2,63128779312,63288795312,rp2040_timer0,100010000,R,h1_ocxo_open_loop,16
CNT,1,751,2,63304779312,63464795328,rp2040_timer0,100010010,R,h1_ocxo_open_loop,16
CNT,1,752,2,63480779344,63640795376,rp2040_timer0,100010020,R,h1_ocxo_open_loop,16
CNT,1,753,2,63656779344,63816795312,rp2040_timer0,100009980,R,h1_ocxo_open_loop,16
CNT,1,754,2,63832779312,63992795376,rp2040_timer0,100010040,R,h1_ocxo_open_loop,16
CNT,1,755,2,64008779312,64168795376,rp2040_timer0,100010040,R,h1_ocxo_open_loop,16
CNT,1,756,2,64184779312,64344795376,rp2040_timer0,100010040,R,h1_ocxo_open_loop,16
CNT,1,757,2,64360779376,64520795312,rp2040_timer0,100009960,R,h1_ocxo_open_loop,16
CNT,1,758,2,64536779344,64696795376,rp2040_timer0,100010020,R,h1_ocxo_open_loop,16
CNT,1,759,2,64712779280,64872795360,rp2040_timer0,100010050,R,h1_ocxo_open_loop,16
CNT,1,760,2,64888779296,65048795312,rp2040_timer0,100010010,R,h1_ocxo_open_loop,16
CNT,1,761,2,65064779344,65224795360,rp2040_timer0,100010010,R,h1_ocxo_open_loop,16
CNT,1,762,2,65240779280,65400795328,rp2040_timer0,100010030,R,h1_ocxo_open_loop,16
CNT,1,763,2,65416779328,65576795376,rp2040_timer0,100010030,R,h1_ocxo_open_loop,16
CNT,1,764,2,65592779344,65752795296,rp2040_timer0,100009970,R,h1_ocxo_open_loop,16
CNT,1,765,2,65768779296,65928795376,rp2040_timer0,100010050,R,h1_ocxo_open_loop,16
CNT,1,766,2,65944779280,66104795312,rp2040_timer0,100010020,R,h1_ocxo_open_loop,16
CNT,1,767,2,66120779312,66280795328,rp2040_timer0,100010010,R,h1_ocxo_open_loop,16
CNT,1,768,2,66296779280,66456795328,rp2040_timer0,100010030,R,h1_ocxo_open_loop,16
CNT,1,769,2,66472779328,66632795328,rp2040_timer0,100010000,R,h1_ocxo_open_loop,16
CNT,1,770,2,66648779328,66808795376,rp2040_timer0,100010030,R,h1_ocxo_open_loop,16
CNT,1,771,2,66824779296,66984795328,rp2040_timer0,100010020,R,h1_ocxo_open_loop,16
CNT,1,772,2,67000779280,67160795360,rp2040_timer0,100010050,R,h1_ocxo_open_loop,16
CNT,1,773,2,67176779264,67336795344,rp2040_timer0,100010050,R,h1_ocxo_open_loop,16
CNT,1,774,2,67352779296,67512795360,rp2040_timer0,100010040,R,h1_ocxo_open_loop,16
CNT,1,775,2,67528779296,67688795344,rp2040_timer0,100010030,R,h1_ocxo_open_loop,16
CNT,1,776,2,67704779312,67864795344,rp2040_timer0,100010020,R,h1_ocxo_open_loop,16
CNT,1,777,2,67880779328,68040795376,rp2040_timer0,100010030,R,h1_ocxo_open_loop,16
CNT,1,778,2,68056779328,68216795328,rp2040_timer0,100010000,R,h1_ocxo_open_loop,16
CNT,1,779,2,68232779312,68392795328,rp2040_timer0,100010010,R,h1_ocxo_open_loop,16
CNT,1,780,2,68408779344,68568795376,rp2040_timer0,100010020,R,h1_ocxo_open_loop,16
CNT,1,781,2,68584779328,68744795376,rp2040_timer0,100010030,R,h1_ocxo_open_loop,16
CNT,1,782,2,41302608,201318624,rp2040_timer0,100010010,R,h1_ocxo_open_loop,16
CNT,1,783,2,217302592,377318624,rp2040_timer0,100010020,R,h1_ocxo_open_loop,16
CNT,1,784,2,393302544,553318640,rp2040_timer0,100010060,R,h1_ocxo_open_loop,16
CNT,1,785,2,569302608,729318640,rp2040_timer0,100010020,R,h1_ocxo_open_loop,16
CNT,1,786,2,745302560,905318608,rp2040_timer0,100010030,R,h1_ocxo_open_loop,16
CNT,1,787,2,921302528,1081318592,rp2040_timer0,100010040,R,h1_ocxo_open_loop,16
CNT,1,788,2,1097302592,1257318640,rp2040_timer0,100010030,R,h1_ocxo_open_loop,16
CNT,1,789,2,1273302528,1433318640,rp2040_timer0,100010070,R,h1_ocxo_open_loop,16
CNT,1,790,2,1449302544,1609318624,rp2040_timer0,100010050,R,h1_ocxo_open_loop,16
CNT,1,791,2,1625302560,1785318592,rp2040_timer0,100010020,R,h1_ocxo_open_loop,16
CNT,1,792,2,1801302560,1961318576,rp2040_timer0,100010010,R,h1_ocxo_open_loop,16
CNT,1,793,2,1977302608,2137318592,rp2040_timer0,100009990,R,h1_ocxo_open_loop,16
CNT,1,794,2,2153302544,2313318576,rp2040_timer0,100010020,R,h1_ocxo_open_loop,16
CNT,1,795,2,2329302576,2489318608,rp2040_timer0,100010020,R,h1_ocxo_open_loop,16
CNT,1,796,2,2505302560,2665318624,rp2040_timer0,100010040,R,h1_ocxo_open_loop,16
CNT,1,797,2,2681302608,2841318640,rp2040_timer0,100010020,R,h1_ocxo_open_loop,16
CNT,1,798,2,2857302592,3017318576,rp2040_timer0,100009990,R,h1_ocxo_open_loop,16
CNT,1,799,2,3033302592,3193318640,rp2040_timer0,100010030,R,h1_ocxo_open_loop,16
CNT,1,800,2,3209302592,3369318640,rp2040_timer0,100010030,R,h1_ocxo_open_loop,16
CNT,1,801,2,3385302608,3545318624,rp2040_timer0,100010010,R,h1_ocxo_open_loop,16
CNT,1,802,2,3561302560,3721318576,rp2040_timer0,100010010,R,h1_ocxo_open_loop,16
CNT,1,803,2,3737302544,3897318576,rp2040_timer0,100010020,R,h1_ocxo_open_loop,16
CNT,1,804,2,3913302544,4073318592,rp2040_timer0,100010030,R,h1_ocxo_open_loop,16
CNT,1,805,2,4089302576,4249318624,rp2040_timer0,100010030,R,h1_ocxo_open_loop,16
CNT,1,806,2,4265302576,4425318640,rp2040_timer0,100010040,R,h1_ocxo_open_loop,16
CNT,1,807,2,4441302576,4601318640,rp2040_timer0,100010040,R,h1_ocxo_open_loop,16
CNT,1,808,2,4617302608,4777318608,rp2040_timer0,100010000,R,h1_ocxo_open_loop,16
CNT,1,809,2,4793302608,4953318640,rp2040_timer0,100010020,R,h1_ocxo_open_loop,16
CNT,1,810,2,4969302528,5129318640,rp2040_timer0,100010070,R,h1_ocxo_open_loop,16
CNT,1,811,2,5145302560,5305318608,rp2040_timer0,100010030,R,h1_ocxo_open_loop,16
CNT,1,812,2,5321302544,5481318560,rp2040_timer0,100010010,R,h1_ocxo_open_loop,16
CNT,1,813,2,5497302592,5657318592,rp2040_timer0,100010000,R,h1_ocxo_open_loop,16
CNT,1,814,2,5673302608,5833318592,rp2040_timer0,100009990,R,h1_ocxo_open_loop,16
CNT,1,815,2,5849302592,6009318624,rp2040_timer0,100010020,R,h1_ocxo_open_loop,16
CNT,1,816,2,6025302592,6185318640,rp2040_timer0,100010030,R,h1_ocxo_open_loop,16
CNT,1,817,2,6201302576,6361318624,rp2040_timer0,100010030,R,h1_ocxo_open_loop,16
CNT,1,818,2,6377302608,6537318576,rp2040_timer0,100009980,R,h1_ocxo_open_loop,16
CNT,1,819,2,6553302592,6713318576,rp2040_timer0,100009990,R,h1_ocxo_open_loop,16
CNT,1,820,2,6729302592,6889318592,rp2040_timer0,100010000,R,h1_ocxo_open_loop,16
CNT,1,821,2,6905302560,7065318576,rp2040_timer0,100010010,R,h1_ocxo_open_loop,16
CNT,1,822,2,7081302528,7241318640,rp2040_timer0,100010070,R,h1_ocxo_open_loop,16
CNT,1,823,2,7257302560,7417318640,rp2040_timer0,100010050,R,h1_ocxo_open_loop,16
CNT,1,824,2,7433302544,7593318640,rp2040_timer0,100010060,R,h1_ocxo_open_loop,16
CNT,1,825,2,7609302608,7769318592,rp2040_timer0,100009990,R,h1_ocxo_open_loop,16
CNT,1,826,2,7785302592,7945318592,rp2040_timer0,100010000,R,h1_ocxo_open_loop,16
CNT,1,827,2,7961302576,8121318560,rp2040_timer0,100009990,R,h1_ocxo_open_loop,16
CNT,1,828,2,8137302576,8297318640,rp2040_timer0,100010040,R,h1_ocxo_open_loop,16
CNT,1,829,2,8313302592,8473318624,rp2040_timer0,100010020,R,h1_ocxo_open_loop,16
CNT,1,830,2,8489302544,8649318576,rp2040_timer0,100010020,R,h1_ocxo_open_loop,16
CNT,1,831,2,8665302544,8825318576,rp2040_timer0,100010020,R,h1_ocxo_open_loop,16
CNT,1,832,2,8841302544,9001318560,rp2040_timer0,100010010,R,h1_ocxo_open_loop,16
CNT,1,833,2,9017302592,9177318624,rp2040_timer0,100010020,R,h1_ocxo_open_loop,16
CNT,1,834,2,9193302544,9353318576,rp2040_timer0,100010020,R,h1_ocxo_open_loop,16
CNT,1,835,2,9369302576,9529318608,rp2040_timer0,100010020,R,h1_ocxo_open_loop,16
CNT,1,836,2,9545302560,9705318624,rp2040_timer0,100010040,R,h1_ocxo_open_loop,16
CNT,1,837,2,9721302560,9881318576,rp2040_timer0,100010010,R,h1_ocxo_open_loop,16
CNT,1,838,2,9897302560,10057318640,rp2040_timer0,100010050,R,h1_ocxo_open_loop,16
CNT,1,839,2,10073302576,10233318640,rp2040_timer0,100010040,R,h1_ocxo_open_loop,16
CNT,1,840,2,10249302560,10409318608,rp2040_timer0,100010030,R,h1_ocxo_open_loop,16
CNT,1,841,2,10425302608,10585318576,rp2040_timer0,100009980,R,h1_ocxo_open_loop,16
CNT,1,842,2,10601302544,10761318592,rp2040_timer0,100010030,R,h1_ocxo_open_loop,16
CNT,1,843,2,10777302560,10937318640,rp2040_timer0,100010050,R,h1_ocxo_open_loop,16
CNT,1,844,2,10953302560,11113318592,rp2040_timer0,100010020,R,h1_ocxo_open_loop,16
CNT,1,845,2,11129302576,11289318576,rp2040_timer0,100010000,R,h1_ocxo_open_loop,16
CNT,1,846,2,11305302576,11465318576,rp2040_timer0,100010000,R,h1_ocxo_open_loop,16
CNT,1,847,2,11481302592,11641318576,rp2040_timer0,100009990,R,h1_ocxo_open_loop,16
CNT,1,848,2,11657302592,11817318640,rp2040_timer0,100010030,R,h1_ocxo_open_loop,16
CNT,1,849,2,11833302608,11993318640,rp2040_timer0,100010020,R,h1_ocxo_open_loop,16
CNT,1,850,2,12009302544,12169318624,rp2040_timer0,100010050,R,h1_ocxo_open_loop,16
CNT,1,851,2,12185302576,12345318592,rp2040_timer0,100010010,R,h1_ocxo_open_loop,16
CNT,1,852,2,12361302544,12521318624,rp2040_timer0,100010050,R,h1_ocxo_open_loop,16
CNT,1,853,2,12537302592,12697318608,rp2040_timer0,100010010,R,h1_ocxo_open_loop,16
CNT,1,854,2,12713302576,12873318608,rp2040_timer0,100010020,R,h1_ocxo_open_loop,16
CNT,1,855,2,12889302592,13049318592,rp2040_timer0,100010000,R,h1_ocxo_open_loop,16
CNT,1,856,2,13065302560,13225318624,rp2040_timer0,100010040,R,h1_ocxo_open_loop,16
CNT,1,857,2,13241302608,13401318592,rp2040_timer0,100009990,R,h1_ocxo_open_loop,16
CNT,1,858,2,13417302592,13577318608,rp2040_timer0,100010010,R,h1_ocxo_open_loop,16
CNT,1,859,2,13593302544,13753318640,rp2040_timer0,100010060,R,h1_ocxo_open_loop,16
CNT,1,860,2,13769302608,13929318640,rp2040_timer0,100010020,R,h1_ocxo_open_loop,16
CNT,1,861,2,13945302592,14105318576,rp2040_timer0,100009990,R,h1_ocxo_open_loop,16
CNT,1,862,2,14121302544,14281318640,rp2040_timer0,100010060,R,h1_ocxo_open_loop,16
CNT,1,863,2,14297302560,14457318592,rp2040_timer0,100010020,R,h1_ocxo_open_loop,16
CNT,1,864,2,14473302576,14633318592,rp2040_timer0,100010010,R,h1_ocxo_open_loop,16
CNT,1,865,2,14649302592,14809318576,rp2040_timer0,100009990,R,h1_ocxo_open_loop,16
CNT,1,866,2,14825302608,14985318608,rp2040_timer0,100010000,R,h1_ocxo_open_loop,16
CNT,1,867,2,15001302576,15161318608,rp2040_timer0,100010020,R,h1_ocxo_open_loop,16
CNT,1,868,2,15177302592,15337318640,rp2040_timer0,100010030,R,h1_ocxo_open_loop,16
CNT,1,869,2,15353302560,15513318560,rp2040_timer0,100010000,R,h1_ocxo_open_loop,16
CNT,1,870,2,15529302576,15689318560,rp2040_timer0,100009990,R,h1_ocxo_open_loop,16
CNT,1,871,2,15705302528,15865318608,rp2040_timer0,100010050,R,h1_ocxo_open_loop,16
CNT,1,872,2,15881302544,16041318592,rp2040_timer0,100010030,R,h1_ocxo_open_loop,16
CNT,1,873,2,16057302576,16217318608,rp2040_timer0,100010020,R,h1_ocxo_open_loop,16
CNT,1,874,2,16233302576,16393318576,rp2040_timer0,100010000,R,h1_ocxo_open_loop,16
CNT,1,875,2,16409302608,16569318608,rp2040_timer0,100010000,R,h1_ocxo_open_loop,16
CNT,1,876,2,16585302544,16745318640,rp2040_timer0,100010060,R,h1_ocxo_open_loop,16
CNT,1,877,2,16761302560,16921318576,rp2040_timer0,100010010,R,h1_ocxo_open_loop,16
CNT,1,878,2,16937302592,17097318576,rp2040_timer0,100009990,R,h1_ocxo_open_loop,16
CNT,1,879,2,17113302528,17273318576,rp2040_timer0,100010030,R,h1_ocxo_open_loop,16
CNT,1,880,2,17289302576,17449318640,rp2040_timer0,100010040,R,h1_ocxo_open_loop,16
CNT,1,881,2,17465302544,17625318608,rp2040_timer0,100010040,R,h1_ocxo_open_loop,16
CNT,1,882,2,17641302528,17801318592,rp2040_timer0,100010040,R,h1_ocxo_open_loop,16
CNT,1,883,2,17817302576,17977318576,rp2040_timer0,100010000,R,h1_ocxo_open_loop,16
CNT,1,884,2,17993302544,18153318608,rp2040_timer0,100010040,R,h1_ocxo_open_loop,16
CNT,1,885,2,18169302528,18329318624,rp2040_timer0,100010060,R,h1_ocxo_open_loop,16
CNT,1,886,2,18345302560,18505318608,rp2040_timer0,100010030,R,h1_ocxo_open_loop,16
CNT,1,887,2,18521302544,18681318624,rp2040_timer0,100010050,R,h1_ocxo_open_loop,16
CNT,1,888,2,18697302560,18857318608,rp2040_timer0,100010030,R,h1_ocxo_open_loop,16
CNT,1,889,2,18873302576,19033318592,rp2040_timer0,100010010,R,h1_ocxo_open_loop,16
CNT,1,890,2,19049302544,19209318592,rp2040_timer0,100010030,R,h1_ocxo_open_loop,16
CNT,1,891,2,19225302592,19385318608,rp2040_timer0,100010010,R,h1_ocxo_open_loop,16
CNT,1,892,2,19401302576,19561318624,rp2040_timer0,100010030,R,h1_ocxo_open_loop,16
CNT,1,893,2,19577302560,19737318576,rp2040_timer0,100010010,R,h1_ocxo_open_loop,16
CNT,1,894,2,19753302592,19913318608,rp2040_timer0,100010010,R,h1_ocxo_open_loop,16
CNT,1,895,2,19929302528,20089318592,rp2040_timer0,100010040,R,h1_ocxo_open_loop,16
CNT,1,896,2,20105302576,20265318576,rp2040_timer0,100010000,R,h1_ocxo_open_loop,16
CNT,1,897,2,20281302608,20441318592,rp2040_timer0,100009990,R,h1_ocxo_open_loop,16
CNT,1,898,2,20457302544,20617318592,rp2040_timer0,100010030,R,h1_ocxo_open_loop,16
CNT,1,899,2,20633302544,20793318640,rp2040_timer0,100010060,R,h1_ocxo_open_loop,16
CNT,1,900,2,20809302576,20969318576,rp2040_timer0,100010000,R,h1_ocxo_open_loop,16
CNT,1,901,2,20985302528,21145318608,rp2040_timer0,100010050,R,h1_ocxo_open_loop,16
CNT,1,902,2,21161302608,21321318608,rp2040_timer0,100010000,R,h1_ocxo_open_loop,16
CNT,1,903,2,21337302576,21497318624,rp2040_timer0,100010030,R,h1_ocxo_open_loop,16
CNT,1,904,2,21513302544,21673318624,rp2040_timer0,100010050,R,h1_ocxo_open_loop,16
CNT,1,905,2,21689302560,21849318608,rp2040_timer0,100010030,R,h1_ocxo_open_loop,16
CNT,1,906,2,21865302608,22025318608,rp2040_timer0,100010000,R,h1_ocxo_open_loop,16
CNT,1,907,2,22041302560,22201318640,rp2040_timer0,100010050,R,h1_ocxo_open_loop,16
CNT,1,908,2,22217302544,22377318576,rp2040_timer0,100010020,R,h1_ocxo_open_loop,16
CNT,1,909,2,22393302608,22553318592,rp2040_timer0,100009990,R,h1_ocxo_open_loop,16
CNT,1,910,2,22569302608,22729318592,rp2040_timer0,100009990,R,h1_ocxo_open_loop,16
CNT,1,911,2,22745302544,22905318640,rp2040_timer0,100010060,R,h1_ocxo_open_loop,16
CNT,1,912,2,22921302544,23081318576,rp2040_timer0,100010020,R,h1_ocxo_open_loop,16
CNT,1,913,2,23097302592,23257318560,rp2040_timer0,100009980,R,h1_ocxo_open_loop,16
CNT,1,914,2,23273302560,23433318640,rp2040_timer0,100010050,R,h1_ocxo_open_loop,16
CNT,1,915,2,23449302608,23609318640,rp2040_timer0,100010020,R,h1_ocxo_open_loop,16
CNT,1,916,2,23625302592,23785318624,rp2040_timer0,100010020,R,h1_ocxo_open_loop,16
CNT,1,917,2,23801302560,23961318624,rp2040_timer0,100010040,R,h1_ocxo_open_loop,16
CNT,1,918,2,23977302576,24137318592,rp2040_timer0,100010010,R,h1_ocxo_open_loop,16
CNT,1,919,2,24153302592,24313318608,rp2040_timer0,100010010,R,h1_ocxo_open_loop,16
CNT,1,920,2,24329302544,24489318624,rp2040_timer0,100010050,R,h1_ocxo_open_loop,16
CNT,1,921,2,24505302544,24665318608,rp2040_timer0,100010040,R,h1_ocxo_open_loop,16
CNT,1,922,2,24681302576,24841318624,rp2040_timer0,100010030,R,h1_ocxo_open_loop,16
CNT,1,923,2,24857302560,25017318576,rp2040_timer0,100010010,R,h1_ocxo_open_loop,16
CNT,1,924,2,25033302592,25193318592,rp2040_timer0,100010000,R,h1_ocxo_open_loop,16
CNT,1,925,2,25209302544,25369318640,rp2040_timer0,100010060,R,h1_ocxo_open_loop,16
CNT,1,926,2,25385302528,25545318624,rp2040_timer0,100010060,R,h1_ocxo_open_loop,16
CNT,1,927,2,25561302592,25721318576,rp2040_timer0,100009990,R,h1_ocxo_open_loop,16
CNT,1,928,2,25737302592,25897318608,rp2040_timer0,100010010,R,h1_ocxo_open_loop,16
CNT,1,929,2,25913302576,26073318640,rp2040_timer0,100010040,R,h1_ocxo_open_loop,16
CNT,1,930,2,26089302592,26249318608,rp2040_timer0,100010010,R,h1_ocxo_open_loop,16
CNT,1,931,2,26265302592,26425318592,rp2040_timer0,100010000,R,h1_ocxo_open_loop,16
CNT,1,932,2,26441302576,26601318592,rp2040_timer0,100010010,R,h1_ocxo_open_loop,16
CNT,1,933,2,26617302560,26777318624,rp2040_timer0,100010040,R,h1_ocxo_open_loop,16
CNT,1,934,2,26793302576,26953318640,rp2040_timer0,100010040,R,h1_ocxo_open_loop,16
CNT,1,935,2,26969302592,27129318576,rp2040_timer0,100009990,R,h1_ocxo_open_loop,16
CNT,1,936,2,27145302592,27305318576,rp2040_timer0,100009990,R,h1_ocxo_open_loop,16
CNT,1,937,2,27321302560,27481318608,rp2040_timer0,100010030,R,h1_ocxo_open_loop,16
CNT,1,938,2,27497302544,27657318560,rp2040_timer0,100010010,R,h1_ocxo_open_loop,16
CNT,1,939,2,27673302592,27833318640,rp2040_timer0,100010030,R,h1_ocxo_open_loop,16
CNT,1,940,2,27849302544,28009318640,rp2040_timer0,100010060,R,h1_ocxo_open_loop,16
CNT,1,941,2,28025302576,28185318624,rp2040_timer0,100010030,R,h1_ocxo_open_loop,16
CNT,1,942,2,28201302528,28361318624,rp2040_timer0,100010060,R,h1_ocxo_open_loop,16
CNT,1,943,2,28377302576,28537318640,rp2040_timer0,100010040,R,h1_ocxo_open_loop,16
CNT,1,944,2,28553302576,28713318624,rp2040_timer0,100010030,R,h1_ocxo_open_loop,16
CNT,1,945,2,28729302576,28889318576,rp2040_timer0,100010000,R,h1_ocxo_open_loop,16
CNT,1,946,2,28905302608,29065318608,rp2040_timer0,100010000,R,h1_ocxo_open_loop,16
CNT,1,947,2,29081302544,29241318656,rp2040_timer0,100010070,R,h1_ocxo_open_loop,16
CNT,1,948,2,29257302544,29417318592,rp2040_timer0,100010030,R,h1_ocxo_open_loop,16
CNT,1,949,2,29433302576,29593318640,rp2040_timer0,100010040,R,h1_ocxo_open_loop,16
CNT,1,950,2,29609302592,29769318640,rp2040_timer0,100010030,R,h1_ocxo_open_loop,16
CNT,1,951,2,29785302576,29945318592,rp2040_timer0,100010010,R,h1_ocxo_open_loop,16
CNT,1,952,2,29961302560,30121318592,rp2040_timer0,100010020,R,h1_ocxo_open_loop,16
CNT,1,953,2,30137302528,30297318592,rp2040_timer0,100010040,R,h1_ocxo_open_loop,16
CNT,1,954,2,30313302544,30473318608,rp2040_timer0,100010040,R,h1_ocxo_open_loop,16
CNT,1,955,2,30489302528,30649318608,rp2040_timer0,100010050,R,h1_ocxo_open_loop,16
CNT,1,956,2,30665302608,30825318576,rp2040_timer0,100009980,R,h1_ocxo_open_loop,16
CNT,1,957,2,30841302576,31001318592,rp2040_timer0,100010010,R,h1_ocxo_open_loop,16
CNT,1,958,2,31017302576,31177318608,rp2040_timer0,100010020,R,h1_ocxo_open_loop,16
CNT,1,959,2,31193302608,31353318640,rp2040_timer0,100010020,R,h1_ocxo_open_loop,16
CNT,1,960,2,31369302592,31529318592,rp2040_timer0,100010000,R,h1_ocxo_open_loop,16
CNT,1,961,2,31545302576,31705318576,rp2040_timer0,100010000,R,h1_ocxo_open_loop,16
CNT,1,962,2,31721302576,31881318592,rp2040_timer0,100010010,R,h1_ocxo_open_loop,16
CNT,1,963,2,31897302608,32057318576,rp2040_timer0,100009980,R,h1_ocxo_open_loop,16
CNT,1,964,2,32073302560,32233318576,rp2040_timer0,100010010,R,h1_ocxo_open_loop,16
CNT,1,965,2,32249302608,32409318640,rp2040_timer0,100010020,R,h1_ocxo_open_loop,16
CNT,1,966,2,32425302560,32585318576,rp2040_timer0,100010010,R,h1_ocxo_open_loop,16
CNT,1,967,2,32601302544,32761318576,rp2040_timer0,100010020,R,h1_ocxo_open_loop,16
CNT,1,968,2,32777302544,32937318592,rp2040_timer0,100010030,R,h1_ocxo_open_loop,16
CNT,1,969,2,32953302544,33113318576,rp2040_timer0,100010020,R,h1_ocxo_open_loop,16
CNT,1,970,2,33129302560,33289318640,rp2040_timer0,100010050,R,h1_ocxo_open_loop,16
CNT,1,971,2,33305302544,33465318576,rp2040_timer0,100010020,R,h1_ocxo_open_loop,16
CNT,1,972,2,33481302608,33641318608,rp2040_timer0,100010000,R,h1_ocxo_open_loop,16
CNT,1,973,2,33657302544,33817318576,rp2040_timer0,100010020,R,h1_ocxo_open_loop,16
CNT,1,974,2,33833302560,33993318624,rp2040_timer0,100010040,R,h1_ocxo_open_loop,16
CNT,1,975,2,34009302544,34169318608,rp2040_timer0,100010040,R,h1_ocxo_open_loop,16
CNT,1,976,2,34185302592,34345318624,rp2040_timer0,100010020,R,h1_ocxo_open_loop,16
CNT,1,977,2,34361302544,34521318576,rp2040_timer0,100010020,R,h1_ocxo_open_loop,16
CNT,1,978,2,34537302544,34697318592,rp2040_timer0,100010030,R,h1_ocxo_open_loop,16
CNT,1,979,2,34713302592,34873318640,rp2040_timer0,100010030,R,h1_ocxo_open_loop,16
CNT,1,980,2,34889302528,35049318576,rp2040_timer0,100010030,R,h1_ocxo_open_loop,16
CNT,1,981,2,35065302592,35225318640,rp2040_timer0,100010030,R,h1_ocxo_open_loop,16
CNT,1,982,2,35241302608,35401318608,rp2040_timer0,100010000,R,h1_ocxo_open_loop,16
CNT,1,983,2,35417302592,35577318560,rp2040_timer0,100009980,R,h1_ocxo_open_loop,16
CNT,1,984,2,35593302560,35753318576,rp2040_timer0,100010010,R,h1_ocxo_open_loop,16
CNT,1,985,2,35769302576,35929318592,rp2040_timer0,100010010,R,h1_ocxo_open_loop,16
CNT,1,986,2,35945302544,36105318592,rp2040_timer0,100010030,R,h1_ocxo_open_loop,16
CNT,1,987,2,36121302592,36281318624,rp2040_timer0,100010020,R,h1_ocxo_open_loop,16
CNT,1,988,2,36297302592,36457318608,rp2040_timer0,100010010,R,h1_ocxo_open_loop,16
CNT,1,989,2,36473302592,36633318576,rp2040_timer0,100009990,R,h1_ocxo_open_loop,16
CNT,1,990,2,36649302544,36809318624,rp2040_timer0,100010050,R,h1_ocxo_open_loop,16
CNT,1,991,2,36825302544,36985318576,rp2040_timer0,100010020,R,h1_ocxo_open_loop,16
CNT,1,992,2,37001302544,37161318592,rp2040_timer0,100010030,R,h1_ocxo_open_loop,16
CNT,1,993,2,37177302576,37337318624,rp2040_timer0,100010030,R,h1_ocxo_open_loop,16
CNT,1,994,2,37353302576,37513318592,rp2040_timer0,100010010,R,h1_ocxo_open_loop,16
CNT,1,995,2,37529302544,37689318576,rp2040_timer0,100010020,R,h1_ocxo_open_loop,16
CNT,1,996,2,37705302576,37865318576,rp2040_timer0,100010000,R,h1_ocxo_open_loop,16
CNT,1,997,2,37881302592,38041318560,rp2040_timer0,100009980,R,h1_ocxo_open_loop,16
CNT,1,998,2,38057302592,38217318608,rp2040_timer0,100010010,R,h1_ocxo_open_loop,16
CNT,1,999,2,38233302528,38393318624,rp2040_timer0,100010060,R,h1_ocxo_open_loop,16
CNT,1,1000,2,38409302576,38569318640,rp2040_timer0,100010040,R,h1_ocxo_open_loop,16
CNT,1,1001,2,38585302544,38745318576,rp2040_timer0,100010020,R,h1_ocxo_open_loop,16
CNT,1,1002,2,38761302592,38921318640,rp2040_timer0,100010030,R,h1_ocxo_open_loop,16
CNT,1,1003,2,38937302592,39097318560,rp2040_timer0,100009980,R,h1_ocxo_open_loop,16
CNT,1,1004,2,39113302528,39273318608,rp2040_timer0,100010050,R,h1_ocxo_open_loop,16
CNT,1,1005,2,39289302592,39449318592,rp2040_timer0,100010000,R,h1_ocxo_open_loop,16
CNT,1,1006,2,39465302544,39625318624,rp2040_timer0,100010050,R,h1_ocxo_open_loop,16
CNT,1,1007,2,39641302608,39801318592,rp2040_timer0,100009990,R,h1_ocxo_open_loop,16
CNT,1,1008,2,39817302576,39977318624,rp2040_timer0,100010030,R,h1_ocxo_open_loop,16
CNT,1,1009,2,39993302592,40153318640,rp2040_timer0,100010030,R,h1_ocxo_open_loop,16
CNT,1,1010,2,40169302576,40329318592,rp2040_timer0,100010010,R,h1_ocxo_open_loop,16
CNT,1,1011,2,40345302544,40505318592,rp2040_timer0,100010030,R,h1_ocxo_open_loop,16
CNT,1,1012,2,40521302544,40681318608,rp2040_timer0,100010040,R,h1_ocxo_open_loop,16
CNT,1,1013,2,40697302592,40857318640,rp2040_timer0,100010030,R,h1_ocxo_open_loop,16
CNT,1,1014,2,40873302592,41033318608,rp2040_timer0,100010010,R,h1_ocxo_open_loop,16
CNT,1,1015,2,41049302528,41209318608,rp2040_timer0,100010050,R,h1_ocxo_open_loop,16
CNT,1,1016,2,41225302528,41385318656,rp2040_timer0,100010080,R,h1_ocxo_open_loop,16
CNT,1,1017,2,41401302544,41561318640,rp2040_timer0,100010060,R,h1_ocxo_open_loop,16
CNT,1,1018,2,41577302544,41737318624,rp2040_timer0,100010050,R,h1_ocxo_open_loop,16
CNT,1,1019,2,41753302576,41913318592,rp2040_timer0,100010010,R,h1_ocxo_open_loop,16
CNT,1,1020,2,41929302560,42089318576,rp2040_timer0,100010010,R,h1_ocxo_open_loop,16
CNT,1,1021,2,42105302592,42265318608,rp2040_timer0,100010010,R,h1_ocxo_open_loop,16
CNT,1,1022,2,42281302544,42441318608,rp2040_timer0,100010040,R,h1_ocxo_open_loop,16
CNT,1,1023,2,42457302576,42617318640,rp2040_timer0,100010040,R,h1_ocxo_open_loop,16
CNT,1,1024,2,42633302592,42793318640,rp2040_timer0,100010030,R,h1_ocxo_open_loop,16
CNT,1,1025,2,42809302560,42969318608,rp2040_timer0,100010030,R,h1_ocxo_open_loop,16
CNT,1,1026,2,42985302608,43145318576,rp2040_timer0,100009980,R,h1_ocxo_open_loop,16
CNT,1,1027,2,43161302576,43321318608,rp2040_timer0,100010020,R,h1_ocxo_open_loop,16
CNT,1,1028,2,43337302576,43497318640,rp2040_timer0,100010040,R,h1_ocxo_open_loop,16
CNT,1,1029,2,43513302544,43673318576,rp2040_timer0,100010020,R,h1_ocxo_open_loop,16
CNT,1,1030,2,43689302560,43849318560,rp2040_timer0,100010000,R,h1_ocxo_open_loop,16
CNT,1,1031,2,43865302592,44025318592,rp2040_timer0,100010000,R,h1_ocxo_open_loop,16
CNT,1,1032,2,44041302592,44201318576,rp2040_timer0,100009990,R,h1_ocxo_open_loop,16
CNT,1,1033,2,44217302528,44377318608,rp2040_timer0,100010050,R,h1_ocxo_open_loop,16
CNT,1,1034,2,44393302592,44553318576,rp2040_timer0,100009990,R,h1_ocxo_open_loop,16
CNT,1,1035,2,44569302592,44729318624,rp2040_timer0,100010020,R,h1_ocxo_open_loop,16
CNT,1,1036,2,44745302528,44905318624,rp2040_timer0,100010060,R,h1_ocxo_open_loop,16
CNT,1,1037,2,44921302576,45081318608,rp2040_timer0,100010020,R,h1_ocxo_open_loop,16
CNT,1,1038,2,45097302576,45257318640,rp2040_timer0,100010040,R,h1_ocxo_open_loop,16
CNT,1,1039,2,45273302608,45433318576,rp2040_timer0,100009980,R,h1_ocxo_open_loop,16
CNT,1,1040,2,45449302560,45609318560,rp2040_timer0,100010000,R,h1_ocxo_open_loop,16
CNT,1,1041,2,45625302560,45785318560,rp2040_timer0,100010000,R,h1_ocxo_open_loop,16
CNT,1,1042,2,45801302544,45961318592,rp2040_timer0,100010030,R,h1_ocxo_open_loop,16
CNT,1,1043,2,45977302608,46137318640,rp2040_timer0,100010020,R,h1_ocxo_open_loop,16
CNT,1,1044,2,46153302544,46313318640,rp2040_timer0,100010060,R,h1_ocxo_open_loop,16
CNT,1,1045,2,46329302592,46489318592,rp2040_timer0,100010000,R,h1_ocxo_open_loop,16
CNT,1,1046,2,46505302576,46665318576,rp2040_timer0,100010000,R,h1_ocxo_open_loop,16
CNT,1,1047,2,46681302608,46841318624,rp2040_timer0,100010010,R,h1_ocxo_open_loop,16
CNT,1,1048,2,46857302592,47017318608,rp2040_timer0,100010010,R,h1_ocxo_open_loop,16
CNT,1,1049,2,47033302528,47193318624,rp2040_timer0,100010060,R,h1_ocxo_open_loop,16
CNT,1,1050,2,47209302608,47369318608,rp2040_timer0,100010000,R,h1_ocxo_open_loop,16
CNT,1,1051,2,47385302544,47545318608,rp2040_timer0,100010040,R,h1_ocxo_open_loop,16
CNT,1,1052,2,47561302576,47721318608,rp2040_timer0,100010020,R,h1_ocxo_open_loop,16
CNT,1,1053,2,47737302608,47897318608,rp2040_timer0,100010000,R,h1_ocxo_open_loop,16
CNT,1,1054,2,47913302544,48073318608,rp2040_timer0,100010040,R,h1_ocxo_open_loop,16
CNT,1,1055,2,48089302592,48249318576,rp2040_timer0,100009990,R,h1_ocxo_open_loop,16
CNT,1,1056,2,48265302544,48425318592,rp2040_timer0,100010030,R,h1_ocxo_open_loop,16
CNT,1,1057,2,48441302592,48601318608,rp2040_timer0,100010010,R,h1_ocxo_open_loop,16
CNT,1,1058,2,48617302592,48777318592,rp2040_timer0,100010000,R,h1_ocxo_open_loop,16
CNT,1,1059,2,48793302608,48953318608,rp2040_timer0,100010000,R,h1_ocxo_open_loop,16
CNT,1,1060,2,48969302608,49129318592,rp2040_timer0,100009990,R,h1_ocxo_open_loop,16
CNT,1,1061,2,49145302592,49305318608,rp2040_timer0,100010010,R,h1_ocxo_open_loop,16
CNT,1,1062,2,49321302560,49481318592,rp2040_timer0,100010020,R,h1_ocxo_open_loop,16
CNT,1,1063,2,49497302592,49657318624,rp2040_timer0,100010020,R,h1_ocxo_open_loop,16
CNT,1,1064,2,49673302560,49833318640,rp2040_timer0,100010050,R,h1_ocxo_open_loop,16
CNT,1,1065,2,49849302544,50009318576,rp2040_timer0,100010020,R,h1_ocxo_open_loop,16
CNT,1,1066,2,50025302592,50185318592,rp2040_timer0,100010000,R,h1_ocxo_open_loop,16
CNT,1,1067,2,50201302528,50361318576,rp2040_timer0,100010030,R,h1_ocxo_open_loop,16
CNT,1,1068,2,50377302560,50537318624,rp2040_timer0,100010040,R,h1_ocxo_open_loop,16
CNT,1,1069,2,50553302560,50713318576,rp2040_timer0,100010010,R,h1_ocxo_open_loop,16
CNT,1,1070,2,50729302544,50889318608,rp2040_timer0,100010040,R,h1_ocxo_open_loop,16
CNT,1,1071,2,50905302608,51065318640,rp2040_timer0,100010020,R,h1_ocxo_open_loop,16
CNT,1,1072,2,51081302592,51241318608,rp2040_timer0,100010010,R,h1_ocxo_open_loop,16
CNT,1,1073,2,51257302560,51417318576,rp2040_timer0,100010010,R,h1_ocxo_open_loop,16
CNT,1,1074,2,51433302560,51593318592,rp2040_timer0,100010020,R,h1_ocxo_open_loop,16
CNT,1,1075,2,51609302608,51769318640,rp2040_timer0,100010020,R,h1_ocxo_open_loop,16
CNT,1,1076,2,51785302544,51945318624,rp2040_timer0,100010050,R,h1_ocxo_open_loop,16
CNT,1,1077,2,51961302560,52121318592,rp2040_timer0,100010020,R,h1_ocxo_open_loop,16
CNT,1,1078,2,52137302576,52297318608,rp2040_timer0,100010020,R,h1_ocxo_open_loop,16
CNT,1,1079,2,52313302592,52473318592,rp2040_timer0,100010000,R,h1_ocxo_open_loop,16
CNT,1,1080,2,52489302560,52649318640,rp2040_timer0,100010050,R,h1_ocxo_open_loop,16
CNT,1,1081,2,52665302544,52825318640,rp2040_timer0,100010060,R,h1_ocxo_open_loop,16
CNT,1,1082,2,52841302560,53001318640,rp2040_timer0,100010050,R,h1_ocxo_open_loop,16
CNT,1,1083,2,53017302576,53177318608,rp2040_timer0,100010020,R,h1_ocxo_open_loop,16
CNT,1,1084,2,53193302544,53353318608,rp2040_timer0,100010040,R,h1_ocxo_open_loop,16
CNT,1,1085,2,53369302544,53529318608,rp2040_timer0,100010040,R,h1_ocxo_open_loop,16
CNT,1,1086,2,53545302608,53705318592,rp2040_timer0,100009990,R,h1_ocxo_open_loop,16
CNT,1,1087,2,53721302560,53881318576,rp2040_timer0,100010010,R,h1_ocxo_open_loop,16
CNT,1,1088,2,53897302592,54057318640,rp2040_timer0,100010030,R,h1_ocxo_open_loop,16
CNT,1,1089,2,54073302592,54233318624,rp2040_timer0,100010020,R,h1_ocxo_open_loop,16
CNT,1,1090,2,54249302576,54409318640,rp2040_timer0,100010040,R,h1_ocxo_open_loop,16
CNT,1,1091,2,54425302608,54585318576,rp2040_timer0,100009980,R,h1_ocxo_open_loop,16
CNT,1,1092,2,54601302544,54761318576,rp2040_timer0,100010020,R,h1_ocxo_open_loop,16
CNT,1,1093,2,54777302544,54937318576,rp2040_timer0,100010020,R,h1_ocxo_open_loop,16
CNT,1,1094,2,54953302528,55113318624,rp2040_timer0,100010060,R,h1_ocxo_open_loop,16
CNT,1,1095,2,55129302544,55289318560,rp2040_timer0,100010010,R,h1_ocxo_open_loop,16
CNT,1,1096,2,55305302528,55465318640,rp2040_timer0,100010070,R,h1_ocxo_open_loop,16
CNT,1,1097,2,55481302592,55641318592,rp2040_timer0,100010000,R,h1_ocxo_open_loop,16
CNT,1,1098,2,55657302576,55817318640,rp2040_timer0,100010040,R,h1_ocxo_open_loop,16
CNT,1,1099,2,55833302528,55993318608,rp2040_timer0,100010050,R,h1_ocxo_open_loop,16
CNT,1,1100,2,56009302528,56169318592,rp2040_timer0,100010040,R,h1_ocxo_open_loop,16
CNT,1,1101,2,56185302560,56345318640,rp2040_timer0,100010050,R,h1_ocxo_open_loop,16
CNT,1,1102,2,56361302544,56521318624,rp2040_timer0,100010050,R,h1_ocxo_open_loop,16
CNT,1,1103,2,56537302608,56697318624,rp2040_timer0,100010010,R,h1_ocxo_open_loop,16
CNT,1,1104,2,56713302592,56873318640,rp2040_timer0,100010030,R,h1_ocxo_open_loop,16
CNT,1,1105,2,56889302544,57049318560,rp2040_timer0,100010010,R,h1_ocxo_open_loop,16
CNT,1,1106,2,57065302608,57225318640,rp2040_timer0,100010020,R,h1_ocxo_open_loop,16
CNT,1,1107,2,57241302528,57401318624,rp2040_timer0,100010060,R,h1_ocxo_open_loop,16
CNT,1,1108,2,57417302560,57577318576,rp2040_timer0,100010010,R,h1_ocxo_open_loop,16
CNT,1,1109,2,57593302560,57753318608,rp2040_timer0,100010030,R,h1_ocxo_open_loop,16
CNT,1,1110,2,57769302560,57929318608,rp2040_timer0,100010030,R,h1_ocxo_open_loop,16
CNT,1,1111,2,57945302576,58105318640,rp2040_timer0,100010040,R,h1_ocxo_open_loop,16
CNT,1,1112,2,58121302544,58281318576,rp2040_timer0,100010020,R,h1_ocxo_open_loop,16
CNT,1,1113,2,58297302544,58457318576,rp2040_timer0,100010020,R,h1_ocxo_open_loop,16
CNT,1,1114,2,58473302544,58633318560,rp2040_timer0,100010010,R,h1_ocxo_open_loop,16
CNT,1,1115,2,58649302544,58809318592,rp2040_timer0,100010030,R,h1_ocxo_open_loop,16
CNT,1,1116,2,58825302592,58985318592,rp2040_timer0,100010000,R,h1_ocxo_open_loop,16
CNT,1,1117,2,59001302592,59161318592,rp2040_timer0,100010000,R,h1_ocxo_open_loop,16
CNT,1,1118,2,59177302560,59337318640,rp2040_timer0,100010050,R,h1_ocxo_open_loop,16
CNT,1,1119,2,59353302608,59513318576,rp2040_timer0,100009980,R,h1_ocxo_open_loop,16
CNT,1,1120,2,59529302560,59689318640,rp2040_timer0,100010050,R,h1_ocxo_open_loop,16
CNT,1,1121,2,59705302560,59865318608,rp2040_timer0,100010030,R,h1_ocxo_open_loop,16
CNT,1,1122,2,59881302576,60041318640,rp2040_timer0,100010040,R,h1_ocxo_open_loop,16
CNT,1,1123,2,60057302544,60217318608,rp2040_timer0,100010040,R,h1_ocxo_open_loop,16
CNT,1,1124,2,60233302576,60393318608,rp2040_timer0,100010020,R,h1_ocxo_open_loop,16
CNT,1,1125,2,60409302560,60569318592,rp2040_timer0,100010020,R,h1_ocxo_open_loop,16
CNT,1,1126,2,60585302544,60745318592,rp2040_timer0,100010030,R,h1_ocxo_open_loop,16
CNT,1,1127,2,60761302528,60921318592,rp2040_timer0,100010040,R,h1_ocxo_open_loop,16
CNT,1,1128,2,60937302560,61097318592,rp2040_timer0,100010020,R,h1_ocxo_open_loop,16
CNT,1,1129,2,61113302560,61273318592,rp2040_timer0,100010020,R,h1_ocxo_open_loop,16
CNT,1,1130,2,61289302576,61449318592,rp2040_timer0,100010010,R,h1_ocxo_open_loop,16
CNT,1,1131,2,61465302592,61625318608,rp2040_timer0,100010010,R,h1_ocxo_open_loop,16
CNT,1,1132,2,61641302592,61801318592,rp2040_timer0,100010000,R,h1_ocxo_open_loop,16
CNT,1,1133,2,61817302576,61977318624,rp2040_timer0,100010030,R,h1_ocxo_open_loop,16
CNT,1,1134,2,61993302544,62153318592,rp2040_timer0,100010030,R,h1_ocxo_open_loop,16
CNT,1,1135,2,62169302576,62329318608,rp2040_timer0,100010020,R,h1_ocxo_open_loop,16
CNT,1,1136,2,62345302592,62505318624,rp2040_timer0,100010020,R,h1_ocxo_open_loop,16
CNT,1,1137,2,62521302576,62681318592,rp2040_timer0,100010010,R,h1_ocxo_open_loop,16
CNT,1,1138,2,62697302576,62857318576,rp2040_timer0,100010000,R,h1_ocxo_open_loop,16
CNT,1,1139,2,62873302544,63033318560,rp2040_timer0,100010010,R,h1_ocxo_open_loop,16
CNT,1,1140,2,63049302528,63209318640,rp2040_timer0,100010070,R,h1_ocxo_open_loop,16
CNT,1,1141,2,63225302608,63385318592,rp2040_timer0,100009990,R,h1_ocxo_open_loop,16
CNT,1,1142,2,63401302560,63561318624,rp2040_timer0,100010040,R,h1_ocxo_open_loop,16
CNT,1,1143,2,63577302560,63737318592,rp2040_timer0,100010020,R,h1_ocxo_open_loop,16
CNT,1,1144,2,63753302608,63913318640,rp2040_timer0,100010020,R,h1_ocxo_open_loop,16
CNT,1,1145,2,63929302544,64089318576,rp2040_timer0,100010020,R,h1_ocxo_open_loop,16
CNT,1,1146,2,64105302592,64265318576,rp2040_timer0,100009990,R,h1_ocxo_open_loop,16
CNT,1,1147,2,64281302560,64441318624,rp2040_timer0,100010040,R,h1_ocxo_open_loop,16
CNT,1,1148,2,64457302560,64617318640,rp2040_timer0,100010050,R,h1_ocxo_open_loop,16
CNT,1,1149,2,64633302608,64793318592,rp2040_timer0,100009990,R,h1_ocxo_open_loop,16
CNT,1,1150,2,64809302576,64969318640,rp2040_timer0,100010040,R,h1_ocxo_open_loop,16
CNT,1,1151,2,64985302576,65145318640,rp2040_timer0,100010040,R,h1_ocxo_open_loop,16
CNT,1,1152,2,65161302608,65321318576,rp2040_timer0,100009980,R,h1_ocxo_open_loop,16
CNT,1,1153,2,65337302544,65497318624,rp2040_timer0,100010050,R,h1_ocxo_open_loop,16
CNT,1,1154,2,65513302592,65673318560,rp2040_timer0,100009980,R,h1_ocxo_open_loop,16
CNT,1,1155,2,65689302544,65849318624,rp2040_timer0,100010050,R,h1_ocxo_open_loop,16
CNT,1,1156,2,65865302560,66025318608,rp2040_timer0,100010030,R,h1_ocxo_open_loop,16
CNT,1,1157,2,66041302544,66201318576,rp2040_timer0,100010020,R,h1_ocxo_open_loop,16
CNT,1,1158,2,66217302528,66377318640,rp2040_timer0,100010070,R,h1_ocxo_open_loop,16
CNT,1,1159,2,66393302544,66553318608,rp2040_timer0,100010040,R,h1_ocxo_open_loop,16
CNT,1,1160,2,66569302592,66729318592,rp2040_timer0,100010000,R,h1_ocxo_open_loop,16
CNT,1,1161,2,66745302560,66905318640,rp2040_timer0,100010050,R,h1_ocxo_open_loop,16
CNT,1,1162,2,66921302544,67081318592,rp2040_timer0,100010030,R,h1_ocxo_open_loop,16
CNT,1,1163,2,67097302576,67257318592,rp2040_timer0,100010010,R,h1_ocxo_open_loop,16
CNT,1,1164,2,67273302608,67433318592,rp2040_timer0,100009990,R,h1_ocxo_open_loop,16
CNT,1,1165,2,67449302576,67609318576,rp2040_timer0,100010000,R,h1_ocxo_open_loop,16
CNT,1,1166,2,67625302592,67785318608,rp2040_timer0,100010010,R,h1_ocxo_open_loop,16
CNT,1,1167,2,67801302560,67961318608,rp2040_timer0,100010030,R,h1_ocxo_open_loop,16
CNT,1,1168,2,67977302608,68137318640,rp2040_timer0,100010020,R,h1_ocxo_open_loop,16
CNT,1,1169,2,68153302608,68313318640,rp2040_timer0,100010020,R,h1_ocxo_open_loop,16
CNT,1,1170,2,68329302560,68489318592,rp2040_timer0,100010020,R,h1_ocxo_open_loop,16
CNT,1,1171,2,68505302544,68665318592,rp2040_timer0,100010030,R,h1_ocxo_open_loop,16
CNT,1,1172,2,68681302560,68841318640,rp2040_timer0,100010050,R,h1_ocxo_open_loop,16
CNT,1,1173,2,137825856,297841904,rp2040_timer0,100010030,R,h1_ocxo_open_loop,16
CNT,1,1174,2,313825808,473841872,rp2040_timer0,100010040,R,h1_ocxo_open_loop,16
CNT,1,1175,2,489825856,649841856,rp2040_timer0,100010000,R,h1_ocxo_open_loop,16
CNT,1,1176,2,665825808,825841856,rp2040_timer0,100010030,R,h1_ocxo_open_loop,16
CNT,1,1177,2,841825792,1001841888,rp2040_timer0,100010060,R,h1_ocxo_open_loop,16
CNT,1,1178,2,1017825856,1177841904,rp2040_timer0,100010030,R,h1_ocxo_open_loop,16
CNT,1,1179,2,1193825824,1353841840,rp2040_timer0,100010010,R,h1_ocxo_open_loop,16
CNT,1,1180,2,1369825808,1529841888,rp2040_timer0,100010050,R,h1_ocxo_open_loop,16
CNT,1,1181,2,1545825808,1705841872,rp2040_timer0,100010040,R,h1_ocxo_open_loop,16
CNT,1,1182,2,1721825824,1881841872,rp2040_timer0,100010030,R,h1_ocxo_open_loop,16
CNT,1,1183,2,1897825840,2057841840,rp2040_timer0,100010000,R,h1_ocxo_open_loop,16
CNT,1,1184,2,2073825824,2233841904,rp2040_timer0,100010050,R,h1_ocxo_open_loop,16
CNT,1,1185,2,2249825856,2409841856,rp2040_timer0,100010000,R,h1_ocxo_open_loop,16
CNT,1,1186,2,2425825792,2585841888,rp2040_timer0,100010060,R,h1_ocxo_open_loop,16
CNT,1,1187,2,2601825856,2761841840,rp2040_timer0,100009990,R,h1_ocxo_open_loop,16
CNT,1,1188,2,2777825792,2937841856,rp2040_timer0,100010040,R,h1_ocxo_open_loop,16
CNT,1,1189,2,2953825856,3113841904,rp2040_timer0,100010030,R,h1_ocxo_open_loop,16
CNT,1,1190,2,3129825824,3289841856,rp2040_timer0,100010020,R,h1_ocxo_open_loop,16
CNT,1,1191,2,3305825840,3465841856,rp2040_timer0,100010010,R,h1_ocxo_open_loop,16
CNT,1,1192,2,3481825872,3641841888,rp2040_timer0,100010010,R,h1_ocxo_open_loop,16
CNT,1,1193,2,3657825872,3817841840,rp2040_timer0,100009980,R,h1_ocxo_open_loop,16
CNT,1,1194,2,3833825824,3993841856,rp2040_timer0,100010020,R,h1_ocxo_open_loop,16
CNT,1,1195,2,4009825808,4169841856,rp2040_timer0,100010030,R,h1_ocxo_open_loop,16
CNT,1,1196,2,4185825824,4345841872,rp2040_timer0,100010030,R,h1_ocxo_open_loop,16
CNT,1,1197,2,4361825808,4521841840,rp2040_timer0,100010020,R,h1_ocxo_open_loop,16
CNT,1,1198,2,4537825856,4697841872,rp2040_timer0,100010010,R,h1_ocxo_open_loop,16
CNT,1,1199,2,4713825792,4873841840,rp2040_timer0,100010030,R,h1_ocxo_open_loop,16
CNT,1,1200,2,4889825840,5049841904,rp2040_timer0,100010040,R,h1_ocxo_open_loop,16
CNT,1,1201,2,5065825840,5225841904,rp2040_timer0,100010040,R,h1_ocxo_open_loop,16
CNT,1,1202,2,5241825824,5401841840,rp2040_timer0,100010010,R,h1_ocxo_open_loop,16
CNT,1,1203,2,5417825840,5577841888,rp2040_timer0,100010030,R,h1_ocxo_open_loop,16
CNT,1,1204,2,5593825808,5753841824,rp2040_timer0,100010010,R,h1_ocxo_open_loop,16
CNT,1,1205,2,5769825808,5929841904,rp2040_timer0,100010060,R,h1_ocxo_open_loop,16
CNT,1,1206,2,5945825824,6105841888,rp2040_timer0,100010040,R,h1_ocxo_open_loop,16
CNT,1,1207,2,6121825856,6281841856,rp2040_timer0,100010000,R,h1_ocxo_open_loop,16
CNT,1,1208,2,6297825808,6457841856,rp2040_timer0,100010030,R,h1_ocxo_open_loop,16
CNT,1,1209,2,6473825872,6633841856,rp2040_timer0,100009990,R,h1_ocxo_open_loop,16
CNT,1,1210,2,6649825872,6809841904,rp2040_timer0,100010020,R,h1_ocxo_open_loop,16
CNT,1,1211,2,6825825808,6985841856,rp2040_timer0,100010030,R,h1_ocxo_open_loop,16
CNT,1,1212,2,7001825808,7161841856,rp2040_timer0,100010030,R,h1_ocxo_open_loop,16
CNT,1,1213,2,7177825824,7337841904,rp2040_timer0,100010050,R,h1_ocxo_open_loop,16
CNT,1,1214,2,7353825840,7513841840,rp2040_timer0,100010000,R,h1_ocxo_open_loop,16
CNT,1,1215,2,7529825856,7689841872,rp2040_timer0,100010010,R,h1_ocxo_open_loop,16
CNT,1,1216,2,7705825840,7865841840,rp2040_timer0,100010000,R,h1_ocxo_open_loop,16
CNT,1,1217,2,7881825872,8041841872,rp2040_timer0,100010000,R,h1_ocxo_open_loop,16
CNT,1,1218,2,8057825856,8217841824,rp2040_timer0,100009980,R,h1_ocxo_open_loop,16
CNT,1,1219,2,8233825824,8393841872,rp2040_timer0,100010030,R,h1_ocxo_open_loop,16
CNT,1,1220,2,8409825808,8569841856,rp2040_timer0,100010030,R,h1_ocxo_open_loop,16
CNT,1,1221,2,8585825840,8745841872,rp2040_timer0,100010020,R,h1_ocxo_open_loop,16
CNT,1,1222,2,8761825808,8921841856,rp2040_timer0,100010030,R,h1_ocxo_open_loop,16
CNT,1,1223,2,8937825872,9097841840,rp2040_timer0,100009980,R,h1_ocxo_open_loop,16
CNT,1,1224,2,9113825824,9273841872,rp2040_timer0,100010030,R,h1_ocxo_open_loop,16
CNT,1,1225,2,9289825840,9449841856,rp2040_timer0,100010010,R,h1_ocxo_open_loop,16
CNT,1,1226,2,9465825840,9625841888,rp2040_timer0,100010030,R,h1_ocxo_open_loop,16
CNT,1,1227,2,9641825792,9801841840,rp2040_timer0,100010030,R,h1_ocxo_open_loop,16
CNT,1,1228,2,9817825840,9977841872,rp2040_timer0,100010020,R,h1_ocxo_open_loop,16
CNT,1,1229,2,9993825856,10153841872,rp2040_timer0,100010010,R,h1_ocxo_open_loop,16
CNT,1,1230,2,10169825840,10329841904,rp2040_timer0,100010040,R,h1_ocxo_open_loop,16
CNT,1,1231,2,10345825856,10505841904,rp2040_timer0,100010030,R,h1_ocxo_open_loop,16
CNT,1,1232,2,10521825840,10681841872,rp2040_timer0,100010020,R,h1_ocxo_open_loop,16
CNT,1,1233,2,10697825824,10857841872,rp2040_timer0,100010030,R,h1_ocxo_open_loop,16
CNT,1,1234,2,10873825856,11033841856,rp2040_timer0,100010000,R,h1_ocxo_open_loop,16
CNT,1,1235,2,11049825808,11209841840,rp2040_timer0,100010020,R,h1_ocxo_open_loop,16
CNT,1,1236,2,11225825856,11385841856,rp2040_timer0,100010000,R,h1_ocxo_open_loop,16
CNT,1,1237,2,11401825792,11561841840,rp2040_timer0,100010030,R,h1_ocxo_open_loop,16
CNT,1,1238,2,11577825856,11737841872,rp2040_timer0,100010010,R,h1_ocxo_open_loop,16
CNT,1,1239,2,11753825792,11913841888,rp2040_timer0,100010060,R,h1_ocxo_open_loop,16
CNT,1,1240,2,11929825824,12089841888,rp2040_timer0,100010040,R,h1_ocxo_open_loop,16
CNT,1,1241,2,12105825856,12265841856,rp2040_timer0,100010000,R,h1_ocxo_open_loop,16
CNT,1,1242,2,12281825824,12441841856,rp2040_timer0,100010020,R,h1_ocxo_open_loop,16
CNT,1,1243,2,12457825856,12617841872,rp2040_timer0,100010010,R,h1_ocxo_open_loop,16
CNT,1,1244,2,12633825856,12793841920,rp2040_timer0,100010040,R,h1_ocxo_open_loop,16
CNT,1,1245,2,12809825840,12969841840,rp2040_timer0,100010000,R,h1_ocxo_open_loop,16
CNT,1,1246,2,12985825840,13145841840,rp2040_timer0,100010000,R,h1_ocxo_open_loop,16
CNT,1,1247,2,13161825872,13321841840,rp2040_timer0,100009980,R,h1_ocxo_open_loop,16
CNT,1,1248,2,13337825840,13497841840,rp2040_timer0,100010000,R,h1_ocxo_open_loop,16
CNT,1,1249,2,13513825856,13673841872,rp2040_timer0,100010010,R,h1_ocxo_open_loop,16
CNT,1,1250,2,13689825840,13849841840,rp2040_timer0,100010000,R,h1_ocxo_open_loop,16
CNT,1,1251,2,13865825824,14025841856,rp2040_timer0,100010020,R,h1_ocxo_open_loop,16
CNT,1,1252,2,14041825824,14201841856,rp2040_timer0,100010020,R,h1_ocxo_open_loop,16
CNT,1,1253,2,14217825856,14377841904,rp2040_timer0,100010030,R,h1_ocxo_open_loop,16
CNT,1,1254,2,14393825856,14553841888,rp2040_timer0,100010020,R,h1_ocxo_open_loop,16
CNT,1,1255,2,14569825840,14729841856,rp2040_timer0,100010010,R,h1_ocxo_open_loop,16
CNT,1,1256,2,14745825824,14905841856,rp2040_timer0,100010020,R,h1_ocxo_open_loop,16
CNT,1,1257,2,14921825840,15081841856,rp2040_timer0,100010010,R,h1_ocxo_open_loop,16
CNT,1,1258,2,15097825840,15257841888,rp2040_timer0,100010030,R,h1_ocxo_open_loop,16
CNT,1,1259,2,15273825840,15433841840,rp2040_timer0,100010000,R,h1_ocxo_open_loop,16
CNT,1,1260,2,15449825856,15609841904,rp2040_timer0,100010030,R,h1_ocxo_open_loop,16
CNT,1,1261,2,15625825808,15785841888,rp2040_timer0,100010050,R,h1_ocxo_open_loop,16
CNT,1,1262,2,15801825856,15961841856,rp2040_timer0,100010000,R,h1_ocxo_open_loop,16
CNT,1,1263,2,15977825792,16137841856,rp2040_timer0,100010040,R,h1_ocxo_open_loop,16
CNT,1,1264,2,16153825808,16313841888,rp2040_timer0,100010050,R,h1_ocxo_open_loop,16
CNT,1,1265,2,16329825824,16489841840,rp2040_timer0,100010010,R,h1_ocxo_open_loop,16
CNT,1,1266,2,16505825872,16665841888,rp2040_timer0,100010010,R,h1_ocxo_open_loop,16
CNT,1,1267,2,16681825840,16841841840,rp2040_timer0,100010000,R,h1_ocxo_open_loop,16
CNT,1,1268,2,16857825824,17017841904,rp2040_timer0,100010050,R,h1_ocxo_open_loop,16
CNT,1,1269,2,17033825808,17193841904,rp2040_timer0,100010060,R,h1_ocxo_open_loop,16
CNT,1,1270,2,17209825856,17369841904,rp2040_timer0,100010030,R,h1_ocxo_open_loop,16
CNT,1,1271,2,17385825808,17545841856,rp2040_timer0,100010030,R,h1_ocxo_open_loop,16
CNT,1,1272,2,17561825856,17721841872,rp2040_timer0,100010010,R,h1_ocxo_open_loop,16
CNT,1,1273,2,17737825824,17897841840,rp2040_timer0,100010010,R,h1_ocxo_open_loop,16
CNT,1,1274,2,17913825840,18073841840,rp2040_timer0,100010000,R,h1_ocxo_open_loop,16
CNT,1,1275,2,18089825824,18249841904,rp2040_timer0,100010050,R,h1_ocxo_open_loop,16
CNT,1,1276,2,18265825840,18425841872,rp2040_timer0,100010020,R,h1_ocxo_open_loop,16
CNT,1,1277,2,18441825856,18601841904,rp2040_timer0,100010030,R,h1_ocxo_open_loop,16
CNT,1,1278,2,18617825856,18777841872,rp2040_timer0,100010010,R,h1_ocxo_open_loop,16
CNT,1,1279,2,18793825840,18953841904,rp2040_timer0,100010040,R,h1_ocxo_open_loop,16
CNT,1,1280,2,18969825840,19129841840,rp2040_timer0,100010000,R,h1_ocxo_open_loop,16
CNT,1,1281,2,19145825856,19305841904,rp2040_timer0,100010030,R,h1_ocxo_open_loop,16
CNT,1,1282,2,19321825840,19481841840,rp2040_timer0,100010000,R,h1_ocxo_open_loop,16
CNT,1,1283,2,19497825840,19657841856,rp2040_timer0,100010010,R,h1_ocxo_open_loop,16
CNT,1,1284,2,19673825824,19833841840,rp2040_timer0,100010010,R,h1_ocxo_open_loop,16
CNT,1,1285,2,19849825872,20009841872,rp2040_timer0,100010000,R,h1_ocxo_open_loop,16
CNT,1,1286,2,20025825856,20185841904,rp2040_timer0,100010030,R,h1_ocxo_open_loop,16
CNT,1,1287,2,20201825856,20361841856,rp2040_timer0,100010000,R,h1_ocxo_open_loop,16
CNT,1,1288,2,20377825872,20537841856,rp2040_timer0,100009990,R,h1_ocxo_open_loop,16
CNT,1,1289,2,20553825872,20713841888,rp2040_timer0,100010010,R,h1_ocxo_open_loop,16
CNT,1,1290,2,20729825808,20889841872,rp2040_timer0,100010040,R,h1_ocxo_open_loop,16
CNT,1,1291,2,20905825824,21065841904,rp2040_timer0,100010050,R,h1_ocxo_open_loop,16
CNT,1,1292,2,21081825824,21241841856,rp2040_timer0,100010020,R,h1_ocxo_open_loop,16
CNT,1,1293,2,21257825840,21417841888,rp2040_timer0,100010030,R,h1_ocxo_open_loop,16
CNT,1,1294,2,21433825824,21593841872,rp2040_timer0,100010030,R,h1_ocxo_open_loop,16
CNT,1,1295,2,21609825808,21769841840,rp2040_timer0,100010020,R,h1_ocxo_open_loop,16
CNT,1,1296,2,21785825856,21945841856,rp2040_timer0,100010000,R,h1_ocxo_open_loop,16
CNT,1,1297,2,21961825856,22121841856,rp2040_timer0,100010000,R,h1_ocxo_open_loop,16
CNT,1,1298,2,22137825824,22297841904,rp2040_timer0,100010050,R,h1_ocxo_open_loop,16
CNT,1,1299,2,22313825856,22473841888,rp2040_timer0,100010020,R,h1_ocxo_open_loop,16
CNT,1,1300,2,22489825792,22649841872,rp2040_timer0,100010050,R,h1_ocxo_open_loop,16
CNT,1,1301,2,22665825824,22825841872,rp2040_timer0,100010030,R,h1_ocxo_open_loop,16
CNT,1,1302,2,22841825856,23001841840,rp2040_timer0,100009990,R,h1_ocxo_open_loop,16
CNT,1,1303,2,23017825872,23177841888,rp2040_timer0,100010010,R,h1_ocxo_open_loop,16
CNT,1,1304,2,23193825856,23353841872,rp2040_timer0,100010010,R,h1_ocxo_open_loop,16
CNT,1,1305,2,23369825808,23529841872,rp2040_timer0,100010040,R,h1_ocxo_open_loop,16
CNT,1,1306,2,23545825792,23705841888,rp2040_timer0,100010060,R,h1_ocxo_open_loop,16
CNT,1,1307,2,23721825856,23881841872,rp2040_timer0,100010010,R,h1_ocxo_open_loop,16
CNT,1,1308,2,23897825840,24057841840,rp2040_timer0,100010000,R,h1_ocxo_open_loop,16
CNT,1,1309,2,24073825872,24233841904,rp2040_timer0,100010020,R,h1_ocxo_open_loop,16
CNT,1,1310,2,24249825872,24409841840,rp2040_timer0,100009980,R,h1_ocxo_open_loop,16
CNT,1,1311,2,24425825872,24585841840,rp2040_timer0,100009980,R,h1_ocxo_open_loop,16
CNT,1,1312,2,24601825808,24761841840,rp2040_timer0,100010020,R,h1_ocxo_open_loop,16
CNT,1,1313,2,24777825840,24937841840,rp2040_timer0,100010000,R,h1_ocxo_open_loop,16
CNT,1,1314,2,24953825840,25113841840,rp2040_timer0,100010000,R,h1_ocxo_open_loop,16
CNT,1,1315,2,25129825856,25289841904,rp2040_timer0,100010030,R,h1_ocxo_open_loop,16
CNT,1,1316,2,25305825840,25465841840,rp2040_timer0,100010000,R,h1_ocxo_open_loop,16
CNT,1,1317,2,25481825872,25641841856,rp2040_timer0,100009990,R,h1_ocxo_open_loop,16
CNT,1,1318,2,25657825792,25817841888,rp2040_timer0,100010060,R,h1_ocxo_open_loop,16
CNT,1,1319,2,25833825808,25993841840,rp2040_timer0,100010020,R,h1_ocxo_open_loop,16
CNT,1,1320,2,26009825840,26169841904,rp2040_timer0,100010040,R,h1_ocxo_open_loop,16
CNT,1,1321,2,26185825824,26345841856,rp2040_timer0,100010020,R,h1_ocxo_open_loop,16
CNT,1,1322,2,26361825856,26521841840,rp2040_timer0,100009990,R,h1_ocxo_open_loop,16
CNT,1,1323,2,26537825808,26697841856,rp2040_timer0,100010030,R,h1_ocxo_open_loop,16
CNT,1,1324,2,26713825840,26873841888,rp2040_timer0,100010030,R,h1_ocxo_open_loop,16
CNT,1,1325,2,26889825808,27049841840,rp2040_timer0,100010020,R,h1_ocxo_open_loop,16
CNT,1,1326,2,27065825824,27225841904,rp2040_timer0,100010050,R,h1_ocxo_open_loop,16
CNT,1,1327,2,27241825840,27401841856,rp2040_timer0,100010010,R,h1_ocxo_open_loop,16
CNT,1,1328,2,27417825840,27577841840,rp2040_timer0,100010000,R,h1_ocxo_open_loop,16
CNT,1,1329,2,27593825856,27753841888,rp2040_timer0,100010020,R,h1_ocxo_open_loop,16
CNT,1,1330,2,27769825840,27929841888,rp2040_timer0,100010030,R,h1_ocxo_open_loop,16
CNT,1,1331,2,27945825856,28105841872,rp2040_timer0,100010010,R,h1_ocxo_open_loop,16
CNT,1,1332,2,28121825824,28281841888,rp2040_timer0,100010040,R,h1_ocxo_open_loop,16
CNT,1,1333,2,28297825808,28457841888,rp2040_timer0,100010050,R,h1_ocxo_open_loop,16
CNT,1,1334,2,28473825824,28633841888,rp2040_timer0,100010040,R,h1_ocxo_open_loop,16
CNT,1,1335,2,28649825824,28809841904,rp2040_timer0,100010050,R,h1_ocxo_open_loop,16
CNT,1,1336,2,28825825808,28985841856,rp2040_timer0,100010030,R,h1_ocxo_open_loop,16
CNT,1,1337,2,29001825840,29161841888,rp2040_timer0,100010030,R,h1_ocxo_open_loop,16
CNT,1,1338,2,29177825840,29337841888,rp2040_timer0,100010030,R,h1_ocxo_open_loop,16
CNT,1,1339,2,29353825792,29513841904,rp2040_timer0,100010070,R,h1_ocxo_open_loop,16
CNT,1,1340,2,29529825808,29689841888,rp2040_timer0,100010050,R,h1_ocxo_open_loop,16
CNT,1,1341,2,29705825872,29865841824,rp2040_timer0,100009970,R,h1_ocxo_open_loop,16
CNT,1,1342,2,29881825872,30041841904,rp2040_timer0,100010020,R,h1_ocxo_open_loop,16
CNT,1,1343,2,30057825840,30217841872,rp2040_timer0,100010020,R,h1_ocxo_open_loop,16
CNT,1,1344,2,30233825856,30393841888,rp2040_timer0,100010020,R,h1_ocxo_open_loop,16
CNT,1,1345,2,30409825808,30569841904,rp2040_timer0,100010060,R,h1_ocxo_open_loop,16
CNT,1,1346,2,30585825872,30745841856,rp2040_timer0,100009990,R,h1_ocxo_open_loop,16
CNT,1,1347,2,30761825808,30921841888,rp2040_timer0,100010050,R,h1_ocxo_open_loop,16
CNT,1,1348,2,30937825840,31097841840,rp2040_timer0,100010000,R,h1_ocxo_open_loop,16
CNT,1,1349,2,31113825824,31273841904,rp2040_timer0,100010050,R,h1_ocxo_open_loop,16
CNT,1,1350,2,31289825856,31449841904,rp2040_timer0,100010030,R,h1_ocxo_open_loop,16
CNT,1,1351,2,31465825808,31625841872,rp2040_timer0,100010040,R,h1_ocxo_open_loop,16
CNT,1,1352,2,31641825808,31801841872,rp2040_timer0,100010040,R,h1_ocxo_open_loop,16
CNT,1,1353,2,31817825808,31977841904,rp2040_timer0,100010060,R,h1_ocxo_open_loop,16
CNT,1,1354,2,31993825856,32153841872,rp2040_timer0,100010010,R,h1_ocxo_open_loop,16
CNT,1,1355,2,32169825840,32329841840,rp2040_timer0,100010000,R,h1_ocxo_open_loop,16
CNT,1,1356,2,32345825808,32505841856,rp2040_timer0,100010030,R,h1_ocxo_open_loop,16
CNT,1,1357,2,32521825808,32681841888,rp2040_timer0,100010050,R,h1_ocxo_open_loop,16
CNT,1,1358,2,32697825808,32857841904,rp2040_timer0,100010060,R,h1_ocxo_open_loop,16
CNT,1,1359,2,32873825840,33033841856,rp2040_timer0,100010010,R,h1_ocxo_open_loop,16
CNT,1,1360,2,33049825824,33209841904,rp2040_timer0,100010050,R,h1_ocxo_open_loop,16
CNT,1,1361,2,33225825856,33385841888,rp2040_timer0,100010020,R,h1_ocxo_open_loop,16
CNT,1,1362,2,33401825872,33561841856,rp2040_timer0,100009990,R,h1_ocxo_open_loop,16
CNT,1,1363,2,33577825808,33737841856,rp2040_timer0,100010030,R,h1_ocxo_open_loop,16
CNT,1,1364,2,33753825856,33913841856,rp2040_timer0,100010000,R,h1_ocxo_open_loop,16
CNT,1,1365,2,33929825824,34089841872,rp2040_timer0,100010030,R,h1_ocxo_open_loop,16
CNT,1,1366,2,34105825856,34265841856,rp2040_timer0,100010000,R,h1_ocxo_open_loop,16
CNT,1,1367,2,34281825792,34441841904,rp2040_timer0,100010070,R,h1_ocxo_open_loop,16
CNT,1,1368,2,34457825824,34617841904,rp2040_timer0,100010050,R,h1_ocxo_open_loop,16
CNT,1,1369,2,34633825808,34793841856,rp2040_timer0,100010030,R,h1_ocxo_open_loop,16
CNT,1,1370,2,34809825840,34969841840,rp2040_timer0,100010000,R,h1_ocxo_open_loop,16
CNT,1,1371,2,34985825840,35145841840,rp2040_timer0,100010000,R,h1_ocxo_open_loop,16
CNT,1,1372,2,35161825824,35321841904,rp2040_timer0,100010050,R,h1_ocxo_open_loop,16
CNT,1,1373,2,35337825872,35497841840,rp2040_timer0,100009980,R,h1_ocxo_open_loop,16
CNT,1,1374,2,35513825856,35673841872,rp2040_timer0,100010010,R,h1_ocxo_open_loop,16
CNT,1,1375,2,35689825808,35849841904,rp2040_timer0,100010060,R,h1_ocxo_open_loop,16
CNT,1,1376,2,35865825808,36025841840,rp2040_timer0,100010020,R,h1_ocxo_open_loop,16
CNT,1,1377,2,36041825824,36201841856,rp2040_timer0,100010020,R,h1_ocxo_open_loop,16
CNT,1,1378,2,36217825824,36377841856,rp2040_timer0,100010020,R,h1_ocxo_open_loop,16
CNT,1,1379,2,36393825808,36553841856,rp2040_timer0,100010030,R,h1_ocxo_open_loop,16
CNT,1,1380,2,36569825824,36729841872,rp2040_timer0,100010030,R,h1_ocxo_open_loop,16
CNT,1,1381,2,36745825808,36905841824,rp2040_timer0,100010010,R,h1_ocxo_open_loop,16
CNT,1,1382,2,36921825840,37081841920,rp2040_timer0,100010050,R,h1_ocxo_open_loop,16
CNT,1,1383,2,37097825856,37257841904,rp2040_timer0,100010030,R,h1_ocxo_open_loop,16
CNT,1,1384,2,37273825856,37433841888,rp2040_timer0,100010020,R,h1_ocxo_open_loop,16
CNT,1,1385,2,37449825824,37609841888,rp2040_timer0,100010040,R,h1_ocxo_open_loop,16
CNT,1,1386,2,37625825856,37785841888,rp2040_timer0,100010020,R,h1_ocxo_open_loop,16
CNT,1,1387,2,37801825840,37961841856,rp2040_timer0,100010010,R,h1_ocxo_open_loop,16
CNT,1,1388,2,37977825840,38137841840,rp2040_timer0,100010000,R,h1_ocxo_open_loop,16
CNT,1,1389,2,38153825872,38313841840,rp2040_timer0,100009980,R,h1_ocxo_open_loop,16
CNT,1,1390,2,38329825824,38489841872,rp2040_timer0,100010030,R,h1_ocxo_open_loop,16
CNT,1,1391,2,38505825840,38665841856,rp2040_timer0,100010010,R,h1_ocxo_open_loop,16
CNT,1,1392,2,38681825824,38841841856,rp2040_timer0,100010020,R,h1_ocxo_open_loop,16
CNT,1,1393,2,38857825872,39017841888,rp2040_timer0,100010010,R,h1_ocxo_open_loop,16
CNT,1,1394,2,39033825792,39193841904,rp2040_timer0,100010070,R,h1_ocxo_open_loop,16
CNT,1,1395,2,39209825840,39369841840,rp2040_timer0,100010000,R,h1_ocxo_open_loop,16
CNT,1,1396,2,39385825808,39545841904,rp2040_timer0,100010060,R,h1_ocxo_open_loop,16
CNT,1,1397,2,39561825824,39721841856,rp2040_timer0,100010020,R,h1_ocxo_open_loop,16
CNT,1,1398,2,39737825808,39897841888,rp2040_timer0,100010050,R,h1_ocxo_open_loop,16
CNT,1,1399,2,39913825824,40073841904,rp2040_timer0,100010050,R,h1_ocxo_open_loop,16
CNT,1,1400,2,40089825856,40249841872,rp2040_timer0,100010010,R,h1_ocxo_open_loop,16
CNT,1,1401,2,40265825824,40425841856,rp2040_timer0,100010020,R,h1_ocxo_open_loop,16
CNT,1,1402,2,40441825872,40601841856,rp2040_timer0,100009990,R,h1_ocxo_open_loop,16
CNT,1,1403,2,40617825792,40777841888,rp2040_timer0,100010060,R,h1_ocxo_open_loop,16
CNT,1,1404,2,40793825824,40953841888,rp2040_timer0,100010040,R,h1_ocxo_open_loop,16
CNT,1,1405,2,40969825808,41129841840,rp2040_timer0,100010020,R,h1_ocxo_open_loop,16
CNT,1,1406,2,41145825856,41305841840,rp2040_timer0,100009990,R,h1_ocxo_open_loop,16
CNT,1,1407,2,41321825808,41481841856,rp2040_timer0,100010030,R,h1_ocxo_open_loop,16
CNT,1,1408,2,41497825840,41657841888,rp2040_timer0,100010030,R,h1_ocxo_open_loop,16
CNT,1,1409,2,41673825856,41833841904,rp2040_timer0,100010030,R,h1_ocxo_open_loop,16
CNT,1,1410,2,41849825872,42009841888,rp2040_timer0,100010010,R,h1_ocxo_open_loop,16
CNT,1,1411,2,42025825840,42185841872,rp2040_timer0,100010020,R,h1_ocxo_open_loop,16
CNT,1,1412,2,42201825808,42361841888,rp2040_timer0,100010050,R,h1_ocxo_open_loop,16
CNT,1,1413,2,42377825840,42537841888,rp2040_timer0,100010030,R,h1_ocxo_open_loop,16
CNT,1,1414,2,42553825840,42713841872,rp2040_timer0,100010020,R,h1_ocxo_open_loop,16
CNT,1,1415,2,42729825808,42889841888,rp2040_timer0,100010050,R,h1_ocxo_open_loop,16
CNT,1,1416,2,42905825872,43065841888,rp2040_timer0,100010010,R,h1_ocxo_open_loop,16
CNT,1,1417,2,43081825824,43241841840,rp2040_timer0,100010010,R,h1_ocxo_open_loop,16
CNT,1,1418,2,43257825824,43417841872,rp2040_timer0,100010030,R,h1_ocxo_open_loop,16
CNT,1,1419,2,43433825840,43593841856,rp2040_timer0,100010010,R,h1_ocxo_open_loop,16
CNT,1,1420,2,43609825872,43769841904,rp2040_timer0,100010020,R,h1_ocxo_open_loop,16
CNT,1,1421,2,43785825840,43945841840,rp2040_timer0,100010000,R,h1_ocxo_open_loop,16
CNT,1,1422,2,43961825872,44121841856,rp2040_timer0,100009990,R,h1_ocxo_open_loop,16
CNT,1,1423,2,44137825856,44297841904,rp2040_timer0,100010030,R,h1_ocxo_open_loop,16
CNT,1,1424,2,44313825808,44473841904,rp2040_timer0,100010060,R,h1_ocxo_open_loop,16
CNT,1,1425,2,44489825808,44649841872,rp2040_timer0,100010040,R,h1_ocxo_open_loop,16
CNT,1,1426,2,44665825824,44825841840,rp2040_timer0,100010010,R,h1_ocxo_open_loop,16
CNT,1,1427,2,44841825872,45001841872,rp2040_timer0,100010000,R,h1_ocxo_open_loop,16
CNT,1,1428,2,45017825856,45177841904,rp2040_timer0,100010030,R,h1_ocxo_open_loop,16
CNT,1,1429,2,45193825808,45353841888,rp2040_timer0,100010050,R,h1_ocxo_open_loop,16
CNT,1,1430,2,45369825824,45529841888,rp2040_timer0,100010040,R,h1_ocxo_open_loop,16
CNT,1,1431,2,45545825808,45705841840,rp2040_timer0,100010020,R,h1_ocxo_open_loop,16
CNT,1,1432,2,45721825840,45881841904,rp2040_timer0,100010040,R,h1_ocxo_open_loop,16
CNT,1,1433,2,45897825856,46057841856,rp2040_timer0,100010000,R,h1_ocxo_open_loop,16
CNT,1,1434,2,46073825808,46233841872,rp2040_timer0,100010040,R,h1_ocxo_open_loop,16
CNT,1,1435,2,46249825792,46409841904,rp2040_timer0,100010070,R,h1_ocxo_open_loop,16
CNT,1,1436,2,46425825856,46585841856,rp2040_timer0,100010000,R,h1_ocxo_open_loop,16
CNT,1,1437,2,46601825856,46761841904,rp2040_timer0,100010030,R,h1_ocxo_open_loop,16
CNT,1,1438,2,46777825824,46937841840,rp2040_timer0,100010010,R,h1_ocxo_open_loop,16
CNT,1,1439,2,46953825808,47113841840,rp2040_timer0,100010020,R,h1_ocxo_open_loop,16
CNT,1,1440,2,47129825872,47289841888,rp2040_timer0,100010010,R,h1_ocxo_open_loop,16
CNT,1,1441,2,47305825792,47465841856,rp2040_timer0,100010040,R,h1_ocxo_open_loop,16
CNT,1,1442,2,47481825808,47641841888,rp2040_timer0,100010050,R,h1_ocxo_open_loop,16
CNT,1,1443,2,47657825840,47817841840,rp2040_timer0,100010000,R,h1_ocxo_open_loop,16
CNT,1,1444,2,47833825792,47993841856,rp2040_timer0,100010040,R,h1_ocxo_open_loop,16
CNT,1,1445,2,48009825808,48169841904,rp2040_timer0,100010060,R,h1_ocxo_open_loop,16
CNT,1,1446,2,48185825856,48345841856,rp2040_timer0,100010000,R,h1_ocxo_open_loop,16
CNT,1,1447,2,48361825808,48521841856,rp2040_timer0,100010030,R,h1_ocxo_open_loop,16
CNT,1,1448,2,48537825792,48697841888,rp2040_timer0,100010060,R,h1_ocxo_open_loop,16
CNT,1,1449,2,48713825840,48873841888,rp2040_timer0,100010030,R,h1_ocxo_open_loop,16
CNT,1,1450,2,48889825808,49049841824,rp2040_timer0,100010010,R,h1_ocxo_open_loop,16
CNT,1,1451,2,49065825792,49225841904,rp2040_timer0,100010070,R,h1_ocxo_open_loop,16
CNT,1,1452,2,49241825808,49401841904,rp2040_timer0,100010060,R,h1_ocxo_open_loop,16
CNT,1,1453,2,49417825840,49577841840,rp2040_timer0,100010000,R,h1_ocxo_open_loop,16
CNT,1,1454,2,49593825808,49753841872,rp2040_timer0,100010040,R,h1_ocxo_open_loop,16
CNT,1,1455,2,49769825840,49929841888,rp2040_timer0,100010030,R,h1_ocxo_open_loop,16
CNT,1,1456,2,49945825840,50105841840,rp2040_timer0,100010000,R,h1_ocxo_open_loop,16
CNT,1,1457,2,50121825856,50281841872,rp2040_timer0,100010010,R,h1_ocxo_open_loop,16
CNT,1,1458,2,50297825808,50457841872,rp2040_timer0,100010040,R,h1_ocxo_open_loop,16
CNT,1,1459,2,50473825856,50633841856,rp2040_timer0,100010000,R,h1_ocxo_open_loop,16
CNT,1,1460,2,50649825840,50809841872,rp2040_timer0,100010020,R,h1_ocxo_open_loop,16
CNT,1,1461,2,50825825808,50985841872,rp2040_timer0,100010040,R,h1_ocxo_open_loop,16
CNT,1,1462,2,51001825808,51161841840,rp2040_timer0,100010020,R,h1_ocxo_open_loop,16
CNT,1,1463,2,51177825840,51337841888,rp2040_timer0,100010030,R,h1_ocxo_open_loop,16
CNT,1,1464,2,51353825808,51513841872,rp2040_timer0,100010040,R,h1_ocxo_open_loop,16
CNT,1,1465,2,51529825792,51689841840,rp2040_timer0,100010030,R,h1_ocxo_open_loop,16
CNT,1,1466,2,51705825840,51865841872,rp2040_timer0,100010020,R,h1_ocxo_open_loop,16
CNT,1,1467,2,51881825872,52041841856,rp2040_timer0,100009990,R,h1_ocxo_open_loop,16
CNT,1,1468,2,52057825824,52217841840,rp2040_timer0,100010010,R,h1_ocxo_open_loop,16
CNT,1,1469,2,52233825856,52393841856,rp2040_timer0,100010000,R,h1_ocxo_open_loop,16
CNT,1,1470,2,52409825872,52569841824,rp2040_timer0,100009970,R,h1_ocxo_open_loop,16
CNT,1,1471,2,52585825840,52745841872,rp2040_timer0,100010020,R,h1_ocxo_open_loop,16
CNT,1,1472,2,52761825824,52921841856,rp2040_timer0,100010020,R,h1_ocxo_open_loop,16
CNT,1,1473,2,52937825840,53097841840,rp2040_timer0,100010000,R,h1_ocxo_open_loop,16
CNT,1,1474,2,53113825856,53273841872,rp2040_timer0,100010010,R,h1_ocxo_open_loop,16
CNT,1,1475,2,53289825872,53449841840,rp2040_timer0,100009980,R,h1_ocxo_open_loop,16
CNT,1,1476,2,53465825792,53625841904,rp2040_timer0,100010070,R,h1_ocxo_open_loop,16
CNT,1,1477,2,53641825856,53801841872,rp2040_timer0,100010010,R,h1_ocxo_open_loop,16
CNT,1,1478,2,53817825792,53977841840,rp2040_timer0,100010030,R,h1_ocxo_open_loop,16
CNT,1,1479,2,53993825792,54153841920,rp2040_timer0,100010080,R,h1_ocxo_open_loop,16
CNT,1,1480,2,54169825856,54329841872,rp2040_timer0,100010010,R,h1_ocxo_open_loop,16
CNT,1,1481,2,54345825808,54505841856,rp2040_timer0,100010030,R,h1_ocxo_open_loop,16
CNT,1,1482,2,54521825792,54681841840,rp2040_timer0,100010030,R,h1_ocxo_open_loop,16
CNT,1,1483,2,54697825824,54857841872,rp2040_timer0,100010030,R,h1_ocxo_open_loop,16
CNT,1,1484,2,54873825808,55033841904,rp2040_timer0,100010060,R,h1_ocxo_open_loop,16
CNT,1,1485,2,55049825856,55209841840,rp2040_timer0,100009990,R,h1_ocxo_open_loop,16
CNT,1,1486,2,55225825840,55385841872,rp2040_timer0,100010020,R,h1_ocxo_open_loop,16
CNT,1,1487,2,55401825824,55561841872,rp2040_timer0,100010030,R,h1_ocxo_open_loop,16
CNT,1,1488,2,55577825840,55737841904,rp2040_timer0,100010040,R,h1_ocxo_open_loop,16
CNT,1,1489,2,55753825840,55913841840,rp2040_timer0,100010000,R,h1_ocxo_open_loop,16
CNT,1,1490,2,55929825824,56089841904,rp2040_timer0,100010050,R,h1_ocxo_open_loop,16
CNT,1,1491,2,56105825856,56265841888,rp2040_timer0,100010020,R,h1_ocxo_open_loop,16
CNT,1,1492,2,56281825840,56441841888,rp2040_timer0,100010030,R,h1_ocxo_open_loop,16
CNT,1,1493,2,56457825824,56617841904,rp2040_timer0,100010050,R,h1_ocxo_open_loop,16
CNT,1,1494,2,56633825792,56793841888,rp2040_timer0,100010060,R,h1_ocxo_open_loop,16
CNT,1,1495,2,56809825824,56969841904,rp2040_timer0,100010050,R,h1_ocxo_open_loop,16
CNT,1,1496,2,56985825840,57145841904,rp2040_timer0,100010040,R,h1_ocxo_open_loop,16
CNT,1,1497,2,57161825824,57321841888,rp2040_timer0,100010040,R,h1_ocxo_open_loop,16
CNT,1,1498,2,57337825808,57497841904,rp2040_timer0,100010060,R,h1_ocxo_open_loop,16
CNT,1,1499,2,57513825808,57673841888,rp2040_timer0,100010050,R,h1_ocxo_open_loop,16
CNT,1,1500,2,57689825840,57849841856,rp2040_timer0,100010010,R,h1_ocxo_open_loop,16
CNT,1,1501,2,57865825824,58025841904,rp2040_timer0,100010050,R,h1_ocxo_open_loop,16
CNT,1,1502,2,58041825808,58201841888,rp2040_timer0,100010050,R,h1_ocxo_open_loop,16
CNT,1,1503,2,58217825808,58377841888,rp2040_timer0,100010050,R,h1_ocxo_open_loop,16
CNT,1,1504,2,58393825840,58553841856,rp2040_timer0,100010010,R,h1_ocxo_open_loop,16
CNT,1,1505,2,58569825856,58729841872,rp2040_timer0,100010010,R,h1_ocxo_open_loop,16
CNT,1,1506,2,58745825840,58905841904,rp2040_timer0,100010040,R,h1_ocxo_open_loop,16
CNT,1,1507,2,58921825808,59081841872,rp2040_timer0,100010040,R,h1_ocxo_open_loop,16
CNT,1,1508,2,59097825840,59257841872,rp2040_timer0,100010020,R,h1_ocxo_open_loop,16
CNT,1,1509,2,59273825808,59433841856,rp2040_timer0,100010030,R,h1_ocxo_open_loop,16
CNT,1,1510,2,59449825840,59609841872,rp2040_timer0,100010020,R,h1_ocxo_open_loop,16
CNT,1,1511,2,59625825824,59785841904,rp2040_timer0,100010050,R,h1_ocxo_open_loop,16
CNT,1,1512,2,59801825824,59961841856,rp2040_timer0,100010020,R,h1_ocxo_open_loop,16
CNT,1,1513,2,59977825808,60137841840,rp2040_timer0,100010020,R,h1_ocxo_open_loop,16
CNT,1,1514,2,60153825856,60313841888,rp2040_timer0,100010020,R,h1_ocxo_open_loop,16
CNT,1,1515,2,60329825856,60489841840,rp2040_timer0,100009990,R,h1_ocxo_open_loop,16
CNT,1,1516,2,60505825808,60665841856,rp2040_timer0,100010030,R,h1_ocxo_open_loop,16
CNT,1,1517,2,60681825840,60841841840,rp2040_timer0,100010000,R,h1_ocxo_open_loop,16
CNT,1,1518,2,60857825824,61017841840,rp2040_timer0,100010010,R,h1_ocxo_open_loop,16
CNT,1,1519,2,61033825792,61193841904,rp2040_timer0,100010070,R,h1_ocxo_open_loop,16
CNT,1,1520,2,61209825824,61369841856,rp2040_timer0,100010020,R,h1_ocxo_open_loop,16
CNT,1,1521,2,61385825840,61545841904,rp2040_timer0,100010040,R,h1_ocxo_open_loop,16
CNT,1,1522,2,61561825856,61721841872,rp2040_timer0,100010010,R,h1_ocxo_open_loop,16
CNT,1,1523,2,61737825792,61897841856,rp2040_timer0,100010040,R,h1_ocxo_open_loop,16
CNT,1,1524,2,61913825808,62073841888,rp2040_timer0,100010050,R,h1_ocxo_open_loop,16
CNT,1,1525,2,62089825840,62249841840,rp2040_timer0,100010000,R,h1_ocxo_open_loop,16
CNT,1,1526,2,62265825840,62425841888,rp2040_timer0,100010030,R,h1_ocxo_open_loop,16
CNT,1,1527,2,62441825856,62601841888,rp2040_timer0,100010020,R,h1_ocxo_open_loop,16
CNT,1,1528,2,62617825840,62777841840,rp2040_timer0,100010000,R,h1_ocxo_open_loop,16
CNT,1,1529,2,62793825808,62953841904,rp2040_timer0,100010060,R,h1_ocxo_open_loop,16
CNT,1,1530,2,62969825872,63129841856,rp2040_timer0,100009990,R,h1_ocxo_open_loop,16
CNT,1,1531,2,63145825872,63305841872,rp2040_timer0,100010000,R,h1_ocxo_open_loop,16
CNT,1,1532,2,63321825872,63481841872,rp2040_timer0,100010000,R,h1_ocxo_open_loop,16
CNT,1,1533,2,63497825808,63657841824,rp2040_timer0,100010010,R,h1_ocxo_open_loop,16
CNT,1,1534,2,63673825840,63833841872,rp2040_timer0,100010020,R,h1_ocxo_open_loop,16
CNT,1,1535,2,63849825792,64009841872,rp2040_timer0,100010050,R,h1_ocxo_open_loop,16
CNT,1,1536,2,64025825840,64185841904,rp2040_timer0,100010040,R,h1_ocxo_open_loop,16
CNT,1,1537,2,64201825808,64361841872,rp2040_timer0,100010040,R,h1_ocxo_open_loop,16
CNT,1,1538,2,64377825840,64537841888,rp2040_timer0,100010030,R,h1_ocxo_open_loop,16
CNT,1,1539,2,64553825872,64713841856,rp2040_timer0,100009990,R,h1_ocxo_open_loop,16
CNT,1,1540,2,64729825904,64889841904,rp2040_timer0,100010000,R,h1_ocxo_open_loop,16
CNT,1,1541,2,64905825856,65065841856,rp2040_timer0,100010000,R,h1_ocxo_open_loop,16
CNT,1,1542,2,65081825824,65241841904,rp2040_timer0,100010050,R,h1_ocxo_open_loop,16
CNT,1,1543,2,65257825824,65417841904,rp2040_timer0,100010050,R,h1_ocxo_open_loop,16
CNT,1,1544,2,65433825872,65593841840,rp2040_timer0,100009980,R,h1_ocxo_open_loop,16
CNT,1,1545,2,65609825808,65769841872,rp2040_timer0,100010040,R,h1_ocxo_open_loop,16
CNT,1,1546,2,65785825824,65945841904,rp2040_timer0,100010050,R,h1_ocxo_open_loop,16
CNT,1,1547,2,65961825872,66121841872,rp2040_timer0,100010000,R,h1_ocxo_open_loop,16
CNT,1,1548,2,66137825808,66297841872,rp2040_timer0,100010040,R,h1_ocxo_open_loop,16
CNT,1,1549,2,66313825792,66473841840,rp2040_timer0,100010030,R,h1_ocxo_open_loop,16
CNT,1,1550,2,66489825872,66649841872,rp2040_timer0,100010000,R,h1_ocxo_open_loop,16
CNT,1,1551,2,66665825808,66825841856,rp2040_timer0,100010030,R,h1_ocxo_open_loop,16
CNT,1,1552,2,66841825856,67001841888,rp2040_timer0,100010020,R,h1_ocxo_open_loop,16
CNT,1,1553,2,67017825856,67177841840,rp2040_timer0,100009990,R,h1_ocxo_open_loop,16
CNT,1,1554,2,67193825872,67353841904,rp2040_timer0,100010020,R,h1_ocxo_open_loop,16
CNT,1,1555,2,67369825872,67529841856,rp2040_timer0,100009990,R,h1_ocxo_open_loop,16
CNT,1,1556,2,67545825808,67705841856,rp2040_timer0,100010030,R,h1_ocxo_open_loop,16
CNT,1,1557,2,67721825872,67881841840,rp2040_timer0,100009980,R,h1_ocxo_open_loop,16
CNT,1,1558,2,67897825824,68057841840,rp2040_timer0,100010010,R,h1_ocxo_open_loop,16
CNT,1,1559,2,68073825856,68233841856,rp2040_timer0,100010000,R,h1_ocxo_open_loop,16
CNT,1,1560,2,68249825792,68409841888,rp2040_timer0,100010060,R,h1_ocxo_open_loop,16
CNT,1,1561,2,68425825872,68585841856,rp2040_timer0,100009990,R,h1_ocxo_open_loop,16
CNT,1,1562,2,68601825840,68761841904,rp2040_timer0,100010040,R,h1_ocxo_open_loop,16
CNT,1,1563,2,58349168,218365104,rp2040_timer0,100009960,R,h1_ocxo_open_loop,16
CNT,1,1564,2,234349120,394365104,rp2040_timer0,100009990,R,h1_ocxo_open_loop,16
CNT,1,1565,2,410349104,570365152,rp2040_timer0,100010030,R,h1_ocxo_open_loop,16
CNT,1,1566,2,586349120,746365152,rp2040_timer0,100010020,R,h1_ocxo_open_loop,16
CNT,1,1567,2,762349072,922365120,rp2040_timer0,100010030,R,h1_ocxo_open_loop,16
CNT,1,1568,2,938349136,1098365152,rp2040_timer0,100010010,R,h1_ocxo_open_loop,16
CNT,1,1569,2,1114349120,1274365136,rp2040_timer0,100010010,R,h1_ocxo_open_loop,16
CNT,1,1570,2,1290349088,1450365120,rp2040_timer0,100010020,R,h1_ocxo_open_loop,16
CNT,1,1571,2,1466349072,1626365152,rp2040_timer0,100010050,R,h1_ocxo_open_loop,16
CNT,1,1572,2,1642349072,1802365136,rp2040_timer0,100010040,R,h1_ocxo_open_loop,16
CNT,1,1573,2,1818349136,1978365136,rp2040_timer0,100010000,R,h1_ocxo_open_loop,16
CNT,1,1574,2,1994349104,2154365136,rp2040_timer0,100010020,R,h1_ocxo_open_loop,16
CNT,1,1575,2,2170349072,2330365088,rp2040_timer0,100010010,R,h1_ocxo_open_loop,16
CNT,1,1576,2,2346349056,2506365168,rp2040_timer0,100010070,R,h1_ocxo_open_loop,16
CNT,1,1577,2,2522349072,2682365104,rp2040_timer0,100010020,R,h1_ocxo_open_loop,16
CNT,1,1578,2,2698349088,2858365120,rp2040_timer0,100010020,R,h1_ocxo_open_loop,16
CNT,1,1579,2,2874349136,3034365136,rp2040_timer0,100010000,R,h1_ocxo_open_loop,16
CNT,1,1580,2,3050349104,3210365152,rp2040_timer0,100010030,R,h1_ocxo_open_loop,16
CNT,1,1581,2,3226349136,3386365152,rp2040_timer0,100010010,R,h1_ocxo_open_loop,16
CNT,1,1582,2,3402349120,3562365168,rp2040_timer0,100010030,R,h1_ocxo_open_loop,16
CNT,1,1583,2,3578349136,3738365168,rp2040_timer0,100010020,R,h1_ocxo_open_loop,16
CNT,1,1584,2,3754349120,3914365152,rp2040_timer0,100010020,R,h1_ocxo_open_loop,16
CNT,1,1585,2,3930349136,4090365168,rp2040_timer0,100010020,R,h1_ocxo_open_loop,16
CNT,1,1586,2,4106349088,4266365136,rp2040_timer0,100010030,R,h1_ocxo_open_loop,16
CNT,1,1587,2,4282349104,4442365152,rp2040_timer0,100010030,R,h1_ocxo_open_loop,16
CNT,1,1588,2,4458349088,4618365104,rp2040_timer0,100010010,R,h1_ocxo_open_loop,16
CNT,1,1589,2,4634349088,4794365168,rp2040_timer0,100010050,R,h1_ocxo_open_loop,16
CNT,1,1590,2,4810349104,4970365136,rp2040_timer0,100010020,R,h1_ocxo_open_loop,16
CNT,1,1591,2,4986349072,5146365152,rp2040_timer0,100010050,R,h1_ocxo_open_loop,16
CNT,1,1592,2,5162349072,5322365120,rp2040_timer0,100010030,R,h1_ocxo_open_loop,16
CNT,1,1593,2,5338349104,5498365104,rp2040_timer0,100010000,R,h1_ocxo_open_loop,16
CNT,1,1594,2,5514349104,5674365168,rp2040_timer0,100010040,R,h1_ocxo_open_loop,16
CNT,1,1595,2,5690349120,5850365168,rp2040_timer0,100010030,R,h1_ocxo_open_loop,16
CNT,1,1596,2,5866349072,6026365168,rp2040_timer0,100010060,R,h1_ocxo_open_loop,16
CNT,1,1597,2,6042349120,6202365136,rp2040_timer0,100010010,R,h1_ocxo_open_loop,16
CNT,1,1598,2,6218349104,6378365152,rp2040_timer0,100010030,R,h1_ocxo_open_loop,16
CNT,1,1599,2,6394349072,6554365152,rp2040_timer0,100010050,R,h1_ocxo_open_loop,16
CNT,1,1600,2,6570349088,6730365104,rp2040_timer0,100010010,R,h1_ocxo_open_loop,16
CNT,1,1601,2,6746349104,6906365152,rp2040_timer0,100010030,R,h1_ocxo_open_loop,16
CNT,1,1602,2,6922349104,7082365152,rp2040_timer0,100010030,R,h1_ocxo_open_loop,16
CNT,1,1603,2,7098349120,7258365152,rp2040_timer0,100010020,R,h1_ocxo_open_loop,16
CNT,1,1604,2,7274349120,7434365152,rp2040_timer0,100010020,R,h1_ocxo_open_loop,16
CNT,1,1605,2,7450349104,7610365104,rp2040_timer0,100010000,R,h1_ocxo_open_loop,16
CNT,1,1606,2,7626349120,7786365168,rp2040_timer0,100010030,R,h1_ocxo_open_loop,16
CNT,1,1607,2,7802349104,7962365152,rp2040_timer0,100010030,R,h1_ocxo_open_loop,16
CNT,1,1608,2,7978349104,8138365120,rp2040_timer0,100010010,R,h1_ocxo_open_loop,16
CNT,1,1609,2,8154349072,8314365168,rp2040_timer0,100010060,R,h1_ocxo_open_loop,16
CNT,1,1610,2,8330349120,8490365152,rp2040_timer0,100010020,R,h1_ocxo_open_loop,16
CNT,1,1611,2,8506349104,8666365104,rp2040_timer0,100010000,R,h1_ocxo_open_loop,16
CNT,1,1612,2,8682349120,8842365136,rp2040_timer0,100010010,R,h1_ocxo_open_loop,16
CNT,1,1613,2,8858349072,9018365152,rp2040_timer0,100010050,R,h1_ocxo_open_loop,16
CNT,1,1614,2,9034349056,9194365104,rp2040_timer0,100010030,R,h1_ocxo_open_loop,16
CNT,1,1615,2,9210349136,9370365088,rp2040_timer0,100009970,R,h1_ocxo_open_loop,16
CNT,1,1616,2,9386349120,9546365104,rp2040_timer0,100009990,R,h1_ocxo_open_loop,16
CNT,1,1617,2,9562349104,9722365104,rp2040_timer0,100010000,R,h1_ocxo_open_loop,16
CNT,1,1618,2,9738349088,9898365104,rp2040_timer0,100010010,R,h1_ocxo_open_loop,16
CNT,1,1619,2,9914349120,10074365104,rp2040_timer0,100009990,R,h1_ocxo_open_loop,16
CNT,1,1620,2,10090349136,10250365104,rp2040_timer0,100009980,R,h1_ocxo_open_loop,16
CNT,1,1621,2,10266349088,10426365152,rp2040_timer0,100010040,R,h1_ocxo_open_loop,16
CNT,1,1622,2,10442349056,10602365104,rp2040_timer0,100010030,R,h1_ocxo_open_loop,16
CNT,1,1623,2,10618349088,10778365152,rp2040_timer0,100010040,R,h1_ocxo_open_loop,16
CNT,1,1624,2,10794349104,10954365136,rp2040_timer0,100010020,R,h1_ocxo_open_loop,16
CNT,1,1625,2,10970349120,11130365088,rp2040_timer0,100009980,R,h1_ocxo_open_loop,16
CNT,1,1626,2,11146349120,11306365104,rp2040_timer0,100009990,R,h1_ocxo_open_loop,16
CNT,1,1627,2,11322349088,11482365088,rp2040_timer0,100010000,R,h1_ocxo_open_loop,16
CNT,1,1628,2,11498349104,11658365168,rp2040_timer0,100010040,R,h1_ocxo_open_loop,16
CNT,1,1629,2,11674349072,11834365136,rp2040_timer0,100010040,R,h1_ocxo_open_loop,16
CNT,1,1630,2,11850349136,12010365120,rp2040_timer0,100009990,R,h1_ocxo_open_loop,16
CNT,1,1631,2,12026349120,12186365104,rp2040_timer0,100009990,R,h1_ocxo_open_loop,16
CNT,1,1632,2,12202349120,12362365104,rp2040_timer0,100009990,R,h1_ocxo_open_loop,16
CNT,1,1633,2,12378349088,12538365104,rp2040_timer0,100010010,R,h1_ocxo_open_loop,16
CNT,1,1634,2,12554349088,12714365168,rp2040_timer0,100010050,R,h1_ocxo_open_loop,16
CNT,1,1635,2,12730349072,12890365168,rp2040_timer0,100010060,R,h1_ocxo_open_loop,16
CNT,1,1636,2,12906349056,13066365104,rp2040_timer0,100010030,R,h1_ocxo_open_loop,16
CNT,1,1637,2,13082349088,13242365120,rp2040_timer0,100010020,R,h1_ocxo_open_loop,16
CNT,1,1638,2,13258349088,13418365104,rp2040_timer0,100010010,R,h1_ocxo_open_loop,16
CNT,1,1639,2,13434349104,13594365168,rp2040_timer0,100010040,R,h1_ocxo_open_loop,16
CNT,1,1640,2,13610349120,13770365152,rp2040_timer0,100010020,R,h1_ocxo_open_loop,16
CNT,1,1641,2,13786349120,13946365136,rp2040_timer0,100010010,R,h1_ocxo_open_loop,16
CNT,1,1642,2,13962349136,14122365136,rp2040_timer0,100010000,R,h1_ocxo_open_loop,16
CNT,1,1643,2,14138349104,14298365136,rp2040_timer0,100010020,R,h1_ocxo_open_loop,16
CNT,1,1644,2,14314349136,14474365104,rp2040_timer0,100009980,R,h1_ocxo_open_loop,16
CNT,1,1645,2,14490349088,14650365168,rp2040_timer0,100010050,R,h1_ocxo_open_loop,16
CNT,1,1646,2,14666349136,14826365168,rp2040_timer0,100010020,R,h1_ocxo_open_loop,16
CNT,1,1647,2,14842349104,15002365184,rp2040_timer0,100010050,R,h1_ocxo_open_loop,16
CNT,1,1648,2,15018349088,15178365152,rp2040_timer0,100010040,R,h1_ocxo_open_loop,16
CNT,1,1649,2,15194349104,15354365120,rp2040_timer0,100010010,R,h1_ocxo_open_loop,16
CNT,1,1650,2,15370349120,15530365104,rp2040_timer0,100009990,R,h1_ocxo_open_loop,16
CNT,1,1651,2,15546349088,15706365104,rp2040_timer0,100010010,R,h1_ocxo_open_loop,16
CNT,1,1652,2,15722349104,15882365120,rp2040_timer0,100010010,R,h1_ocxo_open_loop,16
CNT,1,1653,2,15898349104,16058365104,rp2040_timer0,100010000,R,h1_ocxo_open_loop,16
CNT,1,1654,2,16074349104,16234365104,rp2040_timer0,100010000,R,h1_ocxo_open_loop,16
CNT,1,1655,2,16250349056,16410365152,rp2040_timer0,100010060,R,h1_ocxo_open_loop,16
CNT,1,1656,2,16426349136,16586365104,rp2040_timer0,100009980,R,h1_ocxo_open_loop,16
CNT,1,1657,2,16602349120,16762365104,rp2040_timer0,100009990,R,h1_ocxo_open_loop,16
CNT,1,1658,2,16778349136,16938365120,rp2040_timer0,100009990,R,h1_ocxo_open_loop,16
CNT,1,1659,2,16954349072,17114365168,rp2040_timer0,100010060,R,h1_ocxo_open_loop,16
CNT,1,1660,2,17130349072,17290365152,rp2040_timer0,100010050,R,h1_ocxo_open_loop,16
CNT,1,1661,2,17306349120,17466365168,rp2040_timer0,100010030,R,h1_ocxo_open_loop,16
CNT,1,1662,2,17482349072,17642365120,rp2040_timer0,100010030,R,h1_ocxo_open_loop,16
CNT,1,1663,2,17658349120,17818365136,rp2040_timer0,100010010,R,h1_ocxo_open_loop,16
CNT,1,1664,2,17834349120,17994365104,rp2040_timer0,100009990,R,h1_ocxo_open_loop,16
CNT,1,1665,2,18010349104,18170365152,rp2040_timer0,100010030,R,h1_ocxo_open_loop,16
CNT,1,1666,2,18186349088,18346365152,rp2040_timer0,100010040,R,h1_ocxo_open_loop,16
CNT,1,1667,2,18362349088,18522365120,rp2040_timer0,100010020,R,h1_ocxo_open_loop,16
CNT,1,1668,2,18538349088,18698365168,rp2040_timer0,100010050,R,h1_ocxo_open_loop,16
CNT,1,1669,2,18714349136,18874365152,rp2040_timer0,100010010,R,h1_ocxo_open_loop,16
CNT,1,1670,2,18890349136,19050365136,rp2040_timer0,100010000,R,h1_ocxo_open_loop,16
CNT,1,1671,2,19066349072,19226365152,rp2040_timer0,100010050,R,h1_ocxo_open_loop,16
CNT,1,1672,2,19242349120,19402365152,rp2040_timer0,100010020,R,h1_ocxo_open_loop,16
CNT,1,1673,2,19418349056,19578365168,rp2040_timer0,100010070,R,h1_ocxo_open_loop,16
CNT,1,1674,2,19594349120,19754365152,rp2040_timer0,100010020,R,h1_ocxo_open_loop,16
CNT,1,1675,2,19770349072,19930365152,rp2040_timer0,100010050,R,h1_ocxo_open_loop,16
CNT,1,1676,2,19946349104,20106365168,rp2040_timer0,100010040,R,h1_ocxo_open_loop,16
CNT,1,1677,2,20122349136,20282365168,rp2040_timer0,100010020,R,h1_ocxo_open_loop,16
CNT,1,1678,2,20298349104,20458365168,rp2040_timer0,100010040,R,h1_ocxo_open_loop,16
CNT,1,1679,2,20474349104,20634365152,rp2040_timer0,100010030,R,h1_ocxo_open_loop,16
CNT,1,1680,2,20650349072,20810365120,rp2040_timer0,100010030,R,h1_ocxo_open_loop,16
CNT,1,1681,2,20826349120,20986365152,rp2040_timer0,100010020,R,h1_ocxo_open_loop,16
CNT,1,1682,2,21002349088,21162365152,rp2040_timer0,100010040,R,h1_ocxo_open_loop,16
CNT,1,1683,2,21178349088,21338365152,rp2040_timer0,100010040,R,h1_ocxo_open_loop,16
CNT,1,1684,2,21354349120,21514365152,rp2040_timer0,100010020,R,h1_ocxo_open_loop,16
CNT,1,1685,2,21530349104,21690365152,rp2040_timer0,100010030,R,h1_ocxo_open_loop,16
CNT,1,1686,2,21706349136,21866365136,rp2040_timer0,100010000,R,h1_ocxo_open_loop,16
CNT,1,1687,2,21882349072,22042365168,rp2040_timer0,100010060,R,h1_ocxo_open_loop,16
CNT,1,1688,2,22058349088,22218365168,rp2040_timer0,100010050,R,h1_ocxo_open_loop,16
CNT,1,1689,2,22234349088,22394365136,rp2040_timer0,100010030,R,h1_ocxo_open_loop,16
CNT,1,1690,2,22410349088,22570365088,rp2040_timer0,100010000,R,h1_ocxo_open_loop,16
CNT,1,1691,2,22586349088,22746365152,rp2040_timer0,100010040,R,h1_ocxo_open_loop,16
CNT,1,1692,2,22762349072,22922365168,rp2040_timer0,100010060,R,h1_ocxo_open_loop,16
CNT,1,1693,2,22938349072,23098365104,rp2040_timer0,100010020,R,h1_ocxo_open_loop,16
CNT,1,1694,2,23114349120,23274365168,rp2040_timer0,100010030,R,h1_ocxo_open_loop,16
CNT,1,1695,2,23290349088,23450365120,rp2040_timer0,100010020,R,h1_ocxo_open_loop,16
CNT,1,1696,2,23466349136,23626365104,rp2040_timer0,100009980,R,h1_ocxo_open_loop,16
CNT,1,1697,2,23642349120,23802365120,rp2040_timer0,100010000,R,h1_ocxo_open_loop,16
CNT,1,1698,2,23818349104,23978365088,rp2040_timer0,100009990,R,h1_ocxo_open_loop,16
CNT,1,1699,2,23994349120,24154365104,rp2040_timer0,100009990,R,h1_ocxo_open_loop,16
CNT,1,1700,2,24170349104,24330365120,rp2040_timer0,100010010,R,h1_ocxo_open_loop,16
CNT,1,1701,2,24346349056,24506365168,rp2040_timer0,100010070,R,h1_ocxo_open_loop,16
CNT,1,1702,2,24522349088,24682365152,rp2040_timer0,100010040,R,h1_ocxo_open_loop,16
CNT,1,1703,2,24698349120,24858365120,rp2040_timer0,100010000,R,h1_ocxo_open_loop,16
CNT,1,1704,2,24874349088,25034365168,rp2040_timer0,100010050,R,h1_ocxo_open_loop,16
CNT,1,1705,2,25050349056,25210365120,rp2040_timer0,100010040,R,h1_ocxo_open_loop,16
CNT,1,1706,2,25226349104,25386365168,rp2040_timer0,100010040,R,h1_ocxo_open_loop,16
CNT,1,1707,2,25402349104,25562365120,rp2040_timer0,100010010,R,h1_ocxo_open_loop,16
CNT,1,1708,2,25578349072,25738365120,rp2040_timer0,100010030,R,h1_ocxo_open_loop,16
CNT,1,1709,2,25754349136,25914365104,rp2040_timer0,100009980,R,h1_ocxo_open_loop,16
CNT,1,1710,2,25930349056,26090365152,rp2040_timer0,100010060,R,h1_ocxo_open_loop,16
CNT,1,1711,2,26106349088,26266365104,rp2040_timer0,100010010,R,h1_ocxo_open_loop,16
CNT,1,1712,2,26282349104,26442365104,rp2040_timer0,100010000,R,h1_ocxo_open_loop,16
CNT,1,1713,2,26458349120,26618365152,rp2040_timer0,100010020,R,h1_ocxo_open_loop,16
CNT,1,1714,2,26634349120,26794365120,rp2040_timer0,100010000,R,h1_ocxo_open_loop,16
CNT,1,1715,2,26810349120,26970365120,rp2040_timer0,100010000,R,h1_ocxo_open_loop,16
CNT,1,1716,2,26986349120,27146365152,rp2040_timer0,100010020,R,h1_ocxo_open_loop,16
CNT,1,1717,2,27162349072,27322365168,rp2040_timer0,100010060,R,h1_ocxo_open_loop,16
CNT,1,1718,2,27338349136,27498365104,rp2040_timer0,100009980,R,h1_ocxo_open_loop,16
CNT,1,1719,2,27514349120,27674365120,rp2040_timer0,100010000,R,h1_ocxo_open_loop,16
CNT,1,1720,2,27690349072,27850365168,rp2040_timer0,100010060,R,h1_ocxo_open_loop,16
CNT,1,1721,2,27866349104,28026365104,rp2040_timer0,100010000,R,h1_ocxo_open_loop,16
CNT,1,1722,2,28042349120,28202365168,rp2040_timer0,100010030,R,h1_ocxo_open_loop,16
CNT,1,1723,2,28218349088,28378365120,rp2040_timer0,100010020,R,h1_ocxo_open_loop,16
CNT,1,1724,2,28394349104,28554365088,rp2040_timer0,100009990,R,h1_ocxo_open_loop,16
CNT,1,1725,2,28570349088,28730365104,rp2040_timer0,100010010,R,h1_ocxo_open_loop,16
CNT,1,1726,2,28746349104,28906365088,rp2040_timer0,100009990,R,h1_ocxo_open_loop,16
CNT,1,1727,2,28922349072,29082365152,rp2040_timer0,100010050,R,h1_ocxo_open_loop,16
CNT,1,1728,2,29098349104,29258365104,rp2040_timer0,100010000,R,h1_ocxo_open_loop,16
CNT,1,1729,2,29274349120,29434365120,rp2040_timer0,100010000,R,h1_ocxo_open_loop,16
CNT,1,1730,2,29450349104,29610365104,rp2040_timer0,100010000,R,h1_ocxo_open_loop,16
CNT,1,1731,2,29626349088,29786365104,rp2040_timer0,100010010,R,h1_ocxo_open_loop,16
CNT,1,1732,2,29802349056,29962365152,rp2040_timer0,100010060,R,h1_ocxo_open_loop,16
CNT,1,1733,2,29978349104,30138365152,rp2040_timer0,100010030,R,h1_ocxo_open_loop,16
CNT,1,1734,2,30154349088,30314365120,rp2040_timer0,100010020,R,h1_ocxo_open_loop,16
CNT,1,1735,2,30330349136,30490365152,rp2040_timer0,100010010,R,h1_ocxo_open_loop,16
CNT,1,1736,2,30506349072,30666365152,rp2040_timer0,100010050,R,h1_ocxo_open_loop,16
CNT,1,1737,2,30682349120,30842365168,rp2040_timer0,100010030,R,h1_ocxo_open_loop,16
CNT,1,1738,2,30858349088,31018365120,rp2040_timer0,100010020,R,h1_ocxo_open_loop,16
CNT,1,1739,2,31034349088,31194365104,rp2040_timer0,100010010,R,h1_ocxo_open_loop,16
CNT,1,1740,2,31210349136,31370365120,rp2040_timer0,100009990,R,h1_ocxo_open_loop,16
CNT,1,1741,2,31386349120,31546365168,rp2040_timer0,100010030,R,h1_ocxo_open_loop,16
CNT,1,1742,2,31562349136,31722365168,rp2040_timer0,100010020,R,h1_ocxo_open_loop,16
CNT,1,1743,2,31738349120,31898365152,rp2040_timer0,100010020,R,h1_ocxo_open_loop,16
CNT,1,1744,2,31914349104,32074365104,rp2040_timer0,100010000,R,h1_ocxo_open_loop,16
CNT,1,1745,2,32090349088,32250365104,rp2040_timer0,100010010,R,h1_ocxo_open_loop,16
CNT,1,1746,2,32266349088,32426365136,rp2040_timer0,100010030,R,h1_ocxo_open_loop,16
CNT,1,1747,2,32442349072,32602365168,rp2040_timer0,100010060,R,h1_ocxo_open_loop,16
CNT,1,1748,2,32618349104,32778365152,rp2040_timer0,100010030,R,h1_ocxo_open_loop,16
CNT,1,1749,2,32794349072,32954365152,rp2040_timer0,100010050,R,h1_ocxo_open_loop,16
CNT,1,1750,2,32970349120,33130365104,rp2040_timer0,100009990,R,h1_ocxo_open_loop,16
CNT,1,1751,2,33146349104,33306365104,rp2040_timer0,100010000,R,h1_ocxo_open_loop,16
CNT,1,1752,2,33322349072,33482365168,rp2040_timer0,100010060,R,h1_ocxo_open_loop,16
CNT,1,1753,2,33498349072,33658365168,rp2040_timer0,100010060,R,h1_ocxo_open_loop,16
CNT,1,1754,2,33674349088,33834365168,rp2040_timer0,100010050,R,h1_ocxo_open_loop,16
CNT,1,1755,2,33850349056,34010365168,rp2040_timer0,100010070,R,h1_ocxo_open_loop,16
CNT,1,1756,2,34026349104,34186365152,rp2040_timer0,100010030,R,h1_ocxo_open_loop,16
CNT,1,1757,2,34202349088,34362365104,rp2040_timer0,100010010,R,h1_ocxo_open_loop,16
CNT,1,1758,2,34378349088,34538365104,rp2040_timer0,100010010,R,h1_ocxo_open_loop,16
CNT,1,1759,2,34554349104,34714365104,rp2040_timer0,100010000,R,h1_ocxo_open_loop,16
CNT,1,1760,2,34730349136,34890365168,rp2040_timer0,100010020,R,h1_ocxo_open_loop,16
CNT,1,1761,2,34906349072,35066365088,rp2040_timer0,100010010,R,h1_ocxo_open_loop,16
CNT,1,1762,2,35082349088,35242365200,rp2040_timer0,100010070,R,h1_ocxo_open_loop,16
CNT,1,1763,2,35258349072,35418365120,rp2040_timer0,100010030,R,h1_ocxo_open_loop,16
CNT,1,1764,2,35434349104,35594365168,rp2040_timer0,100010040,R,h1_ocxo_open_loop,16
CNT,1,1765,2,35610349104,35770365104,rp2040_timer0,100010000,R,h1_ocxo_open_loop,16
CNT,1,1766,2,35786349088,35946365136,rp2040_timer0,100010030,R,h1_ocxo_open_loop,16
CNT,1,1767,2,35962349088,36122365168,rp2040_timer0,100010050,R,h1_ocxo_open_loop,16
CNT,1,1768,2,36138349088,36298365168,rp2040_timer0,100010050,R,h1_ocxo_open_loop,16
CNT,1,1769,2,36314349136,36474365136,rp2040_timer0,100010000,R,h1_ocxo_open_loop,16
CNT,1,1770,2,36490349136,36650365152,rp2040_timer0,100010010,R,h1_ocxo_open_loop,16
CNT,1,1771,2,36666349104,36826365104,rp2040_timer0,100010000,R,h1_ocxo_open_loop,16
CNT,1,1772,2,36842349072,37002365120,rp2040_timer0,100010030,R,h1_ocxo_open_loop,16
CNT,1,1773,2,37018349072,37178365152,rp2040_timer0,100010050,R,h1_ocxo_open_loop,16
CNT,1,1774,2,37194349056,37354365136,rp2040_timer0,100010050,R,h1_ocxo_open_loop,16
CNT,1,1775,2,37370349088,37530365120,rp2040_timer0,100010020,R,h1_ocxo_open_loop,16
CNT,1,1776,2,37546349104,37706365168,rp2040_timer0,100010040,R,h1_ocxo_open_loop,16
CNT,1,1777,2,37722349104,37882365168,rp2040_timer0,100010040,R,h1_ocxo_open_loop,16
CNT,1,1778,2,37898349104,38058365152,rp2040_timer0,100010030,R,h1_ocxo_open_loop,16
CNT,1,1779,2,38074349120,38234365136,rp2040_timer0,100010010,R,h1_ocxo_open_loop,16
CNT,1,1780,2,38250349120,38410365152,rp2040_timer0,100010020,R,h1_ocxo_open_loop,16
CNT,1,1781,2,38426349072,38586365152,rp2040_timer0,100010050,R,h1_ocxo_open_loop,16
CNT,1,1782,2,38602349104,38762365120,rp2040_timer0,100010010,R,h1_ocxo_open_loop,16
CNT,1,1783,2,38778349088,38938365152,rp2040_timer0,100010040,R,h1_ocxo_open_loop,16
CNT,1,1784,2,38954349120,39114365168,rp2040_timer0,100010030,R,h1_ocxo_open_loop,16
CNT,1,1785,2,39130349104,39290365104,rp2040_timer0,100010000,R,h1_ocxo_open_loop,16
CNT,1,1786,2,39306349072,39466365152,rp2040_timer0,100010050,R,h1_ocxo_open_loop,16
CNT,1,1787,2,39482349104,39642365120,rp2040_timer0,100010010,R,h1_ocxo_open_loop,16
CNT,1,1788,2,39658349056,39818365136,rp2040_timer0,100010050,R,h1_ocxo_open_loop,16
CNT,1,1789,2,39834349072,39994365120,rp2040_timer0,100010030,R,h1_ocxo_open_loop,16
CNT,1,1790,2,40010349072,40170365104,rp2040_timer0,100010020,R,h1_ocxo_open_loop,16
CNT,1,1791,2,40186349120,40346365104,rp2040_timer0,100009990,R,h1_ocxo_open_loop,16
CNT,1,1792,2,40362349056,40522365104,rp2040_timer0,100010030,R,h1_ocxo_open_loop,16
CNT,1,1793,2,40538349120,40698365104,rp2040_timer0,100009990,R,h1_ocxo_open_loop,16
CNT,1,1794,2,40714349120,40874365104,rp2040_timer0,100009990,R,h1_ocxo_open_loop,16
CNT,1,1795,2,40890349136,41050365136,rp2040_timer0,100010000,R,h1_ocxo_open_loop,16
CNT,1,1796,2,41066349104,41226365120,rp2040_timer0,100010010,R,h1_ocxo_open_loop,16
CNT,1,1797,2,41242349104,41402365152,rp2040_timer0,100010030,R,h1_ocxo_open_loop,16
CNT,1,1798,2,41418349072,41578365136,rp2040_timer0,100010040,R,h1_ocxo_open_loop,16
CNT,1,1799,2,41594349104,41754365168,rp2040_timer0,100010040,R,h1_ocxo_open_loop,16
CNT,1,1800,2,41770349120,41930365120,rp2040_timer0,100010000,R,h1_ocxo_open_loop,16
CNT,1,1801,2,41946349120,42106365120,rp2040_timer0,100010000,R,h1_ocxo_open_loop,16
CNT,1,1802,2,42122349072,42282365168,rp2040_timer0,100010060,R,h1_ocxo_open_loop,16
CNT,1,1803,2,42298349056,42458365168,rp2040_timer0,100010070,R,h1_ocxo_open_loop,16
CNT,1,1804,2,42474349088,42634365168,rp2040_timer0,100010050,R,h1_ocxo_open_loop,16
CNT,1,1805,2,42650349136,42810365088,rp2040_timer0,100009970,R,h1_ocxo_open_loop,16
CNT,1,1806,2,42826349120,42986365120,rp2040_timer0,100010000,R,h1_ocxo_open_loop,16
CNT,1,1807,2,43002349120,43162365168,rp2040_timer0,100010030,R,h1_ocxo_open_loop,16
CNT,1,1808,2,43178349088,43338365152,rp2040_timer0,100010040,R,h1_ocxo_open_loop,16
CNT,1,1809,2,43354349120,43514365104,rp2040_timer0,100009990,R,h1_ocxo_open_loop,16
CNT,1,1810,2,43530349120,43690365120,rp2040_timer0,100010000,R,h1_ocxo_open_loop,16
CNT,1,1811,2,43706349104,43866365136,rp2040_timer0,100010020,R,h1_ocxo_open_loop,16
CNT,1,1812,2,43882349088,44042365152,rp2040_timer0,100010040,R,h1_ocxo_open_loop,16
CNT,1,1813,2,44058349104,44218365104,rp2040_timer0,100010000,R,h1_ocxo_open_loop,16
CNT,1,1814,2,44234349088,44394365120,rp2040_timer0,100010020,R,h1_ocxo_open_loop,16
CNT,1,1815,2,44410349120,44570365120,rp2040_timer0,100010000,R,h1_ocxo_open_loop,16
CNT,1,1816,2,44586349104,44746365152,rp2040_timer0,100010030,R,h1_ocxo_open_loop,16
CNT,1,1817,2,44762349136,44922365136,rp2040_timer0,100010000,R,h1_ocxo_open_loop,16
CNT,1,1818,2,44938349056,45098365152,rp2040_timer0,100010060,R,h1_ocxo_open_loop,16
CNT,1,1819,2,45114349136,45274365120,rp2040_timer0,100009990,R,h1_ocxo_open_loop,16
CNT,1,1820,2,45290349104,45450365120,rp2040_timer0,100010010,R,h1_ocxo_open_loop,16
CNT,1,1821,2,45466349072,45626365120,rp2040_timer0,100010030,R,h1_ocxo_open_loop,16
CNT,1,1822,2,45642349120,45802365168,rp2040_timer0,100010030,R,h1_ocxo_open_loop,16
CNT,1,1823,2,45818349120,45978365168,rp2040_timer0,100010030,R,h1_ocxo_open_loop,16
CNT,1,1824,2,45994349120,46154365168,rp2040_timer0,100010030,R,h1_ocxo_open_loop,16
CNT,1,1825,2,46170349088,46330365168,rp2040_timer0,100010050,R,h1_ocxo_open_loop,16
CNT,1,1826,2,46346349088,46506365120,rp2040_timer0,100010020,R,h1_ocxo_open_loop,16
CNT,1,1827,2,46522349136,46682365104,rp2040_timer0,100009980,R,h1_ocxo_open_loop,16
CNT,1,1828,2,46698349088,46858365152,rp2040_timer0,100010040,R,h1_ocxo_open_loop,16
CNT,1,1829,2,46874349056,47034365168,rp2040_timer0,100010070,R,h1_ocxo_open_loop,16
CNT,1,1830,2,47050349120,47210365120,rp2040_timer0,100010000,R,h1_ocxo_open_loop,16
CNT,1,1831,2,47226349072,47386365168,rp2040_timer0,100010060,R,h1_ocxo_open_loop,16
CNT,1,1832,2,47402349072,47562365120,rp2040_timer0,100010030,R,h1_ocxo_open_loop,16
CNT,1,1833,2,47578349136,47738365136,rp2040_timer0,100010000,R,h1_ocxo_open_loop,16
CNT,1,1834,2,47754349072,47914365088,rp2040_timer0,100010010,R,h1_ocxo_open_loop,16
CNT,1,1835,2,47930349072,48090365168,rp2040_timer0,100010060,R,h1_ocxo_open_loop,16
CNT,1,1836,2,48106349120,48266365120,rp2040_timer0,100010000,R,h1_ocxo_open_loop,16
CNT,1,1837,2,48282349088,48442365152,rp2040_timer0,100010040,R,h1_ocxo_open_loop,16
CNT,1,1838,2,48458349072,48618365120,rp2040_timer0,100010030,R,h1_ocxo_open_loop,16
CNT,1,1839,2,48634349056,48794365120,rp2040_timer0,100010040,R,h1_ocxo_open_loop,16
CNT,1,1840,2,48810349056,48970365120,rp2040_timer0,100010040,R,h1_ocxo_open_loop,16
CNT,1,1841,2,48986349088,49146365104,rp2040_timer0,100010010,R,h1_ocxo_open_loop,16
CNT,1,1842,2,49162349072,49322365152,rp2040_timer0,100010050,R,h1_ocxo_open_loop,16
CNT,1,1843,2,49338349056,49498365168,rp2040_timer0,100010070,R,h1_ocxo_open_loop,16
CNT,1,1844,2,49514349072,49674365088,rp2040_timer0,100010010,R,h1_ocxo_open_loop,16
CNT,1,1845,2,49690349104,49850365120,rp2040_timer0,100010010,R,h1_ocxo_open_loop,16
CNT,1,1846,2,49866349104,50026365136,rp2040_timer0,100010020,R,h1_ocxo_open_loop,16
CNT,1,1847,2,50042349104,50202365152,rp2040_timer0,100010030,R,h1_ocxo_open_loop,16
CNT,1,1848,2,50218349120,50378365168,rp2040_timer0,100010030,R,h1_ocxo_open_loop,16
CNT,1,1849,2,50394349088,50554365168,rp2040_timer0,100010050,R,h1_ocxo_open_loop,16
CNT,1,1850,2,50570349088,50730365104,rp2040_timer0,100010010,R,h1_ocxo_open_loop,16
CNT,1,1851,2,50746349104,50906365152,rp2040_timer0,100010030,R,h1_ocxo_open_loop,16
CNT,1,1852,2,50922349104,51082365120,rp2040_timer0,100010010,R,h1_ocxo_open_loop,16
CNT,1,1853,2,51098349104,51258365104,rp2040_timer0,100010000,R,h1_ocxo_open_loop,16
CNT,1,1854,2,51274349104,51434365120,rp2040_timer0,100010010,R,h1_ocxo_open_loop,16
CNT,1,1855,2,51450349104,51610365120,rp2040_timer0,100010010,R,h1_ocxo_open_loop,16
CNT,1,1856,2,51626349088,51786365136,rp2040_timer0,100010030,R,h1_ocxo_open_loop,16
CNT,1,1857,2,51802349088,51962365168,rp2040_timer0,100010050,R,h1_ocxo_open_loop,16
CNT,1,1858,2,51978349088,52138365152,rp2040_timer0,100010040,R,h1_ocxo_open_loop,16
CNT,1,1859,2,52154349088,52314365136,rp2040_timer0,100010030,R,h1_ocxo_open_loop,16
CNT,1,1860,2,52330349136,52490365152,rp2040_timer0,100010010,R,h1_ocxo_open_loop,16
CNT,1,1861,2,52506349088,52666365104,rp2040_timer0,100010010,R,h1_ocxo_open_loop,16
CNT,1,1862,2,52682349136,52842365120,rp2040_timer0,100009990,R,h1_ocxo_open_loop,16
CNT,1,1863,2,52858349104,53018365088,rp2040_timer0,100009990,R,h1_ocxo_open_loop,16
CNT,1,1864,2,53034349120,53194365104,rp2040_timer0,100009990,R,h1_ocxo_open_loop,16
CNT,1,1865,2,53210349136,53370365152,rp2040_timer0,100010010,R,h1_ocxo_open_loop,16
CNT,1,1866,2,53386349088,53546365168,rp2040_timer0,100010050,R,h1_ocxo_open_loop,16
CNT,1,1867,2,53562349104,53722365104,rp2040_timer0,100010000,R,h1_ocxo_open_loop,16
CNT,1,1868,2,53738349088,53898365120,rp2040_timer0,100010020,R,h1_ocxo_open_loop,16
CNT,1,1869,2,53914349120,54074365104,rp2040_timer0,100009990,R,h1_ocxo_open_loop,16
CNT,1,1870,2,54090349088,54250365152,rp2040_timer0,100010040,R,h1_ocxo_open_loop,16
CNT,1,1871,2,54266349136,54426365136,rp2040_timer0,100010000,R,h1_ocxo_open_loop,16
CNT,1,1872,2,54442349056,54602365120,rp2040_timer0,100010040,R,h1_ocxo_open_loop,16
CNT,1,1873,2,54618349120,54778365104,rp2040_timer0,100009990,R,h1_ocxo_open_loop,16
CNT,1,1874,2,54794349072,54954365136,rp2040_timer0,100010040,R,h1_ocxo_open_loop,16
CNT,1,1875,2,54970349120,55130365168,rp2040_timer0,100010030,R,h1_ocxo_open_loop,16
CNT,1,1876,2,55146349088,55306365136,rp2040_timer0,100010030,R,h1_ocxo_open_loop,16
CNT,1,1877,2,55322349088,55482365136,rp2040_timer0,100010030,R,h1_ocxo_open_loop,16
CNT,1,1878,2,55498349056,55658365104,rp2040_timer0,100010030,R,h1_ocxo_open_loop,16
CNT,1,1879,2,55674349072,55834365120,rp2040_timer0,100010030,R,h1_ocxo_open_loop,16
CNT,1,1880,2,55850349072,56010365088,rp2040_timer0,100010010,R,h1_ocxo_open_loop,16
CNT,1,1881,2,56026349072,56186365152,rp2040_timer0,100010050,R,h1_ocxo_open_loop,16
CNT,1,1882,2,56202349104,56362365168,rp2040_timer0,100010040,R,h1_ocxo_open_loop,16
CNT,1,1883,2,56378349120,56538365136,rp2040_timer0,100010010,R,h1_ocxo_open_loop,16
CNT,1,1884,2,56554349072,56714365136,rp2040_timer0,100010040,R,h1_ocxo_open_loop,16
CNT,1,1885,2,56730349072,56890365168,rp2040_timer0,100010060,R,h1_ocxo_open_loop,16
CNT,1,1886,2,56906349088,57066365168,rp2040_timer0,100010050,R,h1_ocxo_open_loop,16
CNT,1,1887,2,57082349120,57242365088,rp2040_timer0,100009980,R,h1_ocxo_open_loop,16
CNT,1,1888,2,57258349136,57418365168,rp2040_timer0,100010020,R,h1_ocxo_open_loop,16
CNT,1,1889,2,57434349056,57594365168,rp2040_timer0,100010070,R,h1_ocxo_open_loop,16
CNT,1,1890,2,57610349120,57770365136,rp2040_timer0,100010010,R,h1_ocxo_open_loop,16
CNT,1,1891,2,57786349136,57946365152,rp2040_timer0,100010010,R,h1_ocxo_open_loop,16
CNT,1,1892,2,57962349072,58122365168,rp2040_timer0,100010060,R,h1_ocxo_open_loop,16
CNT,1,1893,2,58138349120,58298365152,rp2040_timer0,100010020,R,h1_ocxo_open_loop,16
CNT,1,1894,2,58314349120,58474365168,rp2040_timer0,100010030,R,h1_ocxo_open_loop,16
CNT,1,1895,2,58490349104,58650365136,rp2040_timer0,100010020,R,h1_ocxo_open_loop,16
CNT,1,1896,2,58666349136,58826365168,rp2040_timer0,100010020,R,h1_ocxo_open_loop,16
CNT,1,1897,2,58842349136,59002365136,rp2040_timer0,100010000,R,h1_ocxo_open_loop,16
CNT,1,1898,2,59018349104,59178365104,rp2040_timer0,100010000,R,h1_ocxo_open_loop,16
CNT,1,1899,2,59194349104,59354365152,rp2040_timer0,100010030,R,h1_ocxo_open_loop,16
CNT,1,1900,2,59370349120,59530365168,rp2040_timer0,100010030,R,h1_ocxo_open_loop,16
CNT,1,1901,2,59546349104,59706365104,rp2040_timer0,100010000,R,h1_ocxo_open_loop,16
CNT,1,1902,2,59722349088,59882365120,rp2040_timer0,100010020,R,h1_ocxo_open_loop,16
CNT,1,1903,2,59898349072,60058365120,rp2040_timer0,100010030,R,h1_ocxo_open_loop,16
CNT,1,1904,2,60074349120,60234365120,rp2040_timer0,100010000,R,h1_ocxo_open_loop,16
CNT,1,1905,2,60250349104,60410365104,rp2040_timer0,100010000,R,h1_ocxo_open_loop,16
CNT,1,1906,2,60426349120,60586365120,rp2040_timer0,100010000,R,h1_ocxo_open_loop,16
CNT,1,1907,2,60602349088,60762365104,rp2040_timer0,100010010,R,h1_ocxo_open_loop,16
CNT,1,1908,2,60778349088,60938365104,rp2040_timer0,100010010,R,h1_ocxo_open_loop,16
CNT,1,1909,2,60954349088,61114365104,rp2040_timer0,100010010,R,h1_ocxo_open_loop,16
CNT,1,1910,2,61130349120,61290365120,rp2040_timer0,100010000,R,h1_ocxo_open_loop,16
CNT,1,1911,2,61306349072,61466365120,rp2040_timer0,100010030,R,h1_ocxo_open_loop,16
CNT,1,1912,2,61482349088,61642365120,rp2040_timer0,100010020,R,h1_ocxo_open_loop,16
CNT,1,1913,2,61658349088,61818365120,rp2040_timer0,100010020,R,h1_ocxo_open_loop,16
CNT,1,1914,2,61834349072,61994365104,rp2040_timer0,100010020,R,h1_ocxo_open_loop,16
CNT,1,1915,2,62010349088,62170365120,rp2040_timer0,100010020,R,h1_ocxo_open_loop,16
CNT,1,1916,2,62186349088,62346365104,rp2040_timer0,100010010,R,h1_ocxo_open_loop,16
CNT,1,1917,2,62362349088,62522365168,rp2040_timer0,100010050,R,h1_ocxo_open_loop,16
CNT,1,1918,2,62538349088,62698365104,rp2040_timer0,100010010,R,h1_ocxo_open_loop,16
CNT,1,1919,2,62714349104,62874365136,rp2040_timer0,100010020,R,h1_ocxo_open_loop,16
CNT,1,1920,2,62890349120,63050365152,rp2040_timer0,100010020,R,h1_ocxo_open_loop,16
CNT,1,1921,2,63066349120,63226365120,rp2040_timer0,100010000,R,h1_ocxo_open_loop,16
CNT,1,1922,2,63242349088,63402365152,rp2040_timer0,100010040,R,h1_ocxo_open_loop,16
CNT,1,1923,2,63418349056,63578365104,rp2040_timer0,100010030,R,h1_ocxo_open_loop,16
CNT,1,1924,2,63594349136,63754365152,rp2040_timer0,100010010,R,h1_ocxo_open_loop,16
CNT,1,1925,2,63770349120,63930365168,rp2040_timer0,100010030,R,h1_ocxo_open_loop,16
CNT,1,1926,2,63946349056,64106365120,rp2040_timer0,100010040,R,h1_ocxo_open_loop,16
CNT,1,1927,2,64122349104,64282365152,rp2040_timer0,100010030,R,h1_ocxo_open_loop,16
CNT,1,1928,2,64298349056,64458365152,rp2040_timer0,100010060,R,h1_ocxo_open_loop,16
CNT,1,1929,2,64474349072,64634365152,rp2040_timer0,100010050,R,h1_ocxo_open_loop,16
CNT,1,1930,2,64650349072,64810365152,rp2040_timer0,100010050,R,h1_ocxo_open_loop,16
CNT,1,1931,2,64826349088,64986365168,rp2040_timer0,100010050,R,h1_ocxo_open_loop,16
CNT,1,1932,2,65002349088,65162365152,rp2040_timer0,100010040,R,h1_ocxo_open_loop,16
CNT,1,1933,2,65178349120,65338365168,rp2040_timer0,100010030,R,h1_ocxo_open_loop,16
CNT,1,1934,2,65354349072,65514365152,rp2040_timer0,100010050,R,h1_ocxo_open_loop,16
CNT,1,1935,2,65530349056,65690365120,rp2040_timer0,100010040,R,h1_ocxo_open_loop,16
CNT,1,1936,2,65706349120,65866365136,rp2040_timer0,100010010,R,h1_ocxo_open_loop,16
CNT,1,1937,2,65882349104,66042365136,rp2040_timer0,100010020,R,h1_ocxo_open_loop,16
CNT,1,1938,2,66058349056,66218365136,rp2040_timer0,100010050,R,h1_ocxo_open_loop,16
CNT,1,1939,2,66234349088,66394365152,rp2040_timer0,100010040,R,h1_ocxo_open_loop,16
CNT,1,1940,2,66410349088,66570365088,rp2040_timer0,100010000,R,h1_ocxo_open_loop,16
CNT,1,1941,2,66586349088,66746365136,rp2040_timer0,100010030,R,h1_ocxo_open_loop,16
CNT,1,1942,2,66762349088,66922365120,rp2040_timer0,100010020,R,h1_ocxo_open_loop,16
CNT,1,1943,2,66938349072,67098365120,rp2040_timer0,100010030,R,h1_ocxo_open_loop,16
CNT,1,1944,2,67114349104,67274365120,rp2040_timer0,100010010,R,h1_ocxo_open_loop,16
CNT,1,1945,2,67290349072,67450365104,rp2040_timer0,100010020,R,h1_ocxo_open_loop,16
CNT,1,1946,2,67466349104,67626365152,rp2040_timer0,100010030,R,h1_ocxo_open_loop,16
CNT,1,1947,2,67642349088,67802365152,rp2040_timer0,100010040,R,h1_ocxo_open_loop,16
CNT,1,1948,2,67818349056,67978365168,rp2040_timer0,100010070,R,h1_ocxo_open_loop,16
CNT,1,1949,2,67994349056,68154365120,rp2040_timer0,100010040,R,h1_ocxo_open_loop,16
CNT,1,1950,2,68170349056,68330365152,rp2040_timer0,100010060,R,h1_ocxo_open_loop,16
CNT,1,1951,2,68346349072,68506365152,rp2040_timer0,100010050,R,h1_ocxo_open_loop,16
CNT,1,1952,2,68522349056,68682365120,rp2040_timer0,100010040,R,h1_ocxo_open_loop,16
CNT,1,1953,2,68698349088,68858365152,rp2040_timer0,100010040,R,h1_ocxo_open_loop,16
CNT,1,1954,2,154872400,314888400,rp2040_timer0,100010000,R,h1_ocxo_open_loop,16
CNT,1,1955,2,330872336,490888352,rp2040_timer0,100010010,R,h1_ocxo_open_loop,16
CNT,1,1956,2,506872400,666888352,rp2040_timer0,100009970,R,h1_ocxo_open_loop,16
CNT,1,1957,2,682872352,842888368,rp2040_timer0,100010010,R,h1_ocxo_open_loop,16
CNT,1,1958,2,858872336,1018888400,rp2040_timer0,100010040,R,h1_ocxo_open_loop,16
CNT,1,1959,2,1034872336,1194888400,rp2040_timer0,100010040,R,h1_ocxo_open_loop,16
CNT,1,1960,2,1210872368,1370888432,rp2040_timer0,100010040,R,h1_ocxo_open_loop,16
CNT,1,1961,2,1386872352,1546888384,rp2040_timer0,100010020,R,h1_ocxo_open_loop,16
CNT,1,1962,2,1562872384,1722888416,rp2040_timer0,100010020,R,h1_ocxo_open_loop,16
CNT,1,1963,2,1738872384,1898888416,rp2040_timer0,100010020,R,h1_ocxo_open_loop,16
CNT,1,1964,2,1914872336,2074888400,rp2040_timer0,100010040,R,h1_ocxo_open_loop,16
CNT,1,1965,2,2090872336,2250888400,rp2040_timer0,100010040,R,h1_ocxo_open_loop,16
CNT,1,1966,2,2266872384,2426888400,rp2040_timer0,100010010,R,h1_ocxo_open_loop,16
CNT,1,1967,2,2442872400,2602888384,rp2040_timer0,100009990,R,h1_ocxo_open_loop,16
CNT,1,1968,2,2618872368,2778888368,rp2040_timer0,100010000,R,h1_ocxo_open_loop,16
CNT,1,1969,2,2794872368,2954888416,rp2040_timer0,100010030,R,h1_ocxo_open_loop,16
CNT,1,1970,2,2970872368,3130888384,rp2040_timer0,100010010,R,h1_ocxo_open_loop,16
CNT,1,1971,2,3146872384,3306888432,rp2040_timer0,100010030,R,h1_ocxo_open_loop,16
CNT,1,1972,2,3322872384,3482888368,rp2040_timer0,100009990,R,h1_ocxo_open_loop,16
CNT,1,1973,2,3498872400,3658888416,rp2040_timer0,100010010,R,h1_ocxo_open_loop,16
CNT,1,1974,2,3674872336,3834888400,rp2040_timer0,100010040,R,h1_ocxo_open_loop,16
CNT,1,1975,2,3850872352,4010888368,rp2040_timer0,100010010,R,h1_ocxo_open_loop,16
CNT,1,1976,2,4026872336,4186888400,rp2040_timer0,100010040,R,h1_ocxo_open_loop,16
CNT,1,1977,2,4202872368,4362888400,rp2040_timer0,100010020,R,h1_ocxo_open_loop,16
CNT,1,1978,2,4378872400,4538888384,rp2040_timer0,100009990,R,h1_ocxo_open_loop,16
CNT,1,1979,2,4554872384,4714888432,rp2040_timer0,100010030,R,h1_ocxo_open_loop,16
CNT,1,1980,2,4730872384,4890888416,rp2040_timer0,100010020,R,h1_ocxo_open_loop,16
CNT,1,1981,2,4906872368,5066888432,rp2040_timer0,100010040,R,h1_ocxo_open_loop,16
CNT,1,1982,2,5082872336,5242888416,rp2040_timer0,100010050,R,h1_ocxo_open_loop,16
CNT,1,1983,2,5258872336,5418888432,rp2040_timer0,100010060,R,h1_ocxo_open_loop,16
CNT,1,1984,2,5434872384,5594888432,rp2040_timer0,100010030,R,h1_ocxo_open_loop,16
CNT,1,1985,2,5610872400,5770888368,rp2040_timer0,100009980,R,h1_ocxo_open_loop,16
CNT,1,1986,2,5786872320,5946888400,rp2040_timer0,100010050,R,h1_ocxo_open_loop,16
CNT,1,1987,2,5962872384,6122888416,rp2040_timer0,100010020,R,h1_ocxo_open_loop,16
CNT,1,1988,2,6138872400,6298888400,rp2040_timer0,100010000,R,h1_ocxo_open_loop,16
CNT,1,1989,2,6314872368,6474888352,rp2040_timer0,100009990,R,h1_ocxo_open_loop,16
CNT,1,1990,2,6490872368,6650888384,rp2040_timer0,100010010,R,h1_ocxo_open_loop,16
CNT,1,1991,2,6666872400,6826888432,rp2040_timer0,100010020,R,h1_ocxo_open_loop,16
CNT,1,1992,2,6842872336,7002888400,rp2040_timer0,100010040,R,h1_ocxo_open_loop,16
CNT,1,1993,2,7018872352,7178888368,rp2040_timer0,100010010,R,h1_ocxo_open_loop,16
CNT,1,1994,2,7194872400,7354888416,rp2040_timer0,100010010,R,h1_ocxo_open_loop,16
CNT,1,1995,2,7370872368,7530888368,rp2040_timer0,100010000,R,h1_ocxo_open_loop,16
CNT,1,1996,2,7546872320,7706888368,rp2040_timer0,100010030,R,h1_ocxo_open_loop,16
CNT,1,1997,2,7722872336,7882888368,rp2040_timer0,100010020,R,h1_ocxo_open_loop,16
CNT,1,1998,2,7898872352,8058888432,rp2040_timer0,100010050,R,h1_ocxo_open_loop,16
CNT,1,1999,2,8074872336,8234888368,rp2040_timer0,100010020,R,h1_ocxo_open_loop,16
CNT,1,2000,2,8250872400,8410888368,rp2040_timer0,100009980,R,h1_ocxo_open_loop,16
CNT,1,2001,2,8426872368,8586888400,rp2040_timer0,100010020,R,h1_ocxo_open_loop,16
CNT,1,2002,2,8602872400,8762888416,rp2040_timer0,100010010,R,h1_ocxo_open_loop,16
CNT,1,2003,2,8778872400,8938888368,rp2040_timer0,100009980,R,h1_ocxo_open_loop,16
CNT,1,2004,2,8954872352,9114888400,rp2040_timer0,100010030,R,h1_ocxo_open_loop,16
CNT,1,2005,2,9130872352,9290888384,rp2040_timer0,100010020,R,h1_ocxo_open_loop,16
CNT,1,2006,2,9306872368,9466888416,rp2040_timer0,100010030,R,h1_ocxo_open_loop,16
CNT,1,2007,2,9482872368,9642888416,rp2040_timer0,100010030,R,h1_ocxo_open_loop,16
CNT,1,2008,2,9658872320,9818888368,rp2040_timer0,100010030,R,h1_ocxo_open_loop,16
CNT,1,2009,2,9834872368,9994888432,rp2040_timer0,100010040,R,h1_ocxo_open_loop,16
CNT,1,2010,2,10010872368,10170888416,rp2040_timer0,100010030,R,h1_ocxo_open_loop,16
CNT,1,2011,2,10186872336,10346888368,rp2040_timer0,100010020,R,h1_ocxo_open_loop,16
CNT,1,2012,2,10362872368,10522888400,rp2040_timer0,100010020,R,h1_ocxo_open_loop,16
CNT,1,2013,2,10538872384,10698888384,rp2040_timer0,100010000,R,h1_ocxo_open_loop,16
CNT,1,2014,2,10714872368,10874888416,rp2040_timer0,100010030,R,h1_ocxo_open_loop,16
CNT,1,2015,2,10890872352,11050888432,rp2040_timer0,100010050,R,h1_ocxo_open_loop,16
CNT,1,2016,2,11066872352,11226888384,rp2040_timer0,100010020,R,h1_ocxo_open_loop,16
CNT,1,2017,2,11242872336,11402888416,rp2040_timer0,100010050,R,h1_ocxo_open_loop,16
CNT,1,2018,2,11418872384,11578888432,rp2040_timer0,100010030,R,h1_ocxo_open_loop,16
CNT,1,2019,2,11594872400,11754888416,rp2040_timer0,100010010,R,h1_ocxo_open_loop,16
CNT,1,2020,2,11770872352,11930888368,rp2040_timer0,100010010,R,h1_ocxo_open_loop,16
CNT,1,2021,2,11946872352,12106888400,rp2040_timer0,100010030,R,h1_ocxo_open_loop,16
CNT,1,2022,2,12122872320,12282888384,rp2040_timer0,100010040,R,h1_ocxo_open_loop,16
CNT,1,2023,2,12298872336,12458888416,rp2040_timer0,100010050,R,h1_ocxo_open_loop,16
CNT,1,2024,2,12474872352,12634888384,rp2040_timer0,100010020,R,h1_ocxo_open_loop,16
CNT,1,2025,2,12650872400,12810888368,rp2040_timer0,100009980,R,h1_ocxo_open_loop,16
CNT,1,2026,2,12826872384,12986888384,rp2040_timer0,100010000,R,h1_ocxo_open_loop,16
CNT,1,2027,2,13002872384,13162888384,rp2040_timer0,100010000,R,h1_ocxo_open_loop,16
CNT,1,2028,2,13178872384,13338888400,rp2040_timer0,100010010,R,h1_ocxo_open_loop,16
CNT,1,2029,2,13354872368,13514888416,rp2040_timer0,100010030,R,h1_ocxo_open_loop,16
CNT,1,2030,2,13530872400,13690888384,rp2040_timer0,100009990,R,h1_ocxo_open_loop,16
CNT,1,2031,2,13706872336,13866888416,rp2040_timer0,100010050,R,h1_ocxo_open_loop,16
CNT,1,2032,2,13882872384,14042888384,rp2040_timer0,100010000,R,h1_ocxo_open_loop,16
CNT,1,2033,2,14058872352,14218888432,rp2040_timer0,100010050,R,h1_ocxo_open_loop,16
CNT,1,2034,2,14234872352,14394888400,rp2040_timer0,100010030,R,h1_ocxo_open_loop,16
CNT,1,2035,2,14410872384,14570888416,rp2040_timer0,100010020,R,h1_ocxo_open_loop,16
CNT,1,2036,2,14586872368,14746888384,rp2040_timer0,100010010,R,h1_ocxo_open_loop,16
CNT,1,2037,2,14762872400,14922888432,rp2040_timer0,100010020,R,h1_ocxo_open_loop,16
CNT,1,2038,2,14938872352,15098888400,rp2040_timer0,100010030,R,h1_ocxo_open_loop,16
CNT,1,2039,2,15114872368,15274888432,rp2040_timer0,100010040,R,h1_ocxo_open_loop,16
CNT,1,2040,2,15290872336,15450888432,rp2040_timer0,100010060,R,h1_ocxo_open_loop,16
CNT,1,2041,2,15466872368,15626888384,rp2040_timer0,100010010,R,h1_ocxo_open_loop,16
CNT,1,2042,2,15642872384,15802888416,rp2040_timer0,100010020,R,h1_ocxo_open_loop,16
CNT,1,2043,2,15818872400,15978888384,rp2040_timer0,100009990,R,h1_ocxo_open_loop,16
CNT,1,2044,2,15994872336,16154888400,rp2040_timer0,100010040,R,h1_ocxo_open_loop,16
CNT,1,2045,2,16170872384,16330888368,rp2040_timer0,100009990,R,h1_ocxo_open_loop,16
CNT,1,2046,2,16346872368,16506888432,rp2040_timer0,100010040,R,h1_ocxo_open_loop,16
CNT,1,2047,2,16522872384,16682888432,rp2040_timer0,100010030,R,h1_ocxo_open_loop,16
CNT,1,2048,2,16698872400,16858888400,rp2040_timer0,100010000,R,h1_ocxo_open_loop,16
CNT,1,2049,2,16874872384,17034888432,rp2040_timer0,100010030,R,h1_ocxo_open_loop,16
CNT,1,2050,2,17050872352,17210888432,rp2040_timer0,100010050,R,h1_ocxo_open_loop,16
CNT,1,2051,2,17226872352,17386888368,rp2040_timer0,100010010,R,h1_ocxo_open_loop,16
CNT,1,2052,2,17402872336,17562888432,rp2040_timer0,100010060,R,h1_ocxo_open_loop,16
CNT,1,2053,2,17578872352,17738888432,rp2040_timer0,100010050,R,h1_ocxo_open_loop,16
CNT,1,2054,2,17754872384,17914888368,rp2040_timer0,100009990,R,h1_ocxo_open_loop,16
CNT,1,2055,2,17930872384,18090888352,rp2040_timer0,100009980,R,h1_ocxo_open_loop,16
CNT,1,2056,2,18106872400,18266888384,rp2040_timer0,100009990,R,h1_ocxo_open_loop,16
CNT,1,2057,2,18282872352,18442888352,rp2040_timer0,100010000,R,h1_ocxo_open_loop,16
CNT,1,2058,2,18458872368,18618888432,rp2040_timer0,100010040,R,h1_ocxo_open_loop,16
CNT,1,2059,2,18634872352,18794888400,rp2040_timer0,100010030,R,h1_ocxo_open_loop,16
CNT,1,2060,2,18810872368,18970888416,rp2040_timer0,100010030,R,h1_ocxo_open_loop,16
CNT,1,2061,2,18986872320,19146888400,rp2040_timer0,100010050,R,h1_ocxo_open_loop,16
CNT,1,2062,2,19162872352,19322888384,rp2040_timer0,100010020,R,h1_ocxo_open_loop,16
CNT,1,2063,2,19338872400,19498888384,rp2040_timer0,100009990,R,h1_ocxo_open_loop,16
CNT,1,2064,2,19514872352,19674888384,rp2040_timer0,100010020,R,h1_ocxo_open_loop,16
CNT,1,2065,2,19690872400,19850888432,rp2040_timer0,100010020,R,h1_ocxo_open_loop,16
CNT,1,2066,2,19866872352,20026888400,rp2040_timer0,100010030,R,h1_ocxo_open_loop,16
CNT,1,2067,2,20042872384,20202888416,rp2040_timer0,100010020,R,h1_ocxo_open_loop,16
CNT,1,2068,2,20218872336,20378888384,rp2040_timer0,100010030,R,h1_ocxo_open_loop,16
CNT,1,2069,2,20394872352,20554888432,rp2040_timer0,100010050,R,h1_ocxo_open_loop,16
CNT,1,2070,2,20570872368,20730888400,rp2040_timer0,100010020,R,h1_ocxo_open_loop,16
CNT,1,2071,2,20746872352,20906888416,rp2040_timer0,100010040,R,h1_ocxo_open_loop,16
CNT,1,2072,2,20922872352,21082888416,rp2040_timer0,100010040,R,h1_ocxo_open_loop,16
CNT,1,2073,2,21098872384,21258888384,rp2040_timer0,100010000,R,h1_ocxo_open_loop,16
CNT,1,2074,2,21274872352,21434888384,rp2040_timer0,100010020,R,h1_ocxo_open_loop,16
CNT,1,2075,2,21450872384,21610888432,rp2040_timer0,100010030,R,h1_ocxo_open_loop,16
CNT,1,2076,2,21626872384,21786888384,rp2040_timer0,100010000,R,h1_ocxo_open_loop,16
CNT,1,2077,2,21802872368,21962888432,rp2040_timer0,100010040,R,h1_ocxo_open_loop,16
CNT,1,2078,2,21978872336,22138888432,rp2040_timer0,100010060,R,h1_ocxo_open_loop,16
CNT,1,2079,2,22154872384,22314888368,rp2040_timer0,100009990,R,h1_ocxo_open_loop,16
CNT,1,2080,2,22330872368,22490888416,rp2040_timer0,100010030,R,h1_ocxo_open_loop,16
CNT,1,2081,2,22506872336,22666888432,rp2040_timer0,100010060,R,h1_ocxo_open_loop,16
CNT,1,2082,2,22682872400,22842888400,rp2040_timer0,100010000,R,h1_ocxo_open_loop,16
CNT,1,2083,2,22858872400,23018888384,rp2040_timer0,100009990,R,h1_ocxo_open_loop,16
CNT,1,2084,2,23034872336,23194888416,rp2040_timer0,100010050,R,h1_ocxo_open_loop,16
CNT,1,2085,2,23210872352,23370888416,rp2040_timer0,100010040,R,h1_ocxo_open_loop,16
CNT,1,2086,2,23386872352,23546888368,rp2040_timer0,100010010,R,h1_ocxo_open_loop,16
CNT,1,2087,2,23562872336,23722888432,rp2040_timer0,100010060,R,h1_ocxo_open_loop,16
CNT,1,2088,2,23738872384,23898888432,rp2040_timer0,100010030,R,h1_ocxo_open_loop,16
CNT,1,2089,2,23914872352,24074888368,rp2040_timer0,100010010,R,h1_ocxo_open_loop,16
CNT,1,2090,2,24090872336,24250888400,rp2040_timer0,100010040,R,h1_ocxo_open_loop,16
CNT,1,2091,2,24266872336,24426888416,rp2040_timer0,100010050,R,h1_ocxo_open_loop,16
CNT,1,2092,2,24442872400,24602888432,rp2040_timer0,100010020,R,h1_ocxo_open_loop,16
CNT,1,2093,2,24618872368,24778888352,rp2040_timer0,100009990,R,h1_ocxo_open_loop,16
CNT,1,2094,2,24794872336,24954888416,rp2040_timer0,100010050,R,h1_ocxo_open_loop,16
CNT,1,2095,2,24970872368,25130888400,rp2040_timer0,100010020,R,h1_ocxo_open_loop,16
CNT,1,2096,2,25146872384,25306888400,rp2040_timer0,100010010,R,h1_ocxo_open_loop,16
CNT,1,2097,2,25322872384,25482888352,rp2040_timer0,100009980,R,h1_ocxo_open_loop,16
CNT,1,2098,2,25498872368,25658888432,rp2040_timer0,100010040,R,h1_ocxo_open_loop,16
CNT,1,2099,2,25674872400,25834888432,rp2040_timer0,100010020,R,h1_ocxo_open_loop,16
CNT,1,2100,2,25850872336,26010888368,rp2040_timer0,100010020,R,h1_ocxo_open_loop,16
CNT,1,2101,2,26026872336,26186888416,rp2040_timer0,100010050,R,h1_ocxo_open_loop,16
CNT,1,2102,2,26202872336,26362888400,rp2040_timer0,100010040,R,h1_ocxo_open_loop,16
CNT,1,2103,2,26378872400,26538888400,rp2040_timer0,100010000,R,h1_ocxo_open_loop,16
CNT,1,2104,2,26554872320,26714888416,rp2040_timer0,100010060,R,h1_ocxo_open_loop,16
CNT,1,2105,2,26730872352,26890888384,rp2040_timer0,100010020,R,h1_ocxo_open_loop,16
CNT,1,2106,2,26906872368,27066888432,rp2040_timer0,100010040,R,h1_ocxo_open_loop,16
CNT,1,2107,2,27082872384,27242888368,rp2040_timer0,100009990,R,h1_ocxo_open_loop,16
CNT,1,2108,2,27258872336,27418888368,rp2040_timer0,100010020,R,h1_ocxo_open_loop,16
CNT,1,2109,2,27434872400,27594888400,rp2040_timer0,100010000,R,h1_ocxo_open_loop,16
CNT,1,2110,2,27610872320,27770888400,rp2040_timer0,100010050,R,h1_ocxo_open_loop,16
CNT,1,2111,2,27786872368,27946888416,rp2040_timer0,100010030,R,h1_ocxo_open_loop,16
CNT,1,2112,2,27962872352,28122888416,rp2040_timer0,100010040,R,h1_ocxo_open_loop,16
CNT,1,2113,2,28138872336,28298888368,rp2040_timer0,100010020,R,h1_ocxo_open_loop,16
CNT,1,2114,2,28314872336,28474888384,rp2040_timer0,100010030,R,h1_ocxo_open_loop,16
CNT,1,2115,2,28490872320,28650888432,rp2040_timer0,100010070,R,h1_ocxo_open_loop,16
CNT,1,2116,2,28666872384,28826888432,rp2040_timer0,100010030,R,h1_ocxo_open_loop,16
CNT,1,2117,2,28842872368,29002888416,rp2040_timer0,100010030,R,h1_ocxo_open_loop,16
CNT,1,2118,2,29018872368,29178888368,rp2040_timer0,100010000,R,h1_ocxo_open_loop,16
CNT,1,2119,2,29194872368,29354888384,rp2040_timer0,100010010,R,h1_ocxo_open_loop,16
CNT,1,2120,2,29370872400,29530888432,rp2040_timer0,100010020,R,h1_ocxo_open_loop,16
CNT,1,2121,2,29546872352,29706888400,rp2040_timer0,100010030,R,h1_ocxo_open_loop,16
CNT,1,2122,2,29722872352,29882888400,rp2040_timer0,100010030,R,h1_ocxo_open_loop,16
CNT,1,2123,2,29898872336,30058888352,rp2040_timer0,100010010,R,h1_ocxo_open_loop,16
CNT,1,2124,2,30074872384,30234888400,rp2040_timer0,100010010,R,h1_ocxo_open_loop,16
CNT,1,2125,2,30250872368,30410888384,rp2040_timer0,100010010,R,h1_ocxo_open_loop,16
CNT,1,2126,2,30426872352,30586888416,rp2040_timer0,100010040,R,h1_ocxo_open_loop,16
CNT,1,2127,2,30602872384,30762888368,rp2040_timer0,100009990,R,h1_ocxo_open_loop,16
CNT,1,2128,2,30778872352,30938888400,rp2040_timer0,100010030,R,h1_ocxo_open_loop,16
CNT,1,2129,2,30954872384,31114888416,rp2040_timer0,100010020,R,h1_ocxo_open_loop,16
CNT,1,2130,2,31130872320,31290888432,rp2040_timer0,100010070,R,h1_ocxo_open_loop,16
CNT,1,2131,2,31306872352,31466888352,rp2040_timer0,100010000,R,h1_ocxo_open_loop,16
CNT,1,2132,2,31482872384,31642888352,rp2040_timer0,100009980,R,h1_ocxo_open_loop,16
CNT,1,2133,2,31658872336,31818888368,rp2040_timer0,100010020,R,h1_ocxo_open_loop,16
CNT,1,2134,2,31834872336,31994888368,rp2040_timer0,100010020,R,h1_ocxo_open_loop,16
CNT,1,2135,2,32010872368,32170888432,rp2040_timer0,100010040,R,h1_ocxo_open_loop,16
CNT,1,2136,2,32186872352,32346888368,rp2040_timer0,100010010,R,h1_ocxo_open_loop,16
CNT,1,2137,2,32362872336,32522888416,rp2040_timer0,100010050,R,h1_ocxo_open_loop,16
CNT,1,2138,2,32538872320,32698888432,rp2040_timer0,100010070,R,h1_ocxo_open_loop,16
CNT,1,2139,2,32714872352,32874888368,rp2040_timer0,100010010,R,h1_ocxo_open_loop,16
CNT,1,2140,2,32890872400,33050888400,rp2040_timer0,100010000,R,h1_ocxo_open_loop,16
CNT,1,2141,2,33066872336,33226888400,rp2040_timer0,100010040,R,h1_ocxo_open_loop,16
CNT,1,2142,2,33242872352,33402888416,rp2040_timer0,100010040,R,h1_ocxo_open_loop,16
CNT,1,2143,2,33418872352,33578888416,rp2040_timer0,100010040,R,h1_ocxo_open_loop,16
CNT,1,2144,2,33594872384,33754888400,rp2040_timer0,100010010,R,h1_ocxo_open_loop,16
CNT,1,2145,2,33770872384,33930888432,rp2040_timer0,100010030,R,h1_ocxo_open_loop,16
CNT,1,2146,2,33946872368,34106888368,rp2040_timer0,100010000,R,h1_ocxo_open_loop,16
CNT,1,2147,2,34122872400,34282888400,rp2040_timer0,100010000,R,h1_ocxo_open_loop,16
CNT,1,2148,2,34298872400,34458888432,rp2040_timer0,100010020,R,h1_ocxo_open_loop,16
CNT,1,2149,2,34474872384,34634888416,rp2040_timer0,100010020,R,h1_ocxo_open_loop,16
CNT,1,2150,2,34650872336,34810888384,rp2040_timer0,100010030,R,h1_ocxo_open_loop,16
CNT,1,2151,2,34826872368,34986888400,rp2040_timer0,100010020,R,h1_ocxo_open_loop,16
CNT,1,2152,2,35002872352,35162888384,rp2040_timer0,100010020,R,h1_ocxo_open_loop,16
CNT,1,2153,2,35178872368,35338888400,rp2040_timer0,100010020,R,h1_ocxo_open_loop,16
CNT,1,2154,2,35354872352,35514888416,rp2040_timer0,100010040,R,h1_ocxo_open_loop,16
CNT,1,2155,2,35530872352,35690888416,rp2040_timer0,100010040,R,h1_ocxo_open_loop,16
CNT,1,2156,2,35706872352,35866888432,rp2040_timer0,100010050,R,h1_ocxo_open_loop,16
CNT,1,2157,2,35882872336,36042888368,rp2040_timer0,100010020,R,h1_ocxo_open_loop,16
CNT,1,2158,2,36058872384,36218888368,rp2040_timer0,100009990,R,h1_ocxo_open_loop,16
CNT,1,2159,2,36234872384,36394888400,rp2040_timer0,100010010,R,h1_ocxo_open_loop,16
CNT,1,2160,2,36410872320,36570888416,rp2040_timer0,100010060,R,h1_ocxo_open_loop,16
CNT,1,2161,2,36586872384,36746888368,rp2040_timer0,100009990,R,h1_ocxo_open_loop,16
CNT,1,2162,2,36762872352,36922888416,rp2040_timer0,100010040,R,h1_ocxo_open_loop,16
CNT,1,2163,2,36938872320,37098888416,rp2040_timer0,100010060,R,h1_ocxo_open_loop,16
CNT,1,2164,2,37114872368,37274888400,rp2040_timer0,100010020,R,h1_ocxo_open_loop,16
CNT,1,2165,2,37290872368,37450888416,rp2040_timer0,100010030,R,h1_ocxo_open_loop,16
CNT,1,2166,2,37466872368,37626888352,rp2040_timer0,100009990,R,h1_ocxo_open_loop,16
CNT,1,2167,2,37642872336,37802888352,rp2040_timer0,100010010,R,h1_ocxo_open_loop,16
CNT,1,2168,2,37818872320,37978888400,rp2040_timer0,100010050,R,h1_ocxo_open_loop,16
CNT,1,2169,2,37994872336,38154888368,rp2040_timer0,100010020,R,h1_ocxo_open_loop,16
CNT,1,2170,2,38170872400,38330888368,rp2040_timer0,100009980,R,h1_ocxo_open_loop,16
CNT,1,2171,2,38346872400,38506888384,rp2040_timer0,100009990,R,h1_ocxo_open_loop,16
CNT,1,2172,2,38522872336,38682888432,rp2040_timer0,100010060,R,h1_ocxo_open_loop,16
CNT,1,2173,2,38698872400,38858888416,rp2040_timer0,100010010,R,h1_ocxo_open_loop,16
CNT,1,2174,2,38874872320,39034888400,rp2040_timer0,100010050,R,h1_ocxo_open_loop,16
CNT,1,2175,2,39050872368,39210888368,rp2040_timer0,100010000,R,h1_ocxo_open_loop,16
CNT,1,2176,2,39226872368,39386888384,rp2040_timer0,100010010,R,h1_ocxo_open_loop,16
CNT,1,2177,2,39402872352,39562888432,rp2040_timer0,100010050,R,h1_ocxo_open_loop,16
CNT,1,2178,2,39578872400,39738888416,rp2040_timer0,100010010,R,h1_ocxo_open_loop,16
CNT,1,2179,2,39754872384,39914888384,rp2040_timer0,100010000,R,h1_ocxo_open_loop,16
CNT,1,2180,2,39930872368,40090888384,rp2040_timer0,100010010,R,h1_ocxo_open_loop,16
CNT,1,2181,2,40106872320,40266888384,rp2040_timer0,100010040,R,h1_ocxo_open_loop,16
CNT,1,2182,2,40282872320,40442888384,rp2040_timer0,100010040,R,h1_ocxo_open_loop,16
CNT,1,2183,2,40458872400,40618888400,rp2040_timer0,100010000,R,h1_ocxo_open_loop,16
CNT,1,2184,2,40634872336,40794888400,rp2040_timer0,100010040,R,h1_ocxo_open_loop,16
CNT,1,2185,2,40810872320,40970888400,rp2040_timer0,100010050,R,h1_ocxo_open_loop,16
CNT,1,2186,2,40986872400,41146888368,rp2040_timer0,100009980,R,h1_ocxo_open_loop,16
CNT,1,2187,2,41162872352,41322888368,rp2040_timer0,100010010,R,h1_ocxo_open_loop,16
CNT,1,2188,2,41338872336,41498888400,rp2040_timer0,100010040,R,h1_ocxo_open_loop,16
CNT,1,2189,2,41514872352,41674888352,rp2040_timer0,100010000,R,h1_ocxo_open_loop,16
CNT,1,2190,2,41690872320,41850888400,rp2040_timer0,100010050,R,h1_ocxo_open_loop,16
CNT,1,2191,2,41866872352,42026888432,rp2040_timer0,100010050,R,h1_ocxo_open_loop,16
CNT,1,2192,2,42042872368,42202888416,rp2040_timer0,100010030,R,h1_ocxo_open_loop,16
CNT,1,2193,2,42218872384,42378888432,rp2040_timer0,100010030,R,h1_ocxo_open_loop,16
CNT,1,2194,2,42394872352,42554888400,rp2040_timer0,100010030,R,h1_ocxo_open_loop,16
CNT,1,2195,2,42570872336,42730888432,rp2040_timer0,100010060,R,h1_ocxo_open_loop,16
CNT,1,2196,2,42746872384,42906888368,rp2040_timer0,100009990,R,h1_ocxo_open_loop,16
CNT,1,2197,2,42922872320,43082888384,rp2040_timer0,100010040,R,h1_ocxo_open_loop,16
CNT,1,2198,2,43098872352,43258888416,rp2040_timer0,100010040,R,h1_ocxo_open_loop,16
CNT,1,2199,2,43274872352,43434888400,rp2040_timer0,100010030,R,h1_ocxo_open_loop,16
CNT,1,2200,2,43450872368,43610888384,rp2040_timer0,100010010,R,h1_ocxo_open_loop,16
CNT,1,2201,2,43626872384,43786888368,rp2040_timer0,100009990,R,h1_ocxo_open_loop,16
CNT,1,2202,2,43802872336,43962888400,rp2040_timer0,100010040,R,h1_ocxo_open_loop,16
CNT,1,2203,2,43978872320,44138888400,rp2040_timer0,100010050,R,h1_ocxo_open_loop,16
CNT,1,2204,2,44154872336,44314888416,rp2040_timer0,100010050,R,h1_ocxo_open_loop,16
CNT,1,2205,2,44330872352,44490888400,rp2040_timer0,100010030,R,h1_ocxo_open_loop,16
CNT,1,2206,2,44506872384,44666888416,rp2040_timer0,100010020,R,h1_ocxo_open_loop,16
CNT,1,2207,2,44682872352,44842888432,rp2040_timer0,100010050,R,h1_ocxo_open_loop,16
CNT,1,2208,2,44858872352,45018888432,rp2040_timer0,100010050,R,h1_ocxo_open_loop,16
CNT,1,2209,2,45034872336,45194888400,rp2040_timer0,100010040,R,h1_ocxo_open_loop,16
CNT,1,2210,2,45210872384,45370888432,rp2040_timer0,100010030,R,h1_ocxo_open_loop,16
CNT,1,2211,2,45386872352,45546888416,rp2040_timer0,100010040,R,h1_ocxo_open_loop,16
CNT,1,2212,2,45562872320,45722888400,rp2040_timer0,100010050,R,h1_ocxo_open_loop,16
CNT,1,2213,2,45738872368,45898888416,rp2040_timer0,100010030,R,h1_ocxo_open_loop,16
CNT,1,2214,2,45914872384,46074888368,rp2040_timer0,100009990,R,h1_ocxo_open_loop,16
CNT,1,2215,2,46090872384,46250888368,rp2040_timer0,100009990,R,h1_ocxo_open_loop,16
CNT,1,2216,2,46266872336,46426888416,rp2040_timer0,100010050,R,h1_ocxo_open_loop,16
CNT,1,2217,2,46442872368,46602888416,rp2040_timer0,100010030,R,h1_ocxo_open_loop,16
CNT,1,2218,2,46618872320,46778888384,rp2040_timer0,100010040,R,h1_ocxo_open_loop,16
CNT,1,2219,2,46794872368,46954888384,rp2040_timer0,100010010,R,h1_ocxo_open_loop,16
CNT,1,2220,2,46970872368,47130888368,rp2040_timer0,100010000,R,h1_ocxo_open_loop,16
CNT,1,2221,2,47146872368,47306888400,rp2040_timer0,100010020,R,h1_ocxo_open_loop,16
CNT,1,2222,2,47322872384,47482888432,rp2040_timer0,100010030,R,h1_ocxo_open_loop,16
CNT,1,2223,2,47498872336,47658888416,rp2040_timer0,100010050,R,h1_ocxo_open_loop,16
CNT,1,2224,2,47674872384,47834888368,rp2040_timer0,100009990,R,h1_ocxo_open_loop,16
CNT,1,2225,2,47850872336,48010888368,rp2040_timer0,100010020,R,h1_ocxo_open_loop,16
CNT,1,2226,2,48026872336,48186888384,rp2040_timer0,100010030,R,h1_ocxo_open_loop,16
CNT,1,2227,2,48202872336,48362888432,rp2040_timer0,100010060,R,h1_ocxo_open_loop,16
CNT,1,2228,2,48378872400,48538888400,rp2040_timer0,100010000,R,h1_ocxo_open_loop,16
CNT,1,2229,2,48554872336,48714888384,rp2040_timer0,100010030,R,h1_ocxo_open_loop,16
CNT,1,2230,2,48730872336,48890888416,rp2040_timer0,100010050,R,h1_ocxo_open_loop,16
CNT,1,2231,2,48906872352,49066888384,rp2040_timer0,100010020,R,h1_ocxo_open_loop,16
CNT,1,2232,2,49082872336,49242888368,rp2040_timer0,100010020,R,h1_ocxo_open_loop,16
CNT,1,2233,2,49258872384,49418888368,rp2040_timer0,100009990,R,h1_ocxo_open_loop,16
CNT,1,2234,2,49434872384,49594888368,rp2040_timer0,100009990,R,h1_ocxo_open_loop,16
CNT,1,2235,2,49610872320,49770888416,rp2040_timer0,100010060,R,h1_ocxo_open_loop,16
CNT,1,2236,2,49786872352,49946888368,rp2040_timer0,100010010,R,h1_ocxo_open_loop,16
CNT,1,2237,2,49962872400,50122888368,rp2040_timer0,100009980,R,h1_ocxo_open_loop,16
CNT,1,2238,2,50138872368,50298888432,rp2040_timer0,100010040,R,h1_ocxo_open_loop,16
CNT,1,2239,2,50314872384,50474888368,rp2040_timer0,100009990,R,h1_ocxo_open_loop,16
CNT,1,2240,2,50490872384,50650888368,rp2040_timer0,100009990,R,h1_ocxo_open_loop,16
CNT,1,2241,2,50666872336,50826888432,rp2040_timer0,100010060,R,h1_ocxo_open_loop,16
CNT,1,2242,2,50842872336,51002888384,rp2040_timer0,100010030,R,h1_ocxo_open_loop,16
CNT,1,2243,2,51018872368,51178888384,rp2040_timer0,100010010,R,h1_ocxo_open_loop,16
CNT,1,2244,2,51194872320,51354888400,rp2040_timer0,100010050,R,h1_ocxo_open_loop,16
CNT,1,2245,2,51370872336,51530888400,rp2040_timer0,100010040,R,h1_ocxo_open_loop,16
CNT,1,2246,2,51546872400,51706888400,rp2040_timer0,100010000,R,h1_ocxo_open_loop,16
CNT,1,2247,2,51722872384,51882888400,rp2040_timer0,100010010,R,h1_ocxo_open_loop,16
CNT,1,2248,2,51898872368,52058888384,rp2040_timer0,100010010,R,h1_ocxo_open_loop,16
CNT,1,2249,2,52074872320,52234888352,rp2040_timer0,100010020,R,h1_ocxo_open_loop,16
CNT,1,2250,2,52250872400,52410888432,rp2040_timer0,100010020,R,h1_ocxo_open_loop,16
CNT,1,2251,2,52426872400,52586888400,rp2040_timer0,100010000,R,h1_ocxo_open_loop,16
CNT,1,2252,2,52602872400,52762888400,rp2040_timer0,100010000,R,h1_ocxo_open_loop,16
CNT,1,2253,2,52778872384,52938888384,rp2040_timer0,100010000,R,h1_ocxo_open_loop,16
CNT,1,2254,2,52954872368,53114888368,rp2040_timer0,100010000,R,h1_ocxo_open_loop,16
CNT,1,2255,2,53130872352,53290888384,rp2040_timer0,100010020,R,h1_ocxo_open_loop,16
CNT,1,2256,2,53306872336,53466888384,rp2040_timer0,100010030,R,h1_ocxo_open_loop,16
CNT,1,2257,2,53482872336,53642888384,rp2040_timer0,100010030,R,h1_ocxo_open_loop,16
CNT,1,2258,2,53658872384,53818888432,rp2040_timer0,100010030,R,h1_ocxo_open_loop,16
CNT,1,2259,2,53834872400,53994888416,rp2040_timer0,100010010,R,h1_ocxo_open_loop,16
CNT,1,2260,2,54010872416,54170888368,rp2040_timer0,100009970,R,h1_ocxo_open_loop,16
CNT,1,2261,2,54186872384,54346888400,rp2040_timer0,100010010,R,h1_ocxo_open_loop,16
CNT,1,2262,2,54362872368,54522888416,rp2040_timer0,100010030,R,h1_ocxo_open_loop,16
CNT,1,2263,2,54538872352,54698888384,rp2040_timer0,100010020,R,h1_ocxo_open_loop,16
CNT,1,2264,2,54714872400,54874888384,rp2040_timer0,100009990,R,h1_ocxo_open_loop,16
CNT,1,2265,2,54890872384,55050888416,rp2040_timer0,100010020,R,h1_ocxo_open_loop,16
CNT,1,2266,2,55066872368,55226888400,rp2040_timer0,100010020,R,h1_ocxo_open_loop,16
CNT,1,2267,2,55242872384,55402888400,rp2040_timer0,100010010,R,h1_ocxo_open_loop,16
CNT,1,2268,2,55418872336,55578888368,rp2040_timer0,100010020,R,h1_ocxo_open_loop,16
CNT,1,2269,2,55594872368,55754888384,rp2040_timer0,100010010,R,h1_ocxo_open_loop,16
CNT,1,2270,2,55770872336,55930888368,rp2040_timer0,100010020,R,h1_ocxo_open_loop,16
CNT,1,2271,2,55946872336,56106888432,rp2040_timer0,100010060,R,h1_ocxo_open_loop,16
CNT,1,2272,2,56122872384,56282888416,rp2040_timer0,100010020,R,h1_ocxo_open_loop,16
CNT,1,2273,2,56298872368,56458888432,rp2040_timer0,100010040,R,h1_ocxo_open_loop,16
CNT,1,2274,2,56474872336,56634888432,rp2040_timer0,100010060,R,h1_ocxo_open_loop,16
CNT,1,2275,2,56650872368,56810888416,rp2040_timer0,100010030,R,h1_ocxo_open_loop,16
CNT,1,2276,2,56826872336,56986888432,rp2040_timer0,100010060,R,h1_ocxo_open_loop,16
CNT,1,2277,2,57002872368,57162888384,rp2040_timer0,100010010,R,h1_ocxo_open_loop,16
CNT,1,2278,2,57178872400,57338888432,rp2040_timer0,100010020,R,h1_ocxo_open_loop,16
CNT,1,2279,2,57354872352,57514888384,rp2040_timer0,100010020,R,h1_ocxo_open_loop,16
CNT,1,2280,2,57530872320,57690888384,rp2040_timer0,100010040,R,h1_ocxo_open_loop,16
CNT,1,2281,2,57706872352,57866888384,rp2040_timer0,100010020,R,h1_ocxo_open_loop,16
CNT,1,2282,2,57882872400,58042888352,rp2040_timer0,100009970,R,h1_ocxo_open_loop,16
CNT,1,2283,2,58058872384,58218888368,rp2040_timer0,100009990,R,h1_ocxo_open_loop,16
CNT,1,2284,2,58234872336,58394888416,rp2040_timer0,100010050,R,h1_ocxo_open_loop,16
CNT,1,2285,2,58410872384,58570888368,rp2040_timer0,100009990,R,h1_ocxo_open_loop,16
CNT,1,2286,2,58586872320,58746888432,rp2040_timer0,100010070,R,h1_ocxo_open_loop,16
CNT,1,2287,2,58762872336,58922888400,rp2040_timer0,100010040,R,h1_ocxo_open_loop,16
CNT,1,2288,2,58938872368,59098888416,rp2040_timer0,100010030,R,h1_ocxo_open_loop,16
CNT,1,2289,2,59114872336,59274888368,rp2040_timer0,100010020,R,h1_ocxo_open_loop,16
CNT,1,2290,2,59290872336,59450888384,rp2040_timer0,100010030,R,h1_ocxo_open_loop,16
CNT,1,2291,2,59466872352,59626888416,rp2040_timer0,100010040,R,h1_ocxo_open_loop,16
CNT,1,2292,2,59642872384,59802888384,rp2040_timer0,100010000,R,h1_ocxo_open_loop,16
CNT,1,2293,2,59818872384,59978888384,rp2040_timer0,100010000,R,h1_ocxo_open_loop,16
CNT,1,2294,2,59994872400,60154888384,rp2040_timer0,100009990,R,h1_ocxo_open_loop,16
CNT,1,2295,2,60170872384,60330888368,rp2040_timer0,100009990,R,h1_ocxo_open_loop,16
CNT,1,2296,2,60346872384,60506888384,rp2040_timer0,100010000,R,h1_ocxo_open_loop,16
CNT,1,2297,2,60522872352,60682888416,rp2040_timer0,100010040,R,h1_ocxo_open_loop,16
CNT,1,2298,2,60698872368,60858888416,rp2040_timer0,100010030,R,h1_ocxo_open_loop,16
CNT,1,2299,2,60874872400,61034888416,rp2040_timer0,100010010,R,h1_ocxo_open_loop,16
CNT,1,2300,2,61050872352,61210888432,rp2040_timer0,100010050,R,h1_ocxo_open_loop,16
CNT,1,2301,2,61226872368,61386888352,rp2040_timer0,100009990,R,h1_ocxo_open_loop,16
CNT,1,2302,2,61402872320,61562888368,rp2040_timer0,100010030,R,h1_ocxo_open_loop,16
CNT,1,2303,2,61578872368,61738888400,rp2040_timer0,100010020,R,h1_ocxo_open_loop,16
CNT,1,2304,2,61754872352,61914888416,rp2040_timer0,100010040,R,h1_ocxo_open_loop,16
CNT,1,2305,2,61930872336,62090888400,rp2040_timer0,100010040,R,h1_ocxo_open_loop,16
CNT,1,2306,2,62106872336,62266888400,rp2040_timer0,100010040,R,h1_ocxo_open_loop,16
CNT,1,2307,2,62282872368,62442888416,rp2040_timer0,100010030,R,h1_ocxo_open_loop,16
CNT,1,2308,2,62458872336,62618888368,rp2040_timer0,100010020,R,h1_ocxo_open_loop,16
CNT,1,2309,2,62634872320,62794888368,rp2040_timer0,100010030,R,h1_ocxo_open_loop,16
CNT,1,2310,2,62810872336,62970888432,rp2040_timer0,100010060,R,h1_ocxo_open_loop,16
CNT,1,2311,2,62986872336,63146888400,rp2040_timer0,100010040,R,h1_ocxo_open_loop,16
CNT,1,2312,2,63162872368,63322888384,rp2040_timer0,100010010,R,h1_ocxo_open_loop,16
CNT,1,2313,2,63338872400,63498888432,rp2040_timer0,100010020,R,h1_ocxo_open_loop,16
CNT,1,2314,2,63514872368,63674888416,rp2040_timer0,100010030,R,h1_ocxo_open_loop,16
CNT,1,2315,2,63690872400,63850888368,rp2040_timer0,100009980,R,h1_ocxo_open_loop,16
CNT,1,2316,2,63866872400,64026888368,rp2040_timer0,100009980,R,h1_ocxo_open_loop,16
CNT,1,2317,2,64042872352,64202888416,rp2040_timer0,100010040,R,h1_ocxo_open_loop,16
CNT,1,2318,2,64218872384,64378888432,rp2040_timer0,100010030,R,h1_ocxo_open_loop,16
CNT,1,2319,2,64394872400,64554888416,rp2040_timer0,100010010,R,h1_ocxo_open_loop,16
CNT,1,2320,2,64570872352,64730888384,rp2040_timer0,100010020,R,h1_ocxo_open_loop,16
CNT,1,2321,2,64746872320,64906888368,rp2040_timer0,100010030,R,h1_ocxo_open_loop,16
CNT,1,2322,2,64922872384,65082888368,rp2040_timer0,100009990,R,h1_ocxo_open_loop,16
CNT,1,2323,2,65098872400,65258888368,rp2040_timer0,100009980,R,h1_ocxo_open_loop,16
CNT,1,2324,2,65274872368,65434888384,rp2040_timer0,100010010,R,h1_ocxo_open_loop,16
CNT,1,2325,2,65450872368,65610888416,rp2040_timer0,100010030,R,h1_ocxo_open_loop,16
CNT,1,2326,2,65626872352,65786888384,rp2040_timer0,100010020,R,h1_ocxo_open_loop,16
CNT,1,2327,2,65802872384,65962888400,rp2040_timer0,100010010,R,h1_ocxo_open_loop,16
CNT,1,2328,2,65978872336,66138888384,rp2040_timer0,100010030,R,h1_ocxo_open_loop,16
CNT,1,2329,2,66154872352,66314888432,rp2040_timer0,100010050,R,h1_ocxo_open_loop,16
CNT,1,2330,2,66330872384,66490888432,rp2040_timer0,100010030,R,h1_ocxo_open_loop,16
CNT,1,2331,2,66506872352,66666888400,rp2040_timer0,100010030,R,h1_ocxo_open_loop,16
CNT,1,2332,2,66682872400,66842888416,rp2040_timer0,100010010,R,h1_ocxo_open_loop,16
CNT,1,2333,2,66858872400,67018888432,rp2040_timer0,100010020,R,h1_ocxo_open_loop,16
CNT,1,2334,2,67034872384,67194888384,rp2040_timer0,100010000,R,h1_ocxo_open_loop,16
CNT,1,2335,2,67210872352,67370888432,rp2040_timer0,100010050,R,h1_ocxo_open_loop,16
CNT,1,2336,2,67386872336,67546888416,rp2040_timer0,100010050,R,h1_ocxo_open_loop,16
CNT,1,2337,2,67562872384,67722888352,rp2040_timer0,100009980,R,h1_ocxo_open_loop,16
CNT,1,2338,2,67738872384,67898888368,rp2040_timer0,100009990,R,h1_ocxo_open_loop,16
CNT,1,2339,2,67914872400,68074888432,rp2040_timer0,100010020,R,h1_ocxo_open_loop,16
CNT,1,2340,2,68090872384,68250888416,rp2040_timer0,100010020,R,h1_ocxo_open_loop,16
CNT,1,2341,2,68266872384,68426888384,rp2040_timer0,100010000,R,h1_ocxo_open_loop,16
CNT,1,2342,2,68442872352,68602888368,rp2040_timer0,100010010,R,h1_ocxo_open_loop,16
CNT,1,2343,2,68618872368,68778888368,rp2040_timer0,100010000,R,h1_ocxo_open_loop,16
CNT,1,2344,2,75395648,235411648,rp2040_timer0,100010000,R,h1_ocxo_open_loop,16
CNT,1,2345,2,251395664,411411680,rp2040_timer0,100010010,R,h1_ocxo_open_loop,16
CNT,1,2346,2,427395600,587411648,rp2040_timer0,100010030,R,h1_ocxo_open_loop,16
CNT,1,2347,2,603395648,763411664,rp2040_timer0,100010010,R,h1_ocxo_open_loop,16
CNT,1,2348,2,779395616,939411680,rp2040_timer0,100010040,R,h1_ocxo_open_loop,16
CNT,1,2349,2,955395648,1115411632,rp2040_timer0,100009990,R,h1_ocxo_open_loop,16
CNT,1,2350,2,1131395648,1291411632,rp2040_timer0,100009990,R,h1_ocxo_open_loop,16
CNT,1,2351,2,1307395664,1467411648,rp2040_timer0,100009990,R,h1_ocxo_open_loop,16
CNT,1,2352,2,1483395648,1643411696,rp2040_timer0,100010030,R,h1_ocxo_open_loop,16
CNT,1,2353,2,1659395584,1819411696,rp2040_timer0,100010070,R,h1_ocxo_open_loop,16
CNT,1,2354,2,1835395584,1995411664,rp2040_timer0,100010050,R,h1_ocxo_open_loop,16
CNT,1,2355,2,2011395664,2171411648,rp2040_timer0,100009990,R,h1_ocxo_open_loop,16
CNT,1,2356,2,2187395600,2347411680,rp2040_timer0,100010050,R,h1_ocxo_open_loop,16
CNT,1,2357,2,2363395648,2523411632,rp2040_timer0,100009990,R,h1_ocxo_open_loop,16
CNT,1,2358,2,2539395632,2699411680,rp2040_timer0,100010030,R,h1_ocxo_open_loop,16
CNT,1,2359,2,2715395648,2875411680,rp2040_timer0,100010020,R,h1_ocxo_open_loop,16
CNT,1,2360,2,2891395632,3051411648,rp2040_timer0,100010010,R,h1_ocxo_open_loop,16
CNT,1,2361,2,3067395600,3227411632,rp2040_timer0,100010020,R,h1_ocxo_open_loop,16
CNT,1,2362,2,3243395632,3403411696,rp2040_timer0,100010040,R,h1_ocxo_open_loop,16
CNT,1,2363,2,3419395648,3579411696,rp2040_timer0,100010030,R,h1_ocxo_open_loop,16
CNT,1,2364,2,3595395648,3755411696,rp2040_timer0,100010030,R,h1_ocxo_open_loop,16
CNT,1,2365,2,3771395616,3931411664,rp2040_timer0,100010030,R,h1_ocxo_open_loop,16
CNT,1,2366,2,3947395648,4107411696,rp2040_timer0,100010030,R,h1_ocxo_open_loop,16
CNT,1,2367,2,4123395664,4283411696,rp2040_timer0,100010020,R,h1_ocxo_open_loop,16
CNT,1,2368,2,4299395632,4459411664,rp2040_timer0,100010020,R,h1_ocxo_open_loop,16
CNT,1,2369,2,4475395664,4635411696,rp2040_timer0,100010020,R,h1_ocxo_open_loop,16
CNT,1,2370,2,4651395584,4811411632,rp2040_timer0,100010030,R,h1_ocxo_open_loop,16
CNT,1,2371,2,4827395600,4987411696,rp2040_timer0,100010060,R,h1_ocxo_open_loop,16
CNT,1,2372,2,5003395600,5163411616,rp2040_timer0,100010010,R,h1_ocxo_open_loop,16
CNT,1,2373,2,5179395664,5339411632,rp2040_timer0,100009980,R,h1_ocxo_open_loop,16
CNT,1,2374,2,5355395648,5515411696,rp2040_timer0,100010030,R,h1_ocxo_open_loop,16
CNT,1,2375,2,5531395600,5691411648,rp2040_timer0,100010030,R,h1_ocxo_open_loop,16
CNT,1,2376,2,5707395584,5867411680,rp2040_timer0,100010060,R,h1_ocxo_open_loop,16
CNT,1,2377,2,5883395648,6043411696,rp2040_timer0,100010030,R,h1_ocxo_open_loop,16
CNT,1,2378,2,6059395632,6219411680,rp2040_timer0,100010030,R,h1_ocxo_open_loop,16
CNT,1,2379,2,6235395632,6395411680,rp2040_timer0,100010030,R,h1_ocxo_open_loop,16
CNT,1,2380,2,6411395600,6571411696,rp2040_timer0,100010060,R,h1_ocxo_open_loop,16
CNT,1,2381,2,6587395616,6747411648,rp2040_timer0,100010020,R,h1_ocxo_open_loop,16
CNT,1,2382,2,6763395584,6923411632,rp2040_timer0,100010030,R,h1_ocxo_open_loop,16
CNT,1,2383,2,6939395600,7099411616,rp2040_timer0,100010010,R,h1_ocxo_open_loop,16
CNT,1,2384,2,7115395616,7275411632,rp2040_timer0,100010010,R,h1_ocxo_open_loop,16
CNT,1,2385,2,7291395648,7451411664,rp2040_timer0,100010010,R,h1_ocxo_open_loop,16
CNT,1,2386,2,7467395632,7627411680,rp2040_timer0,100010030,R,h1_ocxo_open_loop,16
CNT,1,2387,2,7643395632,7803411680,rp2040_timer0,100010030,R,h1_ocxo_open_loop,16
CNT,1,2388,2,7819395632,7979411696,rp2040_timer0,100010040,R,h1_ocxo_open_loop,16
CNT,1,2389,2,7995395584,8155411648,rp2040_timer0,100010040,R,h1_ocxo_open_loop,16
CNT,1,2390,2,8171395664,8331411696,rp2040_timer0,100010020,R,h1_ocxo_open_loop,16
CNT,1,2391,2,8347395616,8507411632,rp2040_timer0,100010010,R,h1_ocxo_open_loop,16
CNT,1,2392,2,8523395616,8683411664,rp2040_timer0,100010030,R,h1_ocxo_open_loop,16
CNT,1,2393,2,8699395616,8859411632,rp2040_timer0,100010010,R,h1_ocxo_open_loop,16
CNT,1,2394,2,8875395648,9035411648,rp2040_timer0,100010000,R,h1_ocxo_open_loop,16
CNT,1,2395,2,9051395632,9211411632,rp2040_timer0,100010000,R,h1_ocxo_open_loop,16
CNT,1,2396,2,9227395664,9387411664,rp2040_timer0,100010000,R,h1_ocxo_open_loop,16
CNT,1,2397,2,9403395648,9563411632,rp2040_timer0,100009990,R,h1_ocxo_open_loop,16
CNT,1,2398,2,9579395648,9739411632,rp2040_timer0,100009990,R,h1_ocxo_open_loop,16
CNT,1,2399,2,9755395648,9915411664,rp2040_timer0,100010010,R,h1_ocxo_open_loop,16
CNT,1,2400,2,9931395648,10091411680,rp2040_timer0,100010020,R,h1_ocxo_open_loop,16
CNT,1,2401,2,10107395648,10267411696,rp2040_timer0,100010030,R,h1_ocxo_open_loop,16
CNT,1,2402,2,10283395632,10443411680,rp2040_timer0,100010030,R,h1_ocxo_open_loop,16
CNT,1,2403,2,10459395632,10619411664,rp2040_timer0,100010020,R,h1_ocxo_open_loop,16
CNT,1,2404,2,10635395648,10795411616,rp2040_timer0,100009980,R,h1_ocxo_open_loop,16
CNT,1,2405,2,10811395648,10971411648,rp2040_timer0,100010000,R,h1_ocxo_open_loop,16
CNT,1,2406,2,10987395600,11147411664,rp2040_timer0,100010040,R,h1_ocxo_open_loop,16
CNT,1,2407,2,11163395632,11323411680,rp2040_timer0,100010030,R,h1_ocxo_open_loop,16
CNT,1,2408,2,11339395664,11499411696,rp2040_timer0,100010020,R,h1_ocxo_open_loop,16
CNT,1,2409,2,11515395664,11675411648,rp2040_timer0,100009990,R,h1_ocxo_open_loop,16
CNT,1,2410,2,11691395648,11851411664,rp2040_timer0,100010010,R,h1_ocxo_open_loop,16
CNT,1,2411,2,11867395616,12027411680,rp2040_timer0,100010040,R,h1_ocxo_open_loop,16
CNT,1,2412,2,12043395584,12203411648,rp2040_timer0,100010040,R,h1_ocxo_open_loop,16
CNT,1,2413,2,12219395616,12379411696,rp2040_timer0,100010050,R,h1_ocxo_open_loop,16
CNT,1,2414,2,12395395648,12555411632,rp2040_timer0,100009990,R,h1_ocxo_open_loop,16
CNT,1,2415,2,12571395616,12731411648,rp2040_timer0,100010020,R,h1_ocxo_open_loop,16
CNT,1,2416,2,12747395584,12907411680,rp2040_timer0,100010060,R,h1_ocxo_open_loop,16
CNT,1,2417,2,12923395664,13083411696,rp2040_timer0,100010020,R,h1_ocxo_open_loop,16
CNT,1,2418,2,13099395616,13259411680,rp2040_timer0,100010040,R,h1_ocxo_open_loop,16
CNT,1,2419,2,13275395632,13435411664,rp2040_timer0,100010020,R,h1_ocxo_open_loop,16
CNT,1,2420,2,13451395664,13611411728,rp2040_timer0,100010040,R,h1_ocxo_open_loop,16
CNT,1,2421,2,13627395600,13787411680,rp2040_timer0,100010050,R,h1_ocxo_open_loop,16
CNT,1,2422,2,13803395584,13963411632,rp2040_timer0,100010030,R,h1_ocxo_open_loop,16
CNT,1,2423,2,13979395632,14139411680,rp2040_timer0,100010030,R,h1_ocxo_open_loop,16
CNT,1,2424,2,14155395616,14315411648,rp2040_timer0,100010020,R,h1_ocxo_open_loop,16
CNT,1,2425,2,14331395632,14491411632,rp2040_timer0,100010000,R,h1_ocxo_open_loop,16
CNT,1,2426,2,14507395648,14667411632,rp2040_timer0,100009990,R,h1_ocxo_open_loop,16
CNT,1,2427,2,14683395616,14843411664,rp2040_timer0,100010030,R,h1_ocxo_open_loop,16
CNT,1,2428,2,14859395648,15019411632,rp2040_timer0,100009990,R,h1_ocxo_open_loop,16
CNT,1,2429,2,15035395616,15195411648,rp2040_timer0,100010020,R,h1_ocxo_open_loop,16
CNT,1,2430,2,15211395664,15371411648,rp2040_timer0,100009990,R,h1_ocxo_open_loop,16
CNT,1,2431,2,15387395600,15547411632,rp2040_timer0,100010020,R,h1_ocxo_open_loop,16
CNT,1,2432,2,15563395600,15723411632,rp2040_timer0,100010020,R,h1_ocxo_open_loop,16
CNT,1,2433,2,15739395616,15899411632,rp2040_timer0,100010010,R,h1_ocxo_open_loop,16
CNT,1,2434,2,15915395616,16075411680,rp2040_timer0,100010040,R,h1_ocxo_open_loop,16
CNT,1,2435,2,16091395600,16251411664,rp2040_timer0,100010040,R,h1_ocxo_open_loop,16
CNT,1,2436,2,16267395616,16427411664,rp2040_timer0,100010030,R,h1_ocxo_open_loop,16
CNT,1,2437,2,16443395664,16603411680,rp2040_timer0,100010010,R,h1_ocxo_open_loop,16
CNT,1,2438,2,16619395632,16779411648,rp2040_timer0,100010010,R,h1_ocxo_open_loop,16
CNT,1,2439,2,16795395600,16955411664,rp2040_timer0,100010040,R,h1_ocxo_open_loop,16
CNT,1,2440,2,16971395648,17131411696,rp2040_timer0,100010030,R,h1_ocxo_open_loop,16
CNT,1,2441,2,17147395632,17307411696,rp2040_timer0,100010040,R,h1_ocxo_open_loop,16
CNT,1,2442,2,17323395600,17483411680,rp2040_timer0,100010050,R,h1_ocxo_open_loop,16
CNT,1,2443,2,17499395632,17659411696,rp2040_timer0,100010040,R,h1_ocxo_open_loop,16
CNT,1,2444,2,17675395616,17835411664,rp2040_timer0,100010030,R,h1_ocxo_open_loop,16
CNT,1,2445,2,17851395648,18011411632,rp2040_timer0,100009990,R,h1_ocxo_open_loop,16
CNT,1,2446,2,18027395632,18187411680,rp2040_timer0,100010030,R,h1_ocxo_open_loop,16
CNT,1,2447,2,18203395632,18363411680,rp2040_timer0,100010030,R,h1_ocxo_open_loop,16
CNT,1,2448,2,18379395632,18539411664,rp2040_timer0,100010020,R,h1_ocxo_open_loop,16
CNT,1,2449,2,18555395616,18715411648,rp2040_timer0,100010020,R,h1_ocxo_open_loop,16
CNT,1,2450,2,18731395584,18891411632,rp2040_timer0,100010030,R,h1_ocxo_open_loop,16
CNT,1,2451,2,18907395600,19067411632,rp2040_timer0,100010020,R,h1_ocxo_open_loop,16
CNT,1,2452,2,19083395616,19243411680,rp2040_timer0,100010040,R,h1_ocxo_open_loop,16
CNT,1,2453,2,19259395600,19419411632,rp2040_timer0,100010020,R,h1_ocxo_open_loop,16
CNT,1,2454,2,19435395616,19595411648,rp2040_timer0,100010020,R,h1_ocxo_open_loop,16
CNT,1,2455,2,19611395632,19771411680,rp2040_timer0,100010030,R,h1_ocxo_open_loop,16
CNT,1,2456,2,19787395616,19947411648,rp2040_timer0,100010020,R,h1_ocxo_open_loop,16
CNT,1,2457,2,19963395648,20123411648,rp2040_timer0,100010000,R,h1_ocxo_open_loop,16
CNT,1,2458,2,20139395648,20299411632,rp2040_timer0,100009990,R,h1_ocxo_open_loop,16
CNT,1,2459,2,20315395632,20475411632,rp2040_timer0,100010000,R,h1_ocxo_open_loop,16
CNT,1,2460,2,20491395584,20651411632,rp2040_timer0,100010030,R,h1_ocxo_open_loop,16
CNT,1,2461,2,20667395600,20827411680,rp2040_timer0,100010050,R,h1_ocxo_open_loop,16
CNT,1,2462,2,20843395616,21003411632,rp2040_timer0,100010010,R,h1_ocxo_open_loop,16
CNT,1,2463,2,21019395600,21179411680,rp2040_timer0,100010050,R,h1_ocxo_open_loop,16
CNT,1,2464,2,21195395584,21355411632,rp2040_timer0,100010030,R,h1_ocxo_open_loop,16
CNT,1,2465,2,21371395664,21531411680,rp2040_timer0,100010010,R,h1_ocxo_open_loop,16
CNT,1,2466,2,21547395664,21707411696,rp2040_timer0,100010020,R,h1_ocxo_open_loop,16
CNT,1,2467,2,21723395600,21883411664,rp2040_timer0,100010040,R,h1_ocxo_open_loop,16
CNT,1,2468,2,21899395632,22059411648,rp2040_timer0,100010010,R,h1_ocxo_open_loop,16
CNT,1,2469,2,22075395632,22235411664,rp2040_timer0,100010020,R,h1_ocxo_open_loop,16
CNT,1,2470,2,22251395648,22411411696,rp2040_timer0,100010030,R,h1_ocxo_open_loop,16
CNT,1,2471,2,22427395648,22587411696,rp2040_timer0,100010030,R,h1_ocxo_open_loop,16
CNT,1,2472,2,22603395616,22763411664,rp2040_timer0,100010030,R,h1_ocxo_open_loop,16
CNT,1,2473,2,22779395664,22939411696,rp2040_timer0,100010020,R,h1_ocxo_open_loop,16
CNT,1,2474,2,22955395616,23115411680,rp2040_timer0,100010040,R,h1_ocxo_open_loop,16
CNT,1,2475,2,23131395648,23291411664,rp2040_timer0,100010010,R,h1_ocxo_open_loop,16
CNT,1,2476,2,23307395600,23467411680,rp2040_timer0,100010050,R,h1_ocxo_open_loop,16
CNT,1,2477,2,23483395600,23643411680,rp2040_timer0,100010050,R,h1_ocxo_open_loop,16
CNT,1,2478,2,23659395616,23819411632,rp2040_timer0,100010010,R,h1_ocxo_open_loop,16
CNT,1,2479,2,23835395616,23995411680,rp2040_timer0,100010040,R,h1_ocxo_open_loop,16
CNT,1,2480,2,24011395600,24171411696,rp2040_timer0,100010060,R,h1_ocxo_open_loop,16
CNT,1,2481,2,24187395584,24347411696,rp2040_timer0,100010070,R,h1_ocxo_open_loop,16
CNT,1,2482,2,24363395600,24523411648,rp2040_timer0,100010030,R,h1_ocxo_open_loop,16
CNT,1,2483,2,24539395632,24699411664,rp2040_timer0,100010020,R,h1_ocxo_open_loop,16
CNT,1,2484,2,24715395600,24875411632,rp2040_timer0,100010020,R,h1_ocxo_open_loop,16
CNT,1,2485,2,24891395648,25051411664,rp2040_timer0,100010010,R,h1_ocxo_open_loop,16
CNT,1,2486,2,25067395616,25227411680,rp2040_timer0,100010040,R,h1_ocxo_open_loop,16
CNT,1,2487,2,25243395600,25403411648,rp2040_timer0,100010030,R,h1_ocxo_open_loop,16
CNT,1,2488,2,25419395648,25579411648,rp2040_timer0,100010000,R,h1_ocxo_open_loop,16
CNT,1,2489,2,25595395632,25755411648,rp2040_timer0,100010010,R,h1_ocxo_open_loop,16
CNT,1,2490,2,25771395616,25931411632,rp2040_timer0,100010010,R,h1_ocxo_open_loop,16
CNT,1,2491,2,25947395584,26107411632,rp2040_timer0,100010030,R,h1_ocxo_open_loop,16
CNT,1,2492,2,26123395616,26283411632,rp2040_timer0,100010010,R,h1_ocxo_open_loop,16
CNT,1,2493,2,26299395632,26459411648,rp2040_timer0,100010010,R,h1_ocxo_open_loop,16
CNT,1,2494,2,26475395600,26635411648,rp2040_timer0,100010030,R,h1_ocxo_open_loop,16
CNT,1,2495,2,26651395648,26811411680,rp2040_timer0,100010020,R,h1_ocxo_open_loop,16
CNT,1,2496,2,26827395584,26987411680,rp2040_timer0,100010060,R,h1_ocxo_open_loop,16
CNT,1,2497,2,27003395616,27163411696,rp2040_timer0,100010050,R,h1_ocxo_open_loop,16
CNT,1,2498,2,27179395616,27339411616,rp2040_timer0,100010000,R,h1_ocxo_open_loop,16
CNT,1,2499,2,27355395648,27515411664,rp2040_timer0,100010010,R,h1_ocxo_open_loop,16
CNT,1,2500,2,27531395616,27691411632,rp2040_timer0,100010010,R,h1_ocxo_open_loop,16
CNT,1,2501,2,27707395648,27867411680,rp2040_timer0,100010020,R,h1_ocxo_open_loop,16
CNT,1,2502,2,27883395600,28043411616,rp2040_timer0,100010010,R,h1_ocxo_open_loop,16
CNT,1,2503,2,28059395632,28219411664,rp2040_timer0,100010020,R,h1_ocxo_open_loop,16
CNT,1,2504,2,28235395616,28395411632,rp2040_timer0,100010010,R,h1_ocxo_open_loop,16
CNT,1,2505,2,28411395632,28571411696,rp2040_timer0,100010040,R,h1_ocxo_open_loop,16
CNT,1,2506,2,28587395600,28747411680,rp2040_timer0,100010050,R,h1_ocxo_open_loop,16
CNT,1,2507,2,28763395664,28923411680,rp2040_timer0,100010010,R,h1_ocxo_open_loop,16
CNT,1,2508,2,28939395632,29099411680,rp2040_timer0,100010030,R,h1_ocxo_open_loop,16
CNT,1,2509,2,29115395632,29275411632,rp2040_timer0,100010000,R,h1_ocxo_open_loop,16
CNT,1,2510,2,29291395632,29451411632,rp2040_timer0,100010000,R,h1_ocxo_open_loop,16
CNT,1,2511,2,29467395600,29627411696,rp2040_timer0,100010060,R,h1_ocxo_open_loop,16
CNT,1,2512,2,29643395664,29803411648,rp2040_timer0,100009990,R,h1_ocxo_open_loop,16
CNT,1,2513,2,29819395632,29979411680,rp2040_timer0,100010030,R,h1_ocxo_open_loop,16
CNT,1,2514,2,29995395584,30155411680,rp2040_timer0,100010060,R,h1_ocxo_open_loop,16
CNT,1,2515,2,30171395616,30331411664,rp2040_timer0,100010030,R,h1_ocxo_open_loop,16
CNT,1,2516,2,30347395600,30507411696,rp2040_timer0,100010060,R,h1_ocxo_open_loop,16
CNT,1,2517,2,30523395600,30683411648,rp2040_timer0,100010030,R,h1_ocxo_open_loop,16
CNT,1,2518,2,30699395632,30859411632,rp2040_timer0,100010000,R,h1_ocxo_open_loop,16
CNT,1,2519,2,30875395584,31035411712,rp2040_timer0,100010080,R,h1_ocxo_open_loop,16
CNT,1,2520,2,31051395584,31211411648,rp2040_timer0,100010040,R,h1_ocxo_open_loop,16
CNT,1,2521,2,31227395632,31387411664,rp2040_timer0,100010020,R,h1_ocxo_open_loop,16
CNT,1,2522,2,31403395648,31563411664,rp2040_timer0,100010010,R,h1_ocxo_open_loop,16
CNT,1,2523,2,31579395632,31739411648,rp2040_timer0,100010010,R,h1_ocxo_open_loop,16
CNT,1,2524,2,31755395616,31915411680,rp2040_timer0,100010040,R,h1_ocxo_open_loop,16
CNT,1,2525,2,31931395600,32091411664,rp2040_timer0,100010040,R,h1_ocxo_open_loop,16
CNT,1,2526,2,32107395648,32267411632,rp2040_timer0,100009990,R,h1_ocxo_open_loop,16
CNT,1,2527,2,32283395616,32443411632,rp2040_timer0,100010010,R,h1_ocxo_open_loop,16
CNT,1,2528,2,32459395648,32619411648,rp2040_timer0,100010000,R,h1_ocxo_open_loop,16
CNT,1,2529,2,32635395632,32795411632,rp2040_timer0,100010000,R,h1_ocxo_open_loop,16
CNT,1,2530,2,32811395664,32971411664,rp2040_timer0,100010000,R,h1_ocxo_open_loop,16
CNT,1,2531,2,32987395600,33147411648,rp2040_timer0,100010030,R,h1_ocxo_open_loop,16
CNT,1,2532,2,33163395648,33323411664,rp2040_timer0,100010010,R,h1_ocxo_open_loop,16
CNT,1,2533,2,33339395616,33499411648,rp2040_timer0,100010020,R,h1_ocxo_open_loop,16
CNT,1,2534,2,33515395632,33675411664,rp2040_timer0,100010020,R,h1_ocxo_open_loop,16
CNT,1,2535,2,33691395632,33851411632,rp2040_timer0,100010000,R,h1_ocxo_open_loop,16
CNT,1,2536,2,33867395648,34027411664,rp2040_timer0,100010010,R,h1_ocxo_open_loop,16
CNT,1,2537,2,34043395616,34203411632,rp2040_timer0,100010010,R,h1_ocxo_open_loop,16
CNT,1,2538,2,34219395664,34379411696,rp2040_timer0,100010020,R,h1_ocxo_open_loop,16
CNT,1,2539,2,34395395648,34555411632,rp2040_timer0,100009990,R,h1_ocxo_open_loop,16
CNT,1,2540,2,34571395616,34731411648,rp2040_timer0,100010020,R,h1_ocxo_open_loop,16
CNT,1,2541,2,34747395632,34907411696,rp2040_timer0,100010040,R,h1_ocxo_open_loop,16
CNT,1,2542,2,34923395616,35083411648,rp2040_timer0,100010020,R,h1_ocxo_open_loop,16
CNT,1,2543,2,35099395600,35259411616,rp2040_timer0,100010010,R,h1_ocxo_open_loop,16
CNT,1,2544,2,35275395664,35435411680,rp2040_timer0,100010010,R,h1_ocxo_open_loop,16
CNT,1,2545,2,35451395632,35611411616,rp2040_timer0,100009990,R,h1_ocxo_open_loop,16
CNT,1,2546,2,35627395616,35787411680,rp2040_timer0,100010040,R,h1_ocxo_open_loop,16
CNT,1,2547,2,35803395632,35963411696,rp2040_timer0,100010040,R,h1_ocxo_open_loop,16
CNT,1,2548,2,35979395616,36139411648,rp2040_timer0,100010020,R,h1_ocxo_open_loop,16
CNT,1,2549,2,36155395632,36315411680,rp2040_timer0,100010030,R,h1_ocxo_open_loop,16
CNT,1,2550,2,36331395632,36491411680,rp2040_timer0,100010030,R,h1_ocxo_open_loop,16
CNT,1,2551,2,36507395584,36667411664,rp2040_timer0,100010050,R,h1_ocxo_open_loop,16
CNT,1,2552,2,36683395648,36843411664,rp2040_timer0,100010010,R,h1_ocxo_open_loop,16
CNT,1,2553,2,36859395648,37019411664,rp2040_timer0,100010010,R,h1_ocxo_open_loop,16
CNT,1,2554,2,37035395600,37195411632,rp2040_timer0,100010020,R,h1_ocxo_open_loop,16
CNT,1,2555,2,37211395664,37371411696,rp2040_timer0,100010020,R,h1_ocxo_open_loop,16
CNT,1,2556,2,37387395664,37547411632,rp2040_timer0,100009980,R,h1_ocxo_open_loop,16
CNT,1,2557,2,37563395696,37723411696,rp2040_timer0,100010000,R,h1_ocxo_open_loop,16
CNT,1,2558,2,37739395664,37899411632,rp2040_timer0,100009980,R,h1_ocxo_open_loop,16
CNT,1,2559,2,37915395632,38075411648,rp2040_timer0,100010010,R,h1_ocxo_open_loop,16
CNT,1,2560,2,38091395648,38251411632,rp2040_timer0,100009990,R,h1_ocxo_open_loop,16
CNT,1,2561,2,38267395632,38427411664,rp2040_timer0,100010020,R,h1_ocxo_open_loop,16
CNT,1,2562,2,38443395632,38603411664,rp2040_timer0,100010020,R,h1_ocxo_open_loop,16
CNT,1,2563,2,38619395632,38779411680,rp2040_timer0,100010030,R,h1_ocxo_open_loop,16
CNT,1,2564,2,38795395616,38955411680,rp2040_timer0,100010040,R,h1_ocxo_open_loop,16
CNT,1,2565,2,38971395648,39131411648,rp2040_timer0,100010000,R,h1_ocxo_open_loop,16
CNT,1,2566,2,39147395648,39307411632,rp2040_timer0,100009990,R,h1_ocxo_open_loop,16
CNT,1,2567,2,39323395632,39483411648,rp2040_timer0,100010010,R,h1_ocxo_open_loop,16
CNT,1,2568,2,39499395648,39659411632,rp2040_timer0,100009990,R,h1_ocxo_open_loop,16
CNT,1,2569,2,39675395616,39835411696,rp2040_timer0,100010050,R,h1_ocxo_open_loop,16
CNT,1,2570,2,39851395616,40011411664,rp2040_timer0,100010030,R,h1_ocxo_open_loop,16
CNT,1,2571,2,40027395616,40187411680,rp2040_timer0,100010040,R,h1_ocxo_open_loop,16
CNT,1,2572,2,40203395616,40363411680,rp2040_timer0,100010040,R,h1_ocxo_open_loop,16
CNT,1,2573,2,40379395616,40539411648,rp2040_timer0,100010020,R,h1_ocxo_open_loop,16
CNT,1,2574,2,40555395616,40715411664,rp2040_timer0,100010030,R,h1_ocxo_open_loop,16
CNT,1,2575,2,40731395664,40891411648,rp2040_timer0,100009990,R,h1_ocxo_open_loop,16
CNT,1,2576,2,40907395648,41067411664,rp2040_timer0,100010010,R,h1_ocxo_open_loop,16
CNT,1,2577,2,41083395648,41243411632,rp2040_timer0,100009990,R,h1_ocxo_open_loop,16
CNT,1,2578,2,41259395632,41419411664,rp2040_timer0,100010020,R,h1_ocxo_open_loop,16
CNT,1,2579,2,41435395648,41595411632,rp2040_timer0,100009990,R,h1_ocxo_open_loop,16
CNT,1,2580,2,41611395584,41771411648,rp2040_timer0,100010040,R,h1_ocxo_open_loop,16
CNT,1,2581,2,41787395600,41947411632,rp2040_timer0,100010020,R,h1_ocxo_open_loop,16
CNT,1,2582,2,41963395584,42123411696,rp2040_timer0,100010070,R,h1_ocxo_open_loop,16
CNT,1,2583,2,42139395632,42299411680,rp2040_timer0,100010030,R,h1_ocxo_open_loop,16
CNT,1,2584,2,42315395664,42475411648,rp2040_timer0,100009990,R,h1_ocxo_open_loop,16
CNT,1,2585,2,42491395600,42651411696,rp2040_timer0,100010060,R,h1_ocxo_open_loop,16
CNT,1,2586,2,42667395632,42827411632,rp2040_timer0,100010000,R,h1_ocxo_open_loop,16
CNT,1,2587,2,42843395632,43003411632,rp2040_timer0,100010000,R,h1_ocxo_open_loop,16
CNT,1,2588,2,43019395600,43179411648,rp2040_timer0,100010030,R,h1_ocxo_open_loop,16
CNT,1,2589,2,43195395616,43355411648,rp2040_timer0,100010020,R,h1_ocxo_open_loop,16
CNT,1,2590,2,43371395600,43531411680,rp2040_timer0,100010050,R,h1_ocxo_open_loop,16
CNT,1,2591,2,43547395600,43707411696,rp2040_timer0,100010060,R,h1_ocxo_open_loop,16
CNT,1,2592,2,43723395648,43883411632,rp2040_timer0,100009990,R,h1_ocxo_open_loop,16
CNT,1,2593,2,43899395616,44059411664,rp2040_timer0,100010030,R,h1_ocxo_open_loop,16
CNT,1,2594,2,44075395632,44235411648,rp2040_timer0,100010010,R,h1_ocxo_open_loop,16
CNT,1,2595,2,44251395648,44411411664,rp2040_timer0,100010010,R,h1_ocxo_open_loop,16
CNT,1,2596,2,44427395648,44587411664,rp2040_timer0,100010010,R,h1_ocxo_open_loop,16
CNT,1,2597,2,44603395648,44763411696,rp2040_timer0,100010030,R,h1_ocxo_open_loop,16
CNT,1,2598,2,44779395632,44939411648,rp2040_timer0,100010010,R,h1_ocxo_open_loop,16
CNT,1,2599,2,44955395648,45115411632,rp2040_timer0,100009990,R,h1_ocxo_open_loop,16
CNT,1,2600,2,45131395584,45291411616,rp2040_timer0,100010020,R,h1_ocxo_open_loop,16
CNT,1,2601,2,45307395616,45467411664,rp2040_timer0,100010030,R,h1_ocxo_open_loop,16
CNT,1,2602,2,45483395600,45643411632,rp2040_timer0,100010020,R,h1_ocxo_open_loop,16
CNT,1,2603,2,45659395616,45819411632,rp2040_timer0,100010010,R,h1_ocxo_open_loop,16
CNT,1,2604,2,45835395664,45995411648,rp2040_timer0,100009990,R,h1_ocxo_open_loop,16
CNT,1,2605,2,46011395632,46171411664,rp2040_timer0,100010020,R,h1_ocxo_open_loop,16
CNT,1,2606,2,46187395648,46347411696,rp2040_timer0,100010030,R,h1_ocxo_open_loop,16
CNT,1,2607,2,46363395584,46523411680,rp2040_timer0,100010060,R,h1_ocxo_open_loop,16
CNT,1,2608,2,46539395664,46699411648,rp2040_timer0,100009990,R,h1_ocxo_open_loop,16
CNT,1,2609,2,46715395664,46875411680,rp2040_timer0,100010010,R,h1_ocxo_open_loop,16
CNT,1,2610,2,46891395632,47051411648,rp2040_timer0,100010010,R,h1_ocxo_open_loop,16
CNT,1,2611,2,47067395584,47227411696,rp2040_timer0,100010070,R,h1_ocxo_open_loop,16
CNT,1,2612,2,47243395616,47403411632,rp2040_timer0,100010010,R,h1_ocxo_open_loop,16
CNT,1,2613,2,47419395632,47579411696,rp2040_timer0,100010040,R,h1_ocxo_open_loop,16
CNT,1,2614,2,47595395600,47755411616,rp2040_timer0,100010010,R,h1_ocxo_open_loop,16
CNT,1,2615,2,47771395600,47931411696,rp2040_timer0,100010060,R,h1_ocxo_open_loop,16
CNT,1,2616,2,47947395632,48107411664,rp2040_timer0,100010020,R,h1_ocxo_open_loop,16
CNT,1,2617,2,48123395616,48283411696,rp2040_timer0,100010050,R,h1_ocxo_open_loop,16
CNT,1,2618,2,48299395632,48459411680,rp2040_timer0,100010030,R,h1_ocxo_open_loop,16
CNT,1,2619,2,48475395616,48635411680,rp2040_timer0,100010040,R,h1_ocxo_open_loop,16
CNT,1,2620,2,48651395648,48811411632,rp2040_timer0,100009990,R,h1_ocxo_open_loop,16
CNT,1,2621,2,48827395632,48987411632,rp2040_timer0,100010000,R,h1_ocxo_open_loop,16
CNT,1,2622,2,49003395632,49163411696,rp2040_timer0,100010040,R,h1_ocxo_open_loop,16
CNT,1,2623,2,49179395664,49339411664,rp2040_timer0,100010000,R,h1_ocxo_open_loop,16
CNT,1,2624,2,49355395616,49515411680,rp2040_timer0,100010040,R,h1_ocxo_open_loop,16
CNT,1,2625,2,49531395632,49691411680,rp2040_timer0,100010030,R,h1_ocxo_open_loop,16
CNT,1,2626,2,49707395632,49867411648,rp2040_timer0,100010010,R,h1_ocxo_open_loop,16
CNT,1,2627,2,49883395648,50043411680,rp2040_timer0,100010020,R,h1_ocxo_open_loop,16
CNT,1,2628,2,50059395584,50219411632,rp2040_timer0,100010030,R,h1_ocxo_open_loop,16
CNT,1,2629,2,50235395584,50395411632,rp2040_timer0,100010030,R,h1_ocxo_open_loop,16
CNT,1,2630,2,50411395616,50571411696,rp2040_timer0,100010050,R,h1_ocxo_open_loop,16
CNT,1,2631,2,50587395584,50747411648,rp2040_timer0,100010040,R,h1_ocxo_open_loop,16
CNT,1,2632,2,50763395600,50923411680,rp2040_timer0,100010050,R,h1_ocxo_open_loop,16
CNT,1,2633,2,50939395648,51099411648,rp2040_timer0,100010000,R,h1_ocxo_open_loop,16
CNT,1,2634,2,51115395632,51275411648,rp2040_timer0,100010010,R,h1_ocxo_open_loop,16
CNT,1,2635,2,51291395648,51451411632,rp2040_timer0,100009990,R,h1_ocxo_open_loop,16
CNT,1,2636,2,51467395600,51627411648,rp2040_timer0,100010030,R,h1_ocxo_open_loop,16
CNT,1,2637,2,51643395632,51803411648,rp2040_timer0,100010010,R,h1_ocxo_open_loop,16
CNT,1,2638,2,51819395664,51979411680,rp2040_timer0,100010010,R,h1_ocxo_open_loop,16
CNT,1,2639,2,51995395616,52155411632,rp2040_timer0,100010010,R,h1_ocxo_open_loop,16
CNT,1,2640,2,52171395600,52331411680,rp2040_timer0,100010050,R,h1_ocxo_open_loop,16
CNT,1,2641,2,52347395664,52507411680,rp2040_timer0,100010010,R,h1_ocxo_open_loop,16
CNT,1,2642,2,52523395648,52683411696,rp2040_timer0,100010030,R,h1_ocxo_open_loop,16
CNT,1,2643,2,52699395600,52859411648,rp2040_timer0,100010030,R,h1_ocxo_open_loop,16
CNT,1,2644,2,52875395648,53035411696,rp2040_timer0,100010030,R,h1_ocxo_open_loop,16
CNT,1,2645,2,53051395664,53211411632,rp2040_timer0,100009980,R,h1_ocxo_open_loop,16
CNT,1,2646,2,53227395664,53387411632,rp2040_timer0,100009980,R,h1_ocxo_open_loop,16
CNT,1,2647,2,53403395664,53563411664,rp2040_timer0,100010000,R,h1_ocxo_open_loop,16
CNT,1,2648,2,53579395616,53739411664,rp2040_timer0,100010030,R,h1_ocxo_open_loop,16
CNT,1,2649,2,53755395600,53915411680,rp2040_timer0,100010050,R,h1_ocxo_open_loop,16
CNT,1,2650,2,53931395600,54091411696,rp2040_timer0,100010060,R,h1_ocxo_open_loop,16
CNT,1,2651,2,54107395648,54267411632,rp2040_timer0,100009990,R,h1_ocxo_open_loop,16
CNT,1,2652,2,54283395616,54443411632,rp2040_timer0,100010010,R,h1_ocxo_open_loop,16
CNT,1,2653,2,54459395632,54619411696,rp2040_timer0,100010040,R,h1_ocxo_open_loop,16
CNT,1,2654,2,54635395600,54795411680,rp2040_timer0,100010050,R,h1_ocxo_open_loop,16
CNT,1,2655,2,54811395600,54971411648,rp2040_timer0,100010030,R,h1_ocxo_open_loop,16
CNT,1,2656,2,54987395616,55147411648,rp2040_timer0,100010020,R,h1_ocxo_open_loop,16
CNT,1,2657,2,55163395584,55323411664,rp2040_timer0,100010050,R,h1_ocxo_open_loop,16
CNT,1,2658,2,55339395600,55499411648,rp2040_timer0,100010030,R,h1_ocxo_open_loop,16
CNT,1,2659,2,55515395584,55675411696,rp2040_timer0,100010070,R,h1_ocxo_open_loop,16
CNT,1,2660,2,55691395648,55851411648,rp2040_timer0,100010000,R,h1_ocxo_open_loop,16
CNT,1,2661,2,55867395664,56027411664,rp2040_timer0,100010000,R,h1_ocxo_open_loop,16
CNT,1,2662,2,56043395616,56203411696,rp2040_timer0,100010050,R,h1_ocxo_open_loop,16
CNT,1,2663,2,56219395584,56379411632,rp2040_timer0,100010030,R,h1_ocxo_open_loop,16
CNT,1,2664,2,56395395632,56555411664,rp2040_timer0,100010020,R,h1_ocxo_open_loop,16
CNT,1,2665,2,56571395600,56731411632,rp2040_timer0,100010020,R,h1_ocxo_open_loop,16
CNT,1,2666,2,56747395648,56907411648,rp2040_timer0,100010000,R,h1_ocxo_open_loop,16
CNT,1,2667,2,56923395648,57083411664,rp2040_timer0,100010010,R,h1_ocxo_open_loop,16
CNT,1,2668,2,57099395648,57259411680,rp2040_timer0,100010020,R,h1_ocxo_open_loop,16
CNT,1,2669,2,57275395616,57435411664,rp2040_timer0,100010030,R,h1_ocxo_open_loop,16
CNT,1,2670,2,57451395616,57611411680,rp2040_timer0,100010040,R,h1_ocxo_open_loop,16
CNT,1,2671,2,57627395584,57787411664,rp2040_timer0,100010050,R,h1_ocxo_open_loop,16
CNT,1,2672,2,57803395616,57963411680,rp2040_timer0,100010040,R,h1_ocxo_open_loop,16
CNT,1,2673,2,57979395600,58139411696,rp2040_timer0,100010060,R,h1_ocxo_open_loop,16
CNT,1,2674,2,58155395584,58315411648,rp2040_timer0,100010040,R,h1_ocxo_open_loop,16
CNT,1,2675,2,58331395648,58491411696,rp2040_timer0,100010030,R,h1_ocxo_open_loop,16
CNT,1,2676,2,58507395600,58667411696,rp2040_timer0,100010060,R,h1_ocxo_open_loop,16
CNT,1,2677,2,58683395632,58843411680,rp2040_timer0,100010030,R,h1_ocxo_open_loop,16
CNT,1,2678,2,58859395600,59019411664,rp2040_timer0,100010040,R,h1_ocxo_open_loop,16
CNT,1,2679,2,59035395648,59195411664,rp2040_timer0,100010010,R,h1_ocxo_open_loop,16
CNT,1,2680,2,59211395616,59371411632,rp2040_timer0,100010010,R,h1_ocxo_open_loop,16
CNT,1,2681,2,59387395616,59547411696,rp2040_timer0,100010050,R,h1_ocxo_open_loop,16
CNT,1,2682,2,59563395648,59723411664,rp2040_timer0,100010010,R,h1_ocxo_open_loop,16
CNT,1,2683,2,59739395664,59899411680,rp2040_timer0,100010010,R,h1_ocxo_open_loop,16
CNT,1,2684,2,59915395648,60075411632,rp2040_timer0,100009990,R,h1_ocxo_open_loop,16
CNT,1,2685,2,60091395648,60251411664,rp2040_timer0,100010010,R,h1_ocxo_open_loop,16
CNT,1,2686,2,60267395600,60427411696,rp2040_timer0,100010060,R,h1_ocxo_open_loop,16
CNT,1,2687,2,60443395600,60603411648,rp2040_timer0,100010030,R,h1_ocxo_open_loop,16
CNT,1,2688,2,60619395648,60779411696,rp2040_timer0,100010030,R,h1_ocxo_open_loop,16
CNT,1,2689,2,60795395616,60955411648,rp2040_timer0,100010020,R,h1_ocxo_open_loop,16
CNT,1,2690,2,60971395632,61131411648,rp2040_timer0,100010010,R,h1_ocxo_open_loop,16
CNT,1,2691,2,61147395648,61307411648,rp2040_timer0,100010000,R,h1_ocxo_open_loop,16
CNT,1,2692,2,61323395600,61483411680,rp2040_timer0,100010050,R,h1_ocxo_open_loop,16
CNT,1,2693,2,61499395616,61659411664,rp2040_timer0,100010030,R,h1_ocxo_open_loop,16
CNT,1,2694,2,61675395648,61835411744,rp2040_timer0,100010060,R,h1_ocxo_open_loop,16
CNT,1,2695,2,61851395616,62011411616,rp2040_timer0,100010000,R,h1_ocxo_open_loop,16
CNT,1,2696,2,62027395648,62187411680,rp2040_timer0,100010020,R,h1_ocxo_open_loop,16
CNT,1,2697,2,62203395648,62363411632,rp2040_timer0,100009990,R,h1_ocxo_open_loop,16
CNT,1,2698,2,62379395632,62539411648,rp2040_timer0,100010010,R,h1_ocxo_open_loop,16
CNT,1,2699,2,62555395664,62715411680,rp2040_timer0,100010010,R,h1_ocxo_open_loop,16
CNT,1,2700,2,62731395616,62891411616,rp2040_timer0,100010000,R,h1_ocxo_open_loop,16
CNT,1,2701,2,62907395648,63067411680,rp2040_timer0,100010020,R,h1_ocxo_open_loop,16
CNT,1,2702,2,63083395632,63243411648,rp2040_timer0,100010010,R,h1_ocxo_open_loop,16
CNT,1,2703,2,63259395616,63419411680,rp2040_timer0,100010040,R,h1_ocxo_open_loop,16
CNT,1,2704,2,63435395664,63595411680,rp2040_timer0,100010010,R,h1_ocxo_open_loop,16
CNT,1,2705,2,63611395600,63771411680,rp2040_timer0,100010050,R,h1_ocxo_open_loop,16
CNT,1,2706,2,63787395600,63947411664,rp2040_timer0,100010040,R,h1_ocxo_open_loop,16
CNT,1,2707,2,63963395632,64123411632,rp2040_timer0,100010000,R,h1_ocxo_open_loop,16
CNT,1,2708,2,64139395648,64299411632,rp2040_timer0,100009990,R,h1_ocxo_open_loop,16
CNT,1,2709,2,64315395600,64475411680,rp2040_timer0,100010050,R,h1_ocxo_open_loop,16
CNT,1,2710,2,64491395632,64651411664,rp2040_timer0,100010020,R,h1_ocxo_open_loop,16
CNT,1,2711,2,64667395600,64827411696,rp2040_timer0,100010060,R,h1_ocxo_open_loop,16
CNT,1,2712,2,64843395616,65003411696,rp2040_timer0,100010050,R,h1_ocxo_open_loop,16
CNT,1,2713,2,65019395600,65179411696,rp2040_timer0,100010060,R,h1_ocxo_open_loop,16
CNT,1,2714,2,65195395584,65355411648,rp2040_timer0,100010040,R,h1_ocxo_open_loop,16
CNT,1,2715,2,65371395648,65531411696,rp2040_timer0,100010030,R,h1_ocxo_open_loop,16
CNT,1,2716,2,65547395600,65707411632,rp2040_timer0,100010020,R,h1_ocxo_open_loop,16
CNT,1,2717,2,65723395600,65883411632,rp2040_timer0,100010020,R,h1_ocxo_open_loop,16
CNT,1,2718,2,65899395664,66059411664,rp2040_timer0,100010000,R,h1_ocxo_open_loop,16
CNT,1,2719,2,66075395648,66235411680,rp2040_timer0,100010020,R,h1_ocxo_open_loop,16
CNT,1,2720,2,66251395632,66411411632,rp2040_timer0,100010000,R,h1_ocxo_open_loop,16
CNT,1,2721,2,66427395648,66587411664,rp2040_timer0,100010010,R,h1_ocxo_open_loop,16
CNT,1,2722,2,66603395616,66763411648,rp2040_timer0,100010020,R,h1_ocxo_open_loop,16
CNT,1,2723,2,66779395664,66939411664,rp2040_timer0,100010000,R,h1_ocxo_open_loop,16
CNT,1,2724,2,66955395648,67115411664,rp2040_timer0,100010010,R,h1_ocxo_open_loop,16
CNT,1,2725,2,67131395648,67291411696,rp2040_timer0,100010030,R,h1_ocxo_open_loop,16
CNT,1,2726,2,67307395616,67467411680,rp2040_timer0,100010040,R,h1_ocxo_open_loop,16
CNT,1,2727,2,67483395664,67643411680,rp2040_timer0,100010010,R,h1_ocxo_open_loop,16
CNT,1,2728,2,67659395600,67819411664,rp2040_timer0,100010040,R,h1_ocxo_open_loop,16
CNT,1,2729,2,67835395600,67995411632,rp2040_timer0,100010020,R,h1_ocxo_open_loop,16
CNT,1,2730,2,68011395616,68171411696,rp2040_timer0,100010050,R,h1_ocxo_open_loop,16
CNT,1,2731,2,68187395616,68347411648,rp2040_timer0,100010020,R,h1_ocxo_open_loop,16
CNT,1,2732,2,68363395584,68523411680,rp2040_timer0,100010060,R,h1_ocxo_open_loop,16
CNT,1,2733,2,68539395616,68699411680,rp2040_timer0,100010040,R,h1_ocxo_open_loop,16
CNT,1,2734,2,68715395664,68875411616,rp2040_timer0,100009970,R,h1_ocxo_open_loop,16
CNT,1,2735,2,171918896,331934896,rp2040_timer0,100010000,R,h1_ocxo_open_loop,16
CNT,1,2736,2,347918848,507934912,rp2040_timer0,100010040,R,h1_ocxo_open_loop,16
CNT,1,2737,2,523918848,683934880,rp2040_timer0,100010020,R,h1_ocxo_open_loop,16
CNT,1,2738,2,699918880,859934912,rp2040_timer0,100010020,R,h1_ocxo_open_loop,16
CNT,1,2739,2,875918912,1035934944,rp2040_timer0,100010020,R,h1_ocxo_open_loop,16
CNT,1,2740,2,1051918928,1211934912,rp2040_timer0,100009990,R,h1_ocxo_open_loop,16
CNT,1,2741,2,1227918864,1387934896,rp2040_timer0,100010020,R,h1_ocxo_open_loop,16
CNT,1,2742,2,1403918848,1563934928,rp2040_timer0,100010050,R,h1_ocxo_open_loop,16
CNT,1,2743,2,1579918896,1739934912,rp2040_timer0,100010010,R,h1_ocxo_open_loop,16
CNT,1,2744,2,1755918912,1915934896,rp2040_timer0,100009990,R,h1_ocxo_open_loop,16
CNT,1,2745,2,1931918912,2091934944,rp2040_timer0,100010020,R,h1_ocxo_open_loop,16
CNT,1,2746,2,2107918864,2267934912,rp2040_timer0,100010030,R,h1_ocxo_open_loop,16
CNT,1,2747,2,2283918880,2443934928,rp2040_timer0,100010030,R,h1_ocxo_open_loop,16
CNT,1,2748,2,2459918928,2619934960,rp2040_timer0,100010020,R,h1_ocxo_open_loop,16
CNT,1,2749,2,2635918880,2795934880,rp2040_timer0,100010000,R,h1_ocxo_open_loop,16
CNT,1,2750,2,2811918880,2971934944,rp2040_timer0,100010040,R,h1_ocxo_open_loop,16
CNT,1,2751,2,2987918896,3147934960,rp2040_timer0,100010040,R,h1_ocxo_open_loop,16
CNT,1,2752,2,3163918880,3323934944,rp2040_timer0,100010040,R,h1_ocxo_open_loop,16
CNT,1,2753,2,3339918880,3499934896,rp2040_timer0,100010010,R,h1_ocxo_open_loop,16
CNT,1,2754,2,3515918880,3675934896,rp2040_timer0,100010010,R,h1_ocxo_open_loop,16
CNT,1,2755,2,3691918864,3851934960,rp2040_timer0,100010060,R,h1_ocxo_open_loop,16
CNT,1,2756,2,3867918912,4027934912,rp2040_timer0,100010000,R,h1_ocxo_open_loop,16
CNT,1,2757,2,4043918848,4203934928,rp2040_timer0,100010050,R,h1_ocxo_open_loop,16
CNT,1,2758,2,4219918928,4379934960,rp2040_timer0,100010020,R,h1_ocxo_open_loop,16
CNT,1,2759,2,4395918848,4555934912,rp2040_timer0,100010040,R,h1_ocxo_open_loop,16
CNT,1,2760,2,4571918880,4731934880,rp2040_timer0,100010000,R,h1_ocxo_open_loop,16
CNT,1,2761,2,4747918896,4907934912,rp2040_timer0,100010010,R,h1_ocxo_open_loop,16
CNT,1,2762,2,4923918928,5083934944,rp2040_timer0,100010010,R,h1_ocxo_open_loop,16
CNT,1,2763,2,5099918864,5259934960,rp2040_timer0,100010060,R,h1_ocxo_open_loop,16
CNT,1,2764,2,5275918880,5435934896,rp2040_timer0,100010010,R,h1_ocxo_open_loop,16
CNT,1,2765,2,5451918928,5611934912,rp2040_timer0,100009990,R,h1_ocxo_open_loop,16
CNT,1,2766,2,5627918880,5787934896,rp2040_timer0,100010010,R,h1_ocxo_open_loop,16
CNT,1,2767,2,5803918928,5963934896,rp2040_timer0,100009980,R,h1_ocxo_open_loop,16
CNT,1,2768,2,5979918896,6139934912,rp2040_timer0,100010010,R,h1_ocxo_open_loop,16
CNT,1,2769,2,6155918848,6315934944,rp2040_timer0,100010060,R,h1_ocxo_open_loop,16
CNT,1,2770,2,6331918928,6491934928,rp2040_timer0,100010000,R,h1_ocxo_open_loop,16
CNT,1,2771,2,6507918864,6667934896,rp2040_timer0,100010020,R,h1_ocxo_open_loop,16
CNT,1,2772,2,6683918912,6843934960,rp2040_timer0,100010030,R,h1_ocxo_open_loop,16
CNT,1,2773,2,6859918864,7019934960,rp2040_timer0,100010060,R,h1_ocxo_open_loop,16
CNT,1,2774,2,7035918928,7195934912,rp2040_timer0,100009990,R,h1_ocxo_open_loop,16
CNT,1,2775,2,7211918880,7371934944,rp2040_timer0,100010040,R,h1_ocxo_open_loop,16
CNT,1,2776,2,7387918880,7547934880,rp2040_timer0,100010000,R,h1_ocxo_open_loop,16
CNT,1,2777,2,7563918864,7723934896,rp2040_timer0,100010020,R,h1_ocxo_open_loop,16
CNT,1,2778,2,7739918928,7899934928,rp2040_timer0,100010000,R,h1_ocxo_open_loop,16
CNT,1,2779,2,7915918880,8075934944,rp2040_timer0,100010040,R,h1_ocxo_open_loop,16
CNT,1,2780,2,8091918912,8251934912,rp2040_timer0,100010000,R,h1_ocxo_open_loop,16
CNT,1,2781,2,8267918912,8427934944,rp2040_timer0,100010020,R,h1_ocxo_open_loop,16
CNT,1,2782,2,8443918912,8603934896,rp2040_timer0,100009990,R,h1_ocxo_open_loop,16
CNT,1,2783,2,8619918848,8779934912,rp2040_timer0,100010040,R,h1_ocxo_open_loop,16
CNT,1,2784,2,8795918864,8955934896,rp2040_timer0,100010020,R,h1_ocxo_open_loop,16
CNT,1,2785,2,8971918864,9131934896,rp2040_timer0,100010020,R,h1_ocxo_open_loop,16
CNT,1,2786,2,9147918896,9307934960,rp2040_timer0,100010040,R,h1_ocxo_open_loop,16
CNT,1,2787,2,9323918896,9483934880,rp2040_timer0,100009990,R,h1_ocxo_open_loop,16
CNT,1,2788,2,9499918896,9659934960,rp2040_timer0,100010040,R,h1_ocxo_open_loop,16
CNT,1,2789,2,9675918928,9835934944,rp2040_timer0,100010010,R,h1_ocxo_open_loop,16
CNT,1,2790,2,9851918880,10011934960,rp2040_timer0,100010050,R,h1_ocxo_open_loop,16
CNT,1,2791,2,10027918912,10187934928,rp2040_timer0,100010010,R,h1_ocxo_open_loop,16
CNT,1,2792,2,10203918912,10363934960,rp2040_timer0,100010030,R,h1_ocxo_open_loop,16
CNT,1,2793,2,10379918880,10539934896,rp2040_timer0,100010010,R,h1_ocxo_open_loop,16
CNT,1,2794,2,10555918912,10715934928,rp2040_timer0,100010010,R,h1_ocxo_open_loop,16
CNT,1,2795,2,10731918880,10891934960,rp2040_timer0,100010050,R,h1_ocxo_open_loop,16
CNT,1,2796,2,10907918864,11067934912,rp2040_timer0,100010030,R,h1_ocxo_open_loop,16
CNT,1,2797,2,11083918880,11243934960,rp2040_timer0,100010050,R,h1_ocxo_open_loop,16
CNT,1,2798,2,11259918912,11419934912,rp2040_timer0,100010000,R,h1_ocxo_open_loop,16
CNT,1,2799,2,11435918848,11595934912,rp2040_timer0,100010040,R,h1_ocxo_open_loop,16
CNT,1,2800,2,11611918864,11771934944,rp2040_timer0,100010050,R,h1_ocxo_open_loop,16
CNT,1,2801,2,11787918880,11947934928,rp2040_timer0,100010030,R,h1_ocxo_open_loop,16
CNT,1,2802,2,11963918928,12123934928,rp2040_timer0,100010000,R,h1_ocxo_open_loop,16
CNT,1,2803,2,12139918880,12299934912,rp2040_timer0,100010020,R,h1_ocxo_open_loop,16
CNT,1,2804,2,12315918864,12475934928,rp2040_timer0,100010040,R,h1_ocxo_open_loop,16
CNT,1,2805,2,12491918864,12651934896,rp2040_timer0,100010020,R,h1_ocxo_open_loop,16
CNT,1,2806,2,12667918864,12827934960,rp2040_timer0,100010060,R,h1_ocxo_open_loop,16
CNT,1,2807,2,12843918864,13003934896,rp2040_timer0,100010020,R,h1_ocxo_open_loop,16
CNT,1,2808,2,13019918928,13179934880,rp2040_timer0,100009970,R,h1_ocxo_open_loop,16
CNT,1,2809,2,13195918864,13355934944,rp2040_timer0,100010050,R,h1_ocxo_open_loop,16
CNT,1,2810,2,13371918912,13531934912,rp2040_timer0,100010000,R,h1_ocxo_open_loop,16
CNT,1,2811,2,13547918880,13707934896,rp2040_timer0,100010010,R,h1_ocxo_open_loop,16
CNT,1,2812,2,13723918912,13883934896,rp2040_timer0,100009990,R,h1_ocxo_open_loop,16
CNT,1,2813,2,13899918928,14059934960,rp2040_timer0,100010020,R,h1_ocxo_open_loop,16
CNT,1,2814,2,14075918848,14235934912,rp2040_timer0,100010040,R,h1_ocxo_open_loop,16
CNT,1,2815,2,14251918864,14411934960,rp2040_timer0,100010060,R,h1_ocxo_open_loop,16
CNT,1,2816,2,14427918896,14587934960,rp2040_timer0,100010040,R,h1_ocxo_open_loop,16
CNT,1,2817,2,14603918880,14763934896,rp2040_timer0,100010010,R,h1_ocxo_open_loop,16
CNT,1,2818,2,14779918896,14939934992,rp2040_timer0,100010060,R,h1_ocxo_open_loop,16
CNT,1,2819,2,14955918880,15115934944,rp2040_timer0,100010040,R,h1_ocxo_open_loop,16
CNT,1,2820,2,15131918864,15291934928,rp2040_timer0,100010040,R,h1_ocxo_open_loop,16
CNT,1,2821,2,15307918896,15467934896,rp2040_timer0,100010000,R,h1_ocxo_open_loop,16
CNT,1,2822,2,15483918928,15643934928,rp2040_timer0,100010000,R,h1_ocxo_open_loop,16
CNT,1,2823,2,15659918880,15819934912,rp2040_timer0,100010020,R,h1_ocxo_open_loop,16
CNT,1,2824,2,15835918896,15995934944,rp2040_timer0,100010030,R,h1_ocxo_open_loop,16
CNT,1,2825,2,16011918912,16171934944,rp2040_timer0,100010020,R,h1_ocxo_open_loop,16
CNT,1,2826,2,16187918848,16347934928,rp2040_timer0,100010050,R,h1_ocxo_open_loop,16
CNT,1,2827,2,16363918896,16523934944,rp2040_timer0,100010030,R,h1_ocxo_open_loop,16
CNT,1,2828,2,16539918880,16699934896,rp2040_timer0,100010010,R,h1_ocxo_open_loop,16
CNT,1,2829,2,16715918864,16875934928,rp2040_timer0,100010040,R,h1_ocxo_open_loop,16
CNT,1,2830,2,16891918864,17051934944,rp2040_timer0,100010050,R,h1_ocxo_open_loop,16
CNT,1,2831,2,17067918864,17227934880,rp2040_timer0,100010010,R,h1_ocxo_open_loop,16
CNT,1,2832,2,17243918912,17403934944,rp2040_timer0,100010020,R,h1_ocxo_open_loop,16
CNT,1,2833,2,17419918880,17579934944,rp2040_timer0,100010040,R,h1_ocxo_open_loop,16
CNT,1,2834,2,17595918848,17755934896,rp2040_timer0,100010030,R,h1_ocxo_open_loop,16
CNT,1,2835,2,17771918912,17931934896,rp2040_timer0,100009990,R,h1_ocxo_open_loop,16
CNT,1,2836,2,17947918896,18107934912,rp2040_timer0,100010010,R,h1_ocxo_open_loop,16
CNT,1,2837,2,18123918896,18283934896,rp2040_timer0,100010000,R,h1_ocxo_open_loop,16
CNT,1,2838,2,18299918896,18459934896,rp2040_timer0,100010000,R,h1_ocxo_open_loop,16
CNT,1,2839,2,18475918880,18635934912,rp2040_timer0,100010020,R,h1_ocxo_open_loop,16
CNT,1,2840,2,18651918880,18811934960,rp2040_timer0,100010050,R,h1_ocxo_open_loop,16
CNT,1,2841,2,18827918896,18987934944,rp2040_timer0,100010030,R,h1_ocxo_open_loop,16
CNT,1,2842,2,19003918880,19163934912,rp2040_timer0,100010020,R,h1_ocxo_open_loop,16
CNT,1,2843,2,19179918896,19339934928,rp2040_timer0,100010020,R,h1_ocxo_open_loop,16
CNT,1,2844,2,19355918880,19515934896,rp2040_timer0,100010010,R,h1_ocxo_open_loop,16
CNT,1,2845,2,19531918864,19691934960,rp2040_timer0,100010060,R,h1_ocxo_open_loop,16
CNT,1,2846,2,19707918912,19867934960,rp2040_timer0,100010030,R,h1_ocxo_open_loop,16
CNT,1,2847,2,19883918896,20043934960,rp2040_timer0,100010040,R,h1_ocxo_open_loop,16
CNT,1,2848,2,20059918896,20219934896,rp2040_timer0,100010000,R,h1_ocxo_open_loop,16
CNT,1,2849,2,20235918848,20395934928,rp2040_timer0,100010050,R,h1_ocxo_open_loop,16
CNT,1,2850,2,20411918912,20571934896,rp2040_timer0,100009990,R,h1_ocxo_open_loop,16
CNT,1,2851,2,20587918864,20747934928,rp2040_timer0,100010040,R,h1_ocxo_open_loop,16
CNT,1,2852,2,20763918928,20923934896,rp2040_timer0,100009980,R,h1_ocxo_open_loop,16
CNT,1,2853,2,20939918912,21099934944,rp2040_timer0,100010020,R,h1_ocxo_open_loop,16
CNT,1,2854,2,21115918896,21275934944,rp2040_timer0,100010030,R,h1_ocxo_open_loop,16
CNT,1,2855,2,21291918848,21451934960,rp2040_timer0,100010070,R,h1_ocxo_open_loop,16
CNT,1,2856,2,21467918848,21627934912,rp2040_timer0,100010040,R,h1_ocxo_open_loop,16
CNT,1,2857,2,21643918864,21803934912,rp2040_timer0,100010030,R,h1_ocxo_open_loop,16
CNT,1,2858,2,21819918880,21979934896,rp2040_timer0,100010010,R,h1_ocxo_open_loop,16
CNT,1,2859,2,21995918864,22155934944,rp2040_timer0,100010050,R,h1_ocxo_open_loop,16
CNT,1,2860,2,22171918912,22331934960,rp2040_timer0,100010030,R,h1_ocxo_open_loop,16
CNT,1,2861,2,22347918864,22507934896,rp2040_timer0,100010020,R,h1_ocxo_open_loop,16
CNT,1,2862,2,22523918864,22683934880,rp2040_timer0,100010010,R,h1_ocxo_open_loop,16
CNT,1,2863,2,22699918912,22859934896,rp2040_timer0,100009990,R,h1_ocxo_open_loop,16
CNT,1,2864,2,22875918896,23035934944,rp2040_timer0,100010030,R,h1_ocxo_open_loop,16
CNT,1,2865,2,23051918848,23211934912,rp2040_timer0,100010040,R,h1_ocxo_open_loop,16
CNT,1,2866,2,23227918928,23387934896,rp2040_timer0,100009980,R,h1_ocxo_open_loop,16
CNT,1,2867,2,23403918880,23563934928,rp2040_timer0,100010030,R,h1_ocxo_open_loop,16
CNT,1,2868,2,23579918864,23739934896,rp2040_timer0,100010020,R,h1_ocxo_open_loop,16
CNT,1,2869,2,23755918912,23915934896,rp2040_timer0,100009990,R,h1_ocxo_open_loop,16
CNT,1,2870,2,23931918864,24091934928,rp2040_timer0,100010040,R,h1_ocxo_open_loop,16
CNT,1,2871,2,24107918896,24267934896,rp2040_timer0,100010000,R,h1_ocxo_open_loop,16
CNT,1,2872,2,24283918880,24443934944,rp2040_timer0,100010040,R,h1_ocxo_open_loop,16
CNT,1,2873,2,24459918912,24619934960,rp2040_timer0,100010030,R,h1_ocxo_open_loop,16
CNT,1,2874,2,24635918864,24795934960,rp2040_timer0,100010060,R,h1_ocxo_open_loop,16
CNT,1,2875,2,24811918864,24971934944,rp2040_timer0,100010050,R,h1_ocxo_open_loop,16
CNT,1,2876,2,24987918912,25147934960,rp2040_timer0,100010030,R,h1_ocxo_open_loop,16
CNT,1,2877,2,25163918880,25323934912,rp2040_timer0,100010020,R,h1_ocxo_open_loop,16
CNT,1,2878,2,25339918896,25499934928,rp2040_timer0,100010020,R,h1_ocxo_open_loop,16
CNT,1,2879,2,25515918864,25675934944,rp2040_timer0,100010050,R,h1_ocxo_open_loop,16
CNT,1,2880,2,25691918896,25851934960,rp2040_timer0,100010040,R,h1_ocxo_open_loop,16
CNT,1,2881,2,25867918912,26027934944,rp2040_timer0,100010020,R,h1_ocxo_open_loop,16
CNT,1,2882,2,26043918912,26203934896,rp2040_timer0,100009990,R,h1_ocxo_open_loop,16
CNT,1,2883,2,26219918848,26379934960,rp2040_timer0,100010070,R,h1_ocxo_open_loop,16
CNT,1,2884,2,26395918912,26555934880,rp2040_timer0,100009980,R,h1_ocxo_open_loop,16
CNT,1,2885,2,26571918864,26731934928,rp2040_timer0,100010040,R,h1_ocxo_open_loop,16
CNT,1,2886,2,26747918864,26907934960,rp2040_timer0,100010060,R,h1_ocxo_open_loop,16
CNT,1,2887,2,26923918880,27083934960,rp2040_timer0,100010050,R,h1_ocxo_open_loop,16
CNT,1,2888,2,27099918864,27259934896,rp2040_timer0,100010020,R,h1_ocxo_open_loop,16
CNT,1,2889,2,27275918928,27435934960,rp2040_timer0,100010020,R,h1_ocxo_open_loop,16
CNT,1,2890,2,27451918896,27611934912,rp2040_timer0,100010010,R,h1_ocxo_open_loop,16
CNT,1,2891,2,27627918864,27787934944,rp2040_timer0,100010050,R,h1_ocxo_open_loop,16
CNT,1,2892,2,27803918896,27963934960,rp2040_timer0,100010040,R,h1_ocxo_open_loop,16
CNT,1,2893,2,27979918928,28139934912,rp2040_timer0,100009990,R,h1_ocxo_open_loop,16
CNT,1,2894,2,28155918912,28315934944,rp2040_timer0,100010020,R,h1_ocxo_open_loop,16
CNT,1,2895,2,28331918896,28491934928,rp2040_timer0,100010020,R,h1_ocxo_open_loop,16
CNT,1,2896,2,28507918896,28667934912,rp2040_timer0,100010010,R,h1_ocxo_open_loop,16
CNT,1,2897,2,28683918896,28843934960,rp2040_timer0,100010040,R,h1_ocxo_open_loop,16
CNT,1,2898,2,28859918864,29019934944,rp2040_timer0,100010050,R,h1_ocxo_open_loop,16
CNT,1,2899,2,29035918880,29195934960,rp2040_timer0,100010050,R,h1_ocxo_open_loop,16
CNT,1,2900,2,29211918864,29371934928,rp2040_timer0,100010040,R,h1_ocxo_open_loop,16
CNT,1,2901,2,29387918880,29547934912,rp2040_timer0,100010020,R,h1_ocxo_open_loop,16
CNT,1,2902,2,29563918880,29723934912,rp2040_timer0,100010020,R,h1_ocxo_open_loop,16
CNT,1,2903,2,29739918880,29899934944,rp2040_timer0,100010040,R,h1_ocxo_open_loop,16
CNT,1,2904,2,29915918912,30075934960,rp2040_timer0,100010030,R,h1_ocxo_open_loop,16
CNT,1,2905,2,30091918912,30251934912,rp2040_timer0,100010000,R,h1_ocxo_open_loop,16
CNT,1,2906,2,30267918880,30427934960,rp2040_timer0,100010050,R,h1_ocxo_open_loop,16
CNT,1,2907,2,30443918912,30603934928,rp2040_timer0,100010010,R,h1_ocxo_open_loop,16
CNT,1,2908,2,30619918912,30779934944,rp2040_timer0,100010020,R,h1_ocxo_open_loop,16
CNT,1,2909,2,30795918880,30955934944,rp2040_timer0,100010040,R,h1_ocxo_open_loop,16
CNT,1,2910,2,30971918912,31131934944,rp2040_timer0,100010020,R,h1_ocxo_open_loop,16
CNT,1,2911,2,31147918864,31307934912,rp2040_timer0,100010030,R,h1_ocxo_open_loop,16
CNT,1,2912,2,31323918912,31483934896,rp2040_timer0,100009990,R,h1_ocxo_open_loop,16
CNT,1,2913,2,31499918864,31659934896,rp2040_timer0,100010020,R,h1_ocxo_open_loop,16
CNT,1,2914,2,31675918880,31835934928,rp2040_timer0,100010030,R,h1_ocxo_open_loop,16
CNT,1,2915,2,31851918864,32011934896,rp2040_timer0,100010020,R,h1_ocxo_open_loop,16
CNT,1,2916,2,32027918880,32187934960,rp2040_timer0,100010050,R,h1_ocxo_open_loop,16
CNT,1,2917,2,32203918848,32363934912,rp2040_timer0,100010040,R,h1_ocxo_open_loop,16
CNT,1,2918,2,32379918928,32539934944,rp2040_timer0,100010010,R,h1_ocxo_open_loop,16
CNT,1,2919,2,32555918880,32715934912,rp2040_timer0,100010020,R,h1_ocxo_open_loop,16
CNT,1,2920,2,32731918896,32891934960,rp2040_timer0,100010040,R,h1_ocxo_open_loop,16
CNT,1,2921,2,32907918864,33067934896,rp2040_timer0,100010020,R,h1_ocxo_open_loop,16
CNT,1,2922,2,33083918864,33243934944,rp2040_timer0,100010050,R,h1_ocxo_open_loop,16
CNT,1,2923,2,33259918896,33419934912,rp2040_timer0,100010010,R,h1_ocxo_open_loop,16
CNT,1,2924,2,33435918896,33595934928,rp2040_timer0,100010020,R,h1_ocxo_open_loop,16
CNT,1,2925,2,33611918848,33771934960,rp2040_timer0,100010070,R,h1_ocxo_open_loop,16
CNT,1,2926,2,33787918896,33947934944,rp2040_timer0,100010030,R,h1_ocxo_open_loop,16
CNT,1,2927,2,33963918912,34123934960,rp2040_timer0,100010030,R,h1_ocxo_open_loop,16
CNT,1,2928,2,34139918896,34299934944,rp2040_timer0,100010030,R,h1_ocxo_open_loop,16
CNT,1,2929,2,34315918928,34475934944,rp2040_timer0,100010010,R,h1_ocxo_open_loop,16
CNT,1,2930,2,34491918912,34651934944,rp2040_timer0,100010020,R,h1_ocxo_open_loop,16
CNT,1,2931,2,34667918864,34827934880,rp2040_timer0,100010010,R,h1_ocxo_open_loop,16
CNT,1,2932,2,34843918928,35003934896,rp2040_timer0,100009980,R,h1_ocxo_open_loop,16
CNT,1,2933,2,35019918896,35179934992,rp2040_timer0,100010060,R,h1_ocxo_open_loop,16
CNT,1,2934,2,35195918912,35355934928,rp2040_timer0,100010010,R,h1_ocxo_open_loop,16
CNT,1,2935,2,35371918880,35531934896,rp2040_timer0,100010010,R,h1_ocxo_open_loop,16
CNT,1,2936,2,35547918848,35707934912,rp2040_timer0,100010040,R,h1_ocxo_open_loop,16
CNT,1,2937,2,35723918880,35883934960,rp2040_timer0,100010050,R,h1_ocxo_open_loop,16
CNT,1,2938,2,35899918896,36059934928,rp2040_timer0,100010020,R,h1_ocxo_open_loop,16
CNT,1,2939,2,36075918928,36235934960,rp2040_timer0,100010020,R,h1_ocxo_open_loop,16
CNT,1,2940,2,36251918912,36411934896,rp2040_timer0,100009990,R,h1_ocxo_open_loop,16
CNT,1,2941,2,36427918944,36587934944,rp2040_timer0,100010000,R,h1_ocxo_open_loop,16
CNT,1,2942,2,36603918896,36763934928,rp2040_timer0,100010020,R,h1_ocxo_open_loop,16
CNT,1,2943,2,36779918864,36939934928,rp2040_timer0,100010040,R,h1_ocxo_open_loop,16
CNT,1,2944,2,36955918912,37115934896,rp2040_timer0,100009990,R,h1_ocxo_open_loop,16
CNT,1,2945,2,37131918896,37291934944,rp2040_timer0,100010030,R,h1_ocxo_open_loop,16
CNT,1,2946,2,37307918912,37467934944,rp2040_timer0,100010020,R,h1_ocxo_open_loop,16
CNT,1,2947,2,37483918880,37643934928,rp2040_timer0,100010030,R,h1_ocxo_open_loop,16
CNT,1,2948,2,37659918912,37819934896,rp2040_timer0,100009990,R,h1_ocxo_open_loop,16
CNT,1,2949,2,37835918880,37995934912,rp2040_timer0,100010020,R,h1_ocxo_open_loop,16
CNT,1,2950,2,38011918864,38171934960,rp2040_timer0,100010060,R,h1_ocxo_open_loop,16
CNT,1,2951,2,38187918928,38347934896,rp2040_timer0,100009980,R,h1_ocxo_open_loop,16
CNT,1,2952,2,38363918912,38523934944,rp2040_timer0,100010020,R,h1_ocxo_open_loop,16
CNT,1,2953,2,38539918912,38699934944,rp2040_timer0,100010020,R,h1_ocxo_open_loop,16
CNT,1,2954,2,38715918864,38875934896,rp2040_timer0,100010020,R,h1_ocxo_open_loop,16
CNT,1,2955,2,38891918880,39051934896,rp2040_timer0,100010010,R,h1_ocxo_open_loop,16
CNT,1,2956,2,39067918928,39227934928,rp2040_timer0,100010000,R,h1_ocxo_open_loop,16
CNT,1,2957,2,39243918912,39403934928,rp2040_timer0,100010010,R,h1_ocxo_open_loop,16
CNT,1,2958,2,39419918880,39579934944,rp2040_timer0,100010040,R,h1_ocxo_open_loop,16
CNT,1,2959,2,39595918864,39755934944,rp2040_timer0,100010050,R,h1_ocxo_open_loop,16
CNT,1,2960,2,39771918928,39931934912,rp2040_timer0,100009990,R,h1_ocxo_open_loop,16
CNT,1,2961,2,39947918912,40107934896,rp2040_timer0,100009990,R,h1_ocxo_open_loop,16
CNT,1,2962,2,40123918912,40283934912,rp2040_timer0,100010000,R,h1_ocxo_open_loop,16
CNT,1,2963,2,40299918928,40459934944,rp2040_timer0,100010010,R,h1_ocxo_open_loop,16
CNT,1,2964,2,40475918880,40635934960,rp2040_timer0,100010050,R,h1_ocxo_open_loop,16
CNT,1,2965,2,40651918864,40811934912,rp2040_timer0,100010030,R,h1_ocxo_open_loop,16
CNT,1,2966,2,40827918928,40987934960,rp2040_timer0,100010020,R,h1_ocxo_open_loop,16
CNT,1,2967,2,41003918880,41163934960,rp2040_timer0,100010050,R,h1_ocxo_open_loop,16
CNT,1,2968,2,41179918880,41339934928,rp2040_timer0,100010030,R,h1_ocxo_open_loop,16
CNT,1,2969,2,41355918880,41515934912,rp2040_timer0,100010020,R,h1_ocxo_open_loop,16
CNT,1,2970,2,41531918912,41691934912,rp2040_timer0,100010000,R,h1_ocxo_open_loop,16
CNT,1,2971,2,41707918880,41867934912,rp2040_timer0,100010020,R,h1_ocxo_open_loop,16
CNT,1,2972,2,41883918864,42043934944,rp2040_timer0,100010050,R,h1_ocxo_open_loop,16
CNT,1,2973,2,42059918864,42219934960,rp2040_timer0,100010060,R,h1_ocxo_open_loop,16
CNT,1,2974,2,42235918880,42395934944,rp2040_timer0,100010040,R,h1_ocxo_open_loop,16
CNT,1,2975,2,42411918912,42571934960,rp2040_timer0,100010030,R,h1_ocxo_open_loop,16
CNT,1,2976,2,42587918880,42747934944,rp2040_timer0,100010040,R,h1_ocxo_open_loop,16
CNT,1,2977,2,42763918896,42923934928,rp2040_timer0,100010020,R,h1_ocxo_open_loop,16
CNT,1,2978,2,42939918976,43099934912,rp2040_timer0,100009960,R,h1_ocxo_open_loop,16
CNT,1,2979,2,43115918912,43275934928,rp2040_timer0,100010010,R,h1_ocxo_open_loop,16
CNT,1,2980,2,43291918928,43451934896,rp2040_timer0,100009980,R,h1_ocxo_open_loop,16
CNT,1,2981,2,43467918912,43627934928,rp2040_timer0,100010010,R,h1_ocxo_open_loop,16
CNT,1,2982,2,43643918880,43803934944,rp2040_timer0,100010040,R,h1_ocxo_open_loop,16
CNT,1,2983,2,43819918928,43979934944,rp2040_timer0,100010010,R,h1_ocxo_open_loop,16
CNT,1,2984,2,43995918912,44155934912,rp2040_timer0,100010000,R,h1_ocxo_open_loop,16
CNT,1,2985,2,44171918864,44331934960,rp2040_timer0,100010060,R,h1_ocxo_open_loop,16
CNT,1,2986,2,44347918928,44507934896,rp2040_timer0,100009980,R,h1_ocxo_open_loop,16
CNT,1,2987,2,44523918912,44683934928,rp2040_timer0,100010010,R,h1_ocxo_open_loop,16
CNT,1,2988,2,44699918912,44859934880,rp2040_timer0,100009980,R,h1_ocxo_open_loop,16
CNT,1,2989,2,44875918896,45035934944,rp2040_timer0,100010030,R,h1_ocxo_open_loop,16
CNT,1,2990,2,45051918880,45211934912,rp2040_timer0,100010020,R,h1_ocxo_open_loop,16
CNT,1,2991,2,45227918848,45387934960,rp2040_timer0,100010070,R,h1_ocxo_open_loop,16
CNT,1,2992,2,45403918880,45563934912,rp2040_timer0,100010020,R,h1_ocxo_open_loop,16
CNT,1,2993,2,45579918896,45739934912,rp2040_timer0,100010010,R,h1_ocxo_open_loop,16
CNT,1,2994,2,45755918912,45915934912,rp2040_timer0,100010000,R,h1_ocxo_open_loop,16
CNT,1,2995,2,45931918928,46091934880,rp2040_timer0,100009970,R,h1_ocxo_open_loop,16
CNT,1,2996,2,46107918896,46267934896,rp2040_timer0,100010000,R,h1_ocxo_open_loop,16
CNT,1,2997,2,46283918912,46443934960,rp2040_timer0,100010030,R,h1_ocxo_open_loop,16
CNT,1,2998,2,46459918928,46619934960,rp2040_timer0,100010020,R,h1_ocxo_open_loop,16
CNT,1,2999,2,46635918912,46795934928,rp2040_timer0,100010010,R,h1_ocxo_open_loop,16
CNT,1,3000,2,46811918928,46971934928,rp2040_timer0,100010000,R,h1_ocxo_open_loop,16
CNT,1,3001,2,46987918896,47147934896,rp2040_timer0,100010000,R,h1_ocxo_open_loop,16
CNT,1,3002,2,47163918912,47323934960,rp2040_timer0,100010030,R,h1_ocxo_open_loop,16
CNT,1,3003,2,47339918896,47499934912,rp2040_timer0,100010010,R,h1_ocxo_open_loop,16
CNT,1,3004,2,47515918928,47675934928,rp2040_timer0,100010000,R,h1_ocxo_open_loop,16
CNT,1,3005,2,47691918880,47851934960,rp2040_timer0,100010050,R,h1_ocxo_open_loop,16
CNT,1,3006,2,47867918928,48027934896,rp2040_timer0,100009980,R,h1_ocxo_open_loop,16
CNT,1,3007,2,48043918896,48203934928,rp2040_timer0,100010020,R,h1_ocxo_open_loop,16
CNT,1,3008,2,48219918928,48379934912,rp2040_timer0,100009990,R,h1_ocxo_open_loop,16
CNT,1,3009,2,48395918928,48555934944,rp2040_timer0,100010010,R,h1_ocxo_open_loop,16
CNT,1,3010,2,48571918912,48731934912,rp2040_timer0,100010000,R,h1_ocxo_open_loop,16
CNT,1,3011,2,48747918880,48907934944,rp2040_timer0,100010040,R,h1_ocxo_open_loop,16
CNT,1,3012,2,48923918880,49083934960,rp2040_timer0,100010050,R,h1_ocxo_open_loop,16
CNT,1,3013,2,49099918864,49259934912,rp2040_timer0,100010030,R,h1_ocxo_open_loop,16
CNT,1,3014,2,49275918896,49435934880,rp2040_timer0,100009990,R,h1_ocxo_open_loop,16
CNT,1,3015,2,49451918848,49611934928,rp2040_timer0,100010050,R,h1_ocxo_open_loop,16
CNT,1,3016,2,49627918880,49787934960,rp2040_timer0,100010050,R,h1_ocxo_open_loop,16
CNT,1,3017,2,49803918880,49963934896,rp2040_timer0,100010010,R,h1_ocxo_open_loop,16
CNT,1,3018,2,49979918848,50139934944,rp2040_timer0,100010060,R,h1_ocxo_open_loop,16
CNT,1,3019,2,50155918896,50315934960,rp2040_timer0,100010040,R,h1_ocxo_open_loop,16
CNT,1,3020,2,50331918912,50491934896,rp2040_timer0,100009990,R,h1_ocxo_open_loop,16
CNT,1,3021,2,50507918912,50667934880,rp2040_timer0,100009980,R,h1_ocxo_open_loop,16
CNT,1,3022,2,50683918896,50843934896,rp2040_timer0,100010000,R,h1_ocxo_open_loop,16
CNT,1,3023,2,50859918848,51019934944,rp2040_timer0,100010060,R,h1_ocxo_open_loop,16
CNT,1,3024,2,51035918864,51195934912,rp2040_timer0,100010030,R,h1_ocxo_open_loop,16
CNT,1,3025,2,51211918896,51371934944,rp2040_timer0,100010030,R,h1_ocxo_open_loop,16
CNT,1,3026,2,51387918912,51547934944,rp2040_timer0,100010020,R,h1_ocxo_open_loop,16
CNT,1,3027,2,51563918880,51723934928,rp2040_timer0,100010030,R,h1_ocxo_open_loop,16
CNT,1,3028,2,51739918896,51899934928,rp2040_timer0,100010020,R,h1_ocxo_open_loop,16
CNT,1,3029,2,51915918912,52075934928,rp2040_timer0,100010010,R,h1_ocxo_open_loop,16
CNT,1,3030,2,52091918864,52251934960,rp2040_timer0,100010060,R,h1_ocxo_open_loop,16
CNT,1,3031,2,52267918864,52427934896,rp2040_timer0,100010020,R,h1_ocxo_open_loop,16
CNT,1,3032,2,52443918896,52603934928,rp2040_timer0,100010020,R,h1_ocxo_open_loop,16
CNT,1,3033,2,52619918864,52779934944,rp2040_timer0,100010050,R,h1_ocxo_open_loop,16
CNT,1,3034,2,52795918912,52955934912,rp2040_timer0,100010000,R,h1_ocxo_open_loop,16
CNT,1,3035,2,52971918864,53131934960,rp2040_timer0,100010060,R,h1_ocxo_open_loop,16
CNT,1,3036,2,53147918912,53307934896,rp2040_timer0,100009990,R,h1_ocxo_open_loop,16
CNT,1,3037,2,53323918912,53483934912,rp2040_timer0,100010000,R,h1_ocxo_open_loop,16
CNT,1,3038,2,53499918848,53659934928,rp2040_timer0,100010050,R,h1_ocxo_open_loop,16
CNT,1,3039,2,53675918848,53835934976,rp2040_timer0,100010080,R,h1_ocxo_open_loop,16
CNT,1,3040,2,53851918896,54011934960,rp2040_timer0,100010040,R,h1_ocxo_open_loop,16
CNT,1,3041,2,54027918864,54187934928,rp2040_timer0,100010040,R,h1_ocxo_open_loop,16
CNT,1,3042,2,54203918864,54363934928,rp2040_timer0,100010040,R,h1_ocxo_open_loop,16
CNT,1,3043,2,54379918896,54539934912,rp2040_timer0,100010010,R,h1_ocxo_open_loop,16
CNT,1,3044,2,54555918912,54715934928,rp2040_timer0,100010010,R,h1_ocxo_open_loop,16
CNT,1,3045,2,54731918880,54891934912,rp2040_timer0,100010020,R,h1_ocxo_open_loop,16
CNT,1,3046,2,54907918880,55067934928,rp2040_timer0,100010030,R,h1_ocxo_open_loop,16
CNT,1,3047,2,55083918912,55243934928,rp2040_timer0,100010010,R,h1_ocxo_open_loop,16
CNT,1,3048,2,55259918912,55419934928,rp2040_timer0,100010010,R,h1_ocxo_open_loop,16
CNT,1,3049,2,55435918896,55595934912,rp2040_timer0,100010010,R,h1_ocxo_open_loop,16
CNT,1,3050,2,55611918848,55771934960,rp2040_timer0,100010070,R,h1_ocxo_open_loop,16
CNT,1,3051,2,55787918928,55947934880,rp2040_timer0,100009970,R,h1_ocxo_open_loop,16
CNT,1,3052,2,55963918912,56123934960,rp2040_timer0,100010030,R,h1_ocxo_open_loop,16
CNT,1,3053,2,56139918928,56299934960,rp2040_timer0,100010020,R,h1_ocxo_open_loop,16
CNT,1,3054,2,56315918848,56475934960,rp2040_timer0,100010070,R,h1_ocxo_open_loop,16
CNT,1,3055,2,56491918896,56651934912,rp2040_timer0,100010010,R,h1_ocxo_open_loop,16
CNT,1,3056,2,56667918928,56827934928,rp2040_timer0,100010000,R,h1_ocxo_open_loop,16
CNT,1,3057,2,56843918928,57003934944,rp2040_timer0,100010010,R,h1_ocxo_open_loop,16
CNT,1,3058,2,57019918912,57179934896,rp2040_timer0,100009990,R,h1_ocxo_open_loop,16
CNT,1,3059,2,57195918896,57355934944,rp2040_timer0,100010030,R,h1_ocxo_open_loop,16
CNT,1,3060,2,57371918896,57531934880,rp2040_timer0,100009990,R,h1_ocxo_open_loop,16
CNT,1,3061,2,57547918864,57707934928,rp2040_timer0,100010040,R,h1_ocxo_open_loop,16
CNT,1,3062,2,57723918896,57883934960,rp2040_timer0,100010040,R,h1_ocxo_open_loop,16
CNT,1,3063,2,57899918880,58059934960,rp2040_timer0,100010050,R,h1_ocxo_open_loop,16
CNT,1,3064,2,58075918896,58235934896,rp2040_timer0,100010000,R,h1_ocxo_open_loop,16
CNT,1,3065,2,58251918896,58411934960,rp2040_timer0,100010040,R,h1_ocxo_open_loop,16
CNT,1,3066,2,58427918896,58587934944,rp2040_timer0,100010030,R,h1_ocxo_open_loop,16
CNT,1,3067,2,58603918928,58763934896,rp2040_timer0,100009980,R,h1_ocxo_open_loop,16
CNT,1,3068,2,58779918928,58939934928,rp2040_timer0,100010000,R,h1_ocxo_open_loop,16
CNT,1,3069,2,58955918864,59115934928,rp2040_timer0,100010040,R,h1_ocxo_open_loop,16
CNT,1,3070,2,59131918928,59291934896,rp2040_timer0,100009980,R,h1_ocxo_open_loop,16
CNT,1,3071,2,59307918896,59467934912,rp2040_timer0,100010010,R,h1_ocxo_open_loop,16
CNT,1,3072,2,59483918864,59643934912,rp2040_timer0,100010030,R,h1_ocxo_open_loop,16
CNT,1,3073,2,59659918880,59819934912,rp2040_timer0,100010020,R,h1_ocxo_open_loop,16
CNT,1,3074,2,59835918912,59995934896,rp2040_timer0,100009990,R,h1_ocxo_open_loop,16
CNT,1,3075,2,60011918928,60171934880,rp2040_timer0,100009970,R,h1_ocxo_open_loop,16
CNT,1,3076,2,60187918912,60347934944,rp2040_timer0,100010020,R,h1_ocxo_open_loop,16
CNT,1,3077,2,60363918880,60523934912,rp2040_timer0,100010020,R,h1_ocxo_open_loop,16
CNT,1,3078,2,60539918880,60699934944,rp2040_timer0,100010040,R,h1_ocxo_open_loop,16
CNT,1,3079,2,60715918928,60875934896,rp2040_timer0,100009980,R,h1_ocxo_open_loop,16
CNT,1,3080,2,60891918896,61051934960,rp2040_timer0,100010040,R,h1_ocxo_open_loop,16
CNT,1,3081,2,61067918864,61227934896,rp2040_timer0,100010020,R,h1_ocxo_open_loop,16
CNT,1,3082,2,61243918912,61403934960,rp2040_timer0,100010030,R,h1_ocxo_open_loop,16
CNT,1,3083,2,61419918880,61579934960,rp2040_timer0,100010050,R,h1_ocxo_open_loop,16
CNT,1,3084,2,61595918896,61755934928,rp2040_timer0,100010020,R,h1_ocxo_open_loop,16
CNT,1,3085,2,61771918928,61931934912,rp2040_timer0,100009990,R,h1_ocxo_open_loop,16
CNT,1,3086,2,61947918880,62107934944,rp2040_timer0,100010040,R,h1_ocxo_open_loop,16
CNT,1,3087,2,62123918928,62283934912,rp2040_timer0,100009990,R,h1_ocxo_open_loop,16
CNT,1,3088,2,62299918864,62459934928,rp2040_timer0,100010040,R,h1_ocxo_open_loop,16
CNT,1,3089,2,62475918928,62635934896,rp2040_timer0,100009980,R,h1_ocxo_open_loop,16
CNT,1,3090,2,62651918896,62811934912,rp2040_timer0,100010010,R,h1_ocxo_open_loop,16
CNT,1,3091,2,62827918928,62987934960,rp2040_timer0,100010020,R,h1_ocxo_open_loop,16
CNT,1,3092,2,63003918880,63163934960,rp2040_timer0,100010050,R,h1_ocxo_open_loop,16
CNT,1,3093,2,63179918896,63339934944,rp2040_timer0,100010030,R,h1_ocxo_open_loop,16
CNT,1,3094,2,63355918928,63515934928,rp2040_timer0,100010000,R,h1_ocxo_open_loop,16
CNT,1,3095,2,63531918912,63691934912,rp2040_timer0,100010000,R,h1_ocxo_open_loop,16
CNT,1,3096,2,63707918896,63867934960,rp2040_timer0,100010040,R,h1_ocxo_open_loop,16
CNT,1,3097,2,63883918912,64043934928,rp2040_timer0,100010010,R,h1_ocxo_open_loop,16
CNT,1,3098,2,64059918912,64219934928,rp2040_timer0,100010010,R,h1_ocxo_open_loop,16
CNT,1,3099,2,64235918864,64395934944,rp2040_timer0,100010050,R,h1_ocxo_open_loop,16
CNT,1,3100,2,64411918880,64571934960,rp2040_timer0,100010050,R,h1_ocxo_open_loop,16
CNT,1,3101,2,64587918880,64747934928,rp2040_timer0,100010030,R,h1_ocxo_open_loop,16
CNT,1,3102,2,64763918896,64923934896,rp2040_timer0,100010000,R,h1_ocxo_open_loop,16
CNT,1,3103,2,64939918864,65099934928,rp2040_timer0,100010040,R,h1_ocxo_open_loop,16
CNT,1,3104,2,65115918880,65275934912,rp2040_timer0,100010020,R,h1_ocxo_open_loop,16
CNT,1,3105,2,65291918928,65451934960,rp2040_timer0,100010020,R,h1_ocxo_open_loop,16
CNT,1,3106,2,65467918880,65627934928,rp2040_timer0,100010030,R,h1_ocxo_open_loop,16
CNT,1,3107,2,65643918880,65803934912,rp2040_timer0,100010020,R,h1_ocxo_open_loop,16
CNT,1,3108,2,65819918912,65979934992,rp2040_timer0,100010050,R,h1_ocxo_open_loop,16
CNT,1,3109,2,65995918864,66155934928,rp2040_timer0,100010040,R,h1_ocxo_open_loop,16
CNT,1,3110,2,66171918880,66331934960,rp2040_timer0,100010050,R,h1_ocxo_open_loop,16
CNT,1,3111,2,66347918880,66507934912,rp2040_timer0,100010020,R,h1_ocxo_open_loop,16
CNT,1,3112,2,66523918896,66683934960,rp2040_timer0,100010040,R,h1_ocxo_open_loop,16
CNT,1,3113,2,66699918880,66859934912,rp2040_timer0,100010020,R,h1_ocxo_open_loop,16
CNT,1,3114,2,66875918912,67035934928,rp2040_timer0,100010010,R,h1_ocxo_open_loop,16
CNT,1,3115,2,67051918928,67211934960,rp2040_timer0,100010020,R,h1_ocxo_open_loop,16
CNT,1,3116,2,67227918912,67387934880,rp2040_timer0,100009980,R,h1_ocxo_open_loop,16
CNT,1,3117,2,67403918912,67563934944,rp2040_timer0,100010020,R,h1_ocxo_open_loop,16
CNT,1,3118,2,67579918896,67739934944,rp2040_timer0,100010030,R,h1_ocxo_open_loop,16
CNT,1,3119,2,67755918880,67915934880,rp2040_timer0,100010000,R,h1_ocxo_open_loop,16
CNT,1,3120,2,67931918864,68091934912,rp2040_timer0,100010030,R,h1_ocxo_open_loop,16
CNT,1,3121,2,68107918896,68267934896,rp2040_timer0,100010000,R,h1_ocxo_open_loop,16
CNT,1,3122,2,68283918928,68443934912,rp2040_timer0,100009990,R,h1_ocxo_open_loop,16
CNT,1,3123,2,68459918880,68619934944,rp2040_timer0,100010040,R,h1_ocxo_open_loop,16
CNT,1,3124,2,68635918896,68795934896,rp2040_timer0,100010000,R,h1_ocxo_open_loop,16
CNT,1,3125,2,92442144,252458160,rp2040_timer0,100010010,R,h1_ocxo_open_loop,16
CNT,1,3126,2,268442160,428458176,rp2040_timer0,100010010,R,h1_ocxo_open_loop,16
CNT,1,3127,2,444442192,604458176,rp2040_timer0,100009990,R,h1_ocxo_open_loop,16
CNT,1,3128,2,620442192,780458176,rp2040_timer0,100009990,R,h1_ocxo_open_loop,16
CNT,1,3129,2,796442144,956458208,rp2040_timer0,100010040,R,h1_ocxo_open_loop,16
CNT,1,3130,2,972442176,1132458176,rp2040_timer0,100010000,R,h1_ocxo_open_loop,16
CNT,1,3131,2,1148442144,1308458208,rp2040_timer0,100010040,R,h1_ocxo_open_loop,16
CNT,1,3132,2,1324442128,1484458224,rp2040_timer0,100010060,R,h1_ocxo_open_loop,16
CNT,1,3133,2,1500442128,1660458192,rp2040_timer0,100010040,R,h1_ocxo_open_loop,16
CNT,1,3134,2,1676442128,1836458224,rp2040_timer0,100010060,R,h1_ocxo_open_loop,16
CNT,1,3135,2,1852442176,2012458192,rp2040_timer0,100010010,R,h1_ocxo_open_loop,16
CNT,1,3136,2,2028442112,2188458192,rp2040_timer0,100010050,R,h1_ocxo_open_loop,16
CNT,1,3137,2,2204442176,2364458208,rp2040_timer0,100010020,R,h1_ocxo_open_loop,16
CNT,1,3138,2,2380442112,2540458160,rp2040_timer0,100010030,R,h1_ocxo_open_loop,16
CNT,1,3139,2,2556442160,2716458192,rp2040_timer0,100010020,R,h1_ocxo_open_loop,16
CNT,1,3140,2,2732442144,2892458208,rp2040_timer0,100010040,R,h1_ocxo_open_loop,16
CNT,1,3141,2,2908442160,3068458208,rp2040_timer0,100010030,R,h1_ocxo_open_loop,16
CNT,1,3142,2,3084442144,3244458208,rp2040_timer0,100010040,R,h1_ocxo_open_loop,16
CNT,1,3143,2,3260442144,3420458160,rp2040_timer0,100010010,R,h1_ocxo_open_loop,16
CNT,1,3144,2,3436442128,3596458160,rp2040_timer0,100010020,R,h1_ocxo_open_loop,16
CNT,1,3145,2,3612442160,3772458160,rp2040_timer0,100010000,R,h1_ocxo_open_loop,16
CNT,1,3146,2,3788442128,3948458208,rp2040_timer0,100010050,R,h1_ocxo_open_loop,16
CNT,1,3147,2,3964442160,4124458208,rp2040_timer0,100010030,R,h1_ocxo_open_loop,16
CNT,1,3148,2,4140442144,4300458192,rp2040_timer0,100010030,R,h1_ocxo_open_loop,16
CNT,1,3149,2,4316442192,4476458224,rp2040_timer0,100010020,R,h1_ocxo_open_loop,16
CNT,1,3150,2,4492442128,4652458208,rp2040_timer0,100010050,R,h1_ocxo_open_loop,16
CNT,1,3151,2,4668442192,4828458192,rp2040_timer0,100010000,R,h1_ocxo_open_loop,16
CNT,1,3152,2,4844442144,5004458160,rp2040_timer0,100010010,R,h1_ocxo_open_loop,16
CNT,1,3153,2,5020442144,5180458176,rp2040_timer0,100010020,R,h1_ocxo_open_loop,16
CNT,1,3154,2,5196442160,5356458208,rp2040_timer0,100010030,R,h1_ocxo_open_loop,16
CNT,1,3155,2,5372442160,5532458192,rp2040_timer0,100010020,R,h1_ocxo_open_loop,16
CNT,1,3156,2,5548442176,5708458176,rp2040_timer0,100010000,R,h1_ocxo_open_loop,16
CNT,1,3157,2,5724442144,5884458208,rp2040_timer0,100010040,R,h1_ocxo_open_loop,16
CNT,1,3158,2,5900442160,6060458192,rp2040_timer0,100010020,R,h1_ocxo_open_loop,16
CNT,1,3159,2,6076442160,6236458192,rp2040_timer0,100010020,R,h1_ocxo_open_loop,16
CNT,1,3160,2,6252442160,6412458208,rp2040_timer0,100010030,R,h1_ocxo_open_loop,16
CNT,1,3161,2,6428442128,6588458192,rp2040_timer0,100010040,R,h1_ocxo_open_loop,16
CNT,1,3162,2,6604442192,6764458176,rp2040_timer0,100009990,R,h1_ocxo_open_loop,16
CNT,1,3163,2,6780442176,6940458224,rp2040_timer0,100010030,R,h1_ocxo_open_loop,16
CNT,1,3164,2,6956442128,7116458160,rp2040_timer0,100010020,R,h1_ocxo_open_loop,16
CNT,1,3165,2,7132442160,7292458160,rp2040_timer0,100010000,R,h1_ocxo_open_loop,16
CNT,1,3166,2,7308442160,7468458192,rp2040_timer0,100010020,R,h1_ocxo_open_loop,16
CNT,1,3167,2,7484442192,7644458208,rp2040_timer0,100010010,R,h1_ocxo_open_loop,16
CNT,1,3168,2,7660442144,7820458208,rp2040_timer0,100010040,R,h1_ocxo_open_loop,16
CNT,1,3169,2,7836442160,7996458160,rp2040_timer0,100010000,R,h1_ocxo_open_loop,16
CNT,1,3170,2,8012442192,8172458224,rp2040_timer0,100010020,R,h1_ocxo_open_loop,16
CNT,1,3171,2,8188442160,8348458208,rp2040_timer0,100010030,R,h1_ocxo_open_loop,16
CNT,1,3172,2,8364442176,8524458208,rp2040_timer0,100010020,R,h1_ocxo_open_loop,16
CNT,1,3173,2,8540442160,8700458160,rp2040_timer0,100010000,R,h1_ocxo_open_loop,16
CNT,1,3174,2,8716442128,8876458176,rp2040_timer0,100010030,R,h1_ocxo_open_loop,16
CNT,1,3175,2,8892442160,9052458192,rp2040_timer0,100010020,R,h1_ocxo_open_loop,16
CNT,1,3176,2,9068442160,9228458176,rp2040_timer0,100010010,R,h1_ocxo_open_loop,16
CNT,1,3177,2,9244442192,9404458160,rp2040_timer0,100009980,R,h1_ocxo_open_loop,16
CNT,1,3178,2,9420442160,9580458176,rp2040_timer0,100010010,R,h1_ocxo_open_loop,16
CNT,1,3179,2,9596442160,9756458208,rp2040_timer0,100010030,R,h1_ocxo_open_loop,16
CNT,1,3180,2,9772442192,9932458160,rp2040_timer0,100009980,R,h1_ocxo_open_loop,16
CNT,1,3181,2,9948442144,10108458144,rp2040_timer0,100010000,R,h1_ocxo_open_loop,16
CNT,1,3182,2,10124442144,10284458176,rp2040_timer0,100010020,R,h1_ocxo_open_loop,16
CNT,1,3183,2,10300442144,10460458192,rp2040_timer0,100010030,R,h1_ocxo_open_loop,16
CNT,1,3184,2,10476442160,10636458224,rp2040_timer0,100010040,R,h1_ocxo_open_loop,16
CNT,1,3185,2,10652442208,10812458160,rp2040_timer0,100009970,R,h1_ocxo_open_loop,16
CNT,1,3186,2,10828442144,10988458176,rp2040_timer0,100010020,R,h1_ocxo_open_loop,16
CNT,1,3187,2,11004442192,11164458208,rp2040_timer0,100010010,R,h1_ocxo_open_loop,16
CNT,1,3188,2,11180442160,11340458224,rp2040_timer0,100010040,R,h1_ocxo_open_loop,16
CNT,1,3189,2,11356442128,11516458160,rp2040_timer0,100010020,R,h1_ocxo_open_loop,16
CNT,1,3190,2,11532442160,11692458192,rp2040_timer0,100010020,R,h1_ocxo_open_loop,16
CNT,1,3191,2,11708442176,11868458224,rp2040_timer0,100010030,R,h1_ocxo_open_loop,16
CNT,1,3192,2,11884442176,12044458208,rp2040_timer0,100010020,R,h1_ocxo_open_loop,16
CNT,1,3193,2,12060442144,12220458160,rp2040_timer0,100010010,R,h1_ocxo_open_loop,16
CNT,1,3194,2,12236442144,12396458192,rp2040_timer0,100010030,R,h1_ocxo_open_loop,16
CNT,1,3195,2,12412442144,12572458224,rp2040_timer0,100010050,R,h1_ocxo_open_loop,16
CNT,1,3196,2,12588442144,12748458208,rp2040_timer0,100010040,R,h1_ocxo_open_loop,16
CNT,1,3197,2,12764442144,12924458192,rp2040_timer0,100010030,R,h1_ocxo_open_loop,16
CNT,1,3198,2,12940442128,13100458208,rp2040_timer0,100010050,R,h1_ocxo_open_loop,16
CNT,1,3199,2,13116442160,13276458192,rp2040_timer0,100010020,R,h1_ocxo_open_loop,16
CNT,1,3200,2,13292442160,13452458208,rp2040_timer0,100010030,R,h1_ocxo_open_loop,16
CNT,1,3201,2,13468442176,13628458192,rp2040_timer0,100010010,R,h1_ocxo_open_loop,16
CNT,1,3202,2,13644442160,13804458208,rp2040_timer0,100010030,R,h1_ocxo_open_loop,16
CNT,1,3203,2,13820442160,13980458208,rp2040_timer0,100010030,R,h1_ocxo_open_loop,16
CNT,1,3204,2,13996442192,14156458192,rp2040_timer0,100010000,R,h1_ocxo_open_loop,16
CNT,1,3205,2,14172442112,14332458224,rp2040_timer0,100010070,R,h1_ocxo_open_loop,16
CNT,1,3206,2,14348442128,14508458208,rp2040_timer0,100010050,R,h1_ocxo_open_loop,16
CNT,1,3207,2,14524442176,14684458208,rp2040_timer0,100010020,R,h1_ocxo_open_loop,16
CNT,1,3208,2,14700442176,14860458160,rp2040_timer0,100009990,R,h1_ocxo_open_loop,16
CNT,1,3209,2,14876442160,15036458160,rp2040_timer0,100010000,R,h1_ocxo_open_loop,16
CNT,1,3210,2,15052442144,15212458176,rp2040_timer0,100010020,R,h1_ocxo_open_loop,16
CNT,1,3211,2,15228442160,15388458176,rp2040_timer0,100010010,R,h1_ocxo_open_loop,16
CNT,1,3212,2,15404442144,15564458208,rp2040_timer0,100010040,R,h1_ocxo_open_loop,16
CNT,1,3213,2,15580442144,15740458176,rp2040_timer0,100010020,R,h1_ocxo_open_loop,16
CNT,1,3214,2,15756442176,15916458160,rp2040_timer0,100009990,R,h1_ocxo_open_loop,16
CNT,1,3215,2,15932442160,16092458192,rp2040_timer0,100010020,R,h1_ocxo_open_loop,16
CNT,1,3216,2,16108442144,16268458192,rp2040_timer0,100010030,R,h1_ocxo_open_loop,16
CNT,1,3217,2,16284442144,16444458224,rp2040_timer0,100010050,R,h1_ocxo_open_loop,16
CNT,1,3218,2,16460442144,16620458160,rp2040_timer0,100010010,R,h1_ocxo_open_loop,16
CNT,1,3219,2,16636442176,16796458176,rp2040_timer0,100010000,R,h1_ocxo_open_loop,16
CNT,1,3220,2,16812442128,16972458224,rp2040_timer0,100010060,R,h1_ocxo_open_loop,16
CNT,1,3221,2,16988442144,17148458176,rp2040_timer0,100010020,R,h1_ocxo_open_loop,16
CNT,1,3222,2,17164442144,17324458192,rp2040_timer0,100010030,R,h1_ocxo_open_loop,16
CNT,1,3223,2,17340442192,17500458208,rp2040_timer0,100010010,R,h1_ocxo_open_loop,16
CNT,1,3224,2,17516442160,17676458208,rp2040_timer0,100010030,R,h1_ocxo_open_loop,16
CNT,1,3225,2,17692442112,17852458160,rp2040_timer0,100010030,R,h1_ocxo_open_loop,16
CNT,1,3226,2,17868442176,18028458160,rp2040_timer0,100009990,R,h1_ocxo_open_loop,16
CNT,1,3227,2,18044442160,18204458208,rp2040_timer0,100010030,R,h1_ocxo_open_loop,16
CNT,1,3228,2,18220442144,18380458160,rp2040_timer0,100010010,R,h1_ocxo_open_loop,16
CNT,1,3229,2,18396442144,18556458224,rp2040_timer0,100010050,R,h1_ocxo_open_loop,16
CNT,1,3230,2,18572442144,18732458208,rp2040_timer0,100010040,R,h1_ocxo_open_loop,16
CNT,1,3231,2,18748442128,18908458176,rp2040_timer0,100010030,R,h1_ocxo_open_loop,16
CNT,1,3232,2,18924442176,19084458224,rp2040_timer0,100010030,R,h1_ocxo_open_loop,16
CNT,1,3233,2,19100442128,19260458192,rp2040_timer0,100010040,R,h1_ocxo_open_loop,16
CNT,1,3234,2,19276442176,19436458208,rp2040_timer0,100010020,R,h1_ocxo_open_loop,16
CNT,1,3235,2,19452442160,19612458160,rp2040_timer0,100010000,R,h1_ocxo_open_loop,16
CNT,1,3236,2,19628442144,19788458208,rp2040_timer0,100010040,R,h1_ocxo_open_loop,16
CNT,1,3237,2,19804442192,19964458208,rp2040_timer0,100010010,R,h1_ocxo_open_loop,16
CNT,1,3238,2,19980442192,20140458224,rp2040_timer0,100010020,R,h1_ocxo_open_loop,16
CNT,1,3239,2,20156442128,20316458160,rp2040_timer0,100010020,R,h1_ocxo_open_loop,16
CNT,1,3240,2,20332442144,20492458224,rp2040_timer0,100010050,R,h1_ocxo_open_loop,16
CNT,1,3241,2,20508442112,20668458192,rp2040_timer0,100010050,R,h1_ocxo_open_loop,16
CNT,1,3242,2,20684442160,20844458224,rp2040_timer0,100010040,R,h1_ocxo_open_loop,16
CNT,1,3243,2,20860442160,21020458208,rp2040_timer0,100010030,R,h1_ocxo_open_loop,16
CNT,1,3244,2,21036442144,21196458176,rp2040_timer0,100010020,R,h1_ocxo_open_loop,16
CNT,1,3245,2,21212442128,21372458192,rp2040_timer0,100010040,R,h1_ocxo_open_loop,16
CNT,1,3246,2,21388442128,21548458208,rp2040_timer0,100010050,R,h1_ocxo_open_loop,16
CNT,1,3247,2,21564442176,21724458224,rp2040_timer0,100010030,R,h1_ocxo_open_loop,16
CNT,1,3248,2,21740442128,21900458192,rp2040_timer0,100010040,R,h1_ocxo_open_loop,16
CNT,1,3249,2,21916442160,22076458224,rp2040_timer0,100010040,R,h1_ocxo_open_loop,16
CNT,1,3250,2,22092442160,22252458224,rp2040_timer0,100010040,R,h1_ocxo_open_loop,16
CNT,1,3251,2,22268442192,22428458176,rp2040_timer0,100009990,R,h1_ocxo_open_loop,16
CNT,1,3252,2,22444442128,22604458224,rp2040_timer0,100010060,R,h1_ocxo_open_loop,16
CNT,1,3253,2,22620442160,22780458208,rp2040_timer0,100010030,R,h1_ocxo_open_loop,16
CNT,1,3254,2,22796442176,22956458208,rp2040_timer0,100010020,R,h1_ocxo_open_loop,16
CNT,1,3255,2,22972442144,23132458224,rp2040_timer0,100010050,R,h1_ocxo_open_loop,16
CNT,1,3256,2,23148442112,23308458192,rp2040_timer0,100010050,R,h1_ocxo_open_loop,16
CNT,1,3257,2,23324442176,23484458208,rp2040_timer0,100010020,R,h1_ocxo_open_loop,16
CNT,1,3258,2,23500442128,23660458160,rp2040_timer0,100010020,R,h1_ocxo_open_loop,16
CNT,1,3259,2,23676442192,23836458208,rp2040_timer0,100010010,R,h1_ocxo_open_loop,16
CNT,1,3260,2,23852442160,24012458160,rp2040_timer0,100010000,R,h1_ocxo_open_loop,16
CNT,1,3261,2,24028442160,24188458144,rp2040_timer0,100009990,R,h1_ocxo_open_loop,16
CNT,1,3262,2,24204442128,24364458224,rp2040_timer0,100010060,R,h1_ocxo_open_loop,16
CNT,1,3263,2,24380442112,24540458224,rp2040_timer0,100010070,R,h1_ocxo_open_loop,16
CNT,1,3264,2,24556442160,24716458176,rp2040_timer0,100010010,R,h1_ocxo_open_loop,16
CNT,1,3265,2,24732442160,24892458192,rp2040_timer0,100010020,R,h1_ocxo_open_loop,16
CNT,1,3266,2,24908442160,25068458176,rp2040_timer0,100010010,R,h1_ocxo_open_loop,16
CNT,1,3267,2,25084442192,25244458208,rp2040_timer0,100010010,R,h1_ocxo_open_loop,16
CNT,1,3268,2,25260442144,25420458224,rp2040_timer0,100010050,R,h1_ocxo_open_loop,16
CNT,1,3269,2,25436442144,25596458144,rp2040_timer0,100010000,R,h1_ocxo_open_loop,16
CNT,1,3270,2,25612442144,25772458160,rp2040_timer0,100010010,R,h1_ocxo_open_loop,16
CNT,1,3271,2,25788442128,25948458224,rp2040_timer0,100010060,R,h1_ocxo_open_loop,16
CNT,1,3272,2,25964442192,26124458224,rp2040_timer0,100010020,R,h1_ocxo_open_loop,16
CNT,1,3273,2,26140442160,26300458144,rp2040_timer0,100009990,R,h1_ocxo_open_loop,16
CNT,1,3274,2,26316442176,26476458160,rp2040_timer0,100009990,R,h1_ocxo_open_loop,16
CNT,1,3275,2,26492442144,26652458192,rp2040_timer0,100010030,R,h1_ocxo_open_loop,16
CNT,1,3276,2,26668442176,26828458160,rp2040_timer0,100009990,R,h1_ocxo_open_loop,16
CNT,1,3277,2,26844442160,27004458208,rp2040_timer0,100010030,R,h1_ocxo_open_loop,16
CNT,1,3278,2,27020442144,27180458160,rp2040_timer0,100010010,R,h1_ocxo_open_loop,16
CNT,1,3279,2,27196442160,27356458176,rp2040_timer0,100010010,R,h1_ocxo_open_loop,16
CNT,1,3280,2,27372442160,27532458176,rp2040_timer0,100010010,R,h1_ocxo_open_loop,16
CNT,1,3281,2,27548442128,27708458192,rp2040_timer0,100010040,R,h1_ocxo_open_loop,16
CNT,1,3282,2,27724442144,27884458208,rp2040_timer0,100010040,R,h1_ocxo_open_loop,16
CNT,1,3283,2,27900442176,28060458208,rp2040_timer0,100010020,R,h1_ocxo_open_loop,16
CNT,1,3284,2,28076442144,28236458208,rp2040_timer0,100010040,R,h1_ocxo_open_loop,16
CNT,1,3285,2,28252442176,28412458176,rp2040_timer0,100010000,R,h1_ocxo_open_loop,16
CNT,1,3286,2,28428442144,28588458208,rp2040_timer0,100010040,R,h1_ocxo_open_loop,16
CNT,1,3287,2,28604442128,28764458224,rp2040_timer0,100010060,R,h1_ocxo_open_loop,16
CNT,1,3288,2,28780442128,28940458192,rp2040_timer0,100010040,R,h1_ocxo_open_loop,16
CNT,1,3289,2,28956442144,29116458192,rp2040_timer0,100010030,R,h1_ocxo_open_loop,16
CNT,1,3290,2,29132442160,29292458224,rp2040_timer0,100010040,R,h1_ocxo_open_loop,16
CNT,1,3291,2,29308442192,29468458208,rp2040_timer0,100010010,R,h1_ocxo_open_loop,16
CNT,1,3292,2,29484442144,29644458160,rp2040_timer0,100010010,R,h1_ocxo_open_loop,16
CNT,1,3293,2,29660442128,29820458208,rp2040_timer0,100010050,R,h1_ocxo_open_loop,16
CNT,1,3294,2,29836442128,29996458208,rp2040_timer0,100010050,R,h1_ocxo_open_loop,16
CNT,1,3295,2,30012442160,30172458160,rp2040_timer0,100010000,R,h1_ocxo_open_loop,16
CNT,1,3296,2,30188442128,30348458176,rp2040_timer0,100010030,R,h1_ocxo_open_loop,16
CNT,1,3297,2,30364442176,30524458176,rp2040_timer0,100010000,R,h1_ocxo_open_loop,16
CNT,1,3298,2,30540442144,30700458192,rp2040_timer0,100010030,R,h1_ocxo_open_loop,16
CNT,1,3299,2,30716442160,30876458160,rp2040_timer0,100010000,R,h1_ocxo_open_loop,16
CNT,1,3300,2,30892442144,31052458208,rp2040_timer0,100010040,R,h1_ocxo_open_loop,16
CNT,1,3301,2,31068442176,31228458176,rp2040_timer0,100010000,R,h1_ocxo_open_loop,16
CNT,1,3302,2,31244442160,31404458224,rp2040_timer0,100010040,R,h1_ocxo_open_loop,16
CNT,1,3303,2,31420442128,31580458176,rp2040_timer0,100010030,R,h1_ocxo_open_loop,16
CNT,1,3304,2,31596442144,31756458208,rp2040_timer0,100010040,R,h1_ocxo_open_loop,16
CNT,1,3305,2,31772442176,31932458192,rp2040_timer0,100010010,R,h1_ocxo_open_loop,16
CNT,1,3306,2,31948442192,32108458144,rp2040_timer0,100009970,R,h1_ocxo_open_loop,16
CNT,1,3307,2,32124442192,32284458224,rp2040_timer0,100010020,R,h1_ocxo_open_loop,16
CNT,1,3308,2,32300442160,32460458208,rp2040_timer0,100010030,R,h1_ocxo_open_loop,16
CNT,1,3309,2,32476442160,32636458176,rp2040_timer0,100010010,R,h1_ocxo_open_loop,16
CNT,1,3310,2,32652442176,32812458208,rp2040_timer0,100010020,R,h1_ocxo_open_loop,16
CNT,1,3311,2,32828442192,32988458224,rp2040_timer0,100010020,R,h1_ocxo_open_loop,16
CNT,1,3312,2,33004442144,33164458208,rp2040_timer0,100010040,R,h1_ocxo_open_loop,16
CNT,1,3313,2,33180442160,33340458192,rp2040_timer0,100010020,R,h1_ocxo_open_loop,16
CNT,1,3314,2,33356442160,33516458192,rp2040_timer0,100010020,R,h1_ocxo_open_loop,16
CNT,1,3315,2,33532442128,33692458160,rp2040_timer0,100010020,R,h1_ocxo_open_loop,16
CNT,1,3316,2,33708442144,33868458224,rp2040_timer0,100010050,R,h1_ocxo_open_loop,16
CNT,1,3317,2,33884442128,34044458192,rp2040_timer0,100010040,R,h1_ocxo_open_loop,16
CNT,1,3318,2,34060442128,34220458224,rp2040_timer0,100010060,R,h1_ocxo_open_loop,16
CNT,1,3319,2,34236442128,34396458224,rp2040_timer0,100010060,R,h1_ocxo_open_loop,16
CNT,1,3320,2,34412442176,34572458224,rp2040_timer0,100010030,R,h1_ocxo_open_loop,16
CNT,1,3321,2,34588442144,34748458176,rp2040_timer0,100010020,R,h1_ocxo_open_loop,16
CNT,1,3322,2,34764442128,34924458176,rp2040_timer0,100010030,R,h1_ocxo_open_loop,16
CNT,1,3323,2,34940442208,35100458224,rp2040_timer0,100010010,R,h1_ocxo_open_loop,16
CNT,1,3324,2,35116442160,35276458176,rp2040_timer0,100010010,R,h1_ocxo_open_loop,16
CNT,1,3325,2,35292442128,35452458176,rp2040_timer0,100010030,R,h1_ocxo_open_loop,16
CNT,1,3326,2,35468442176,35628458160,rp2040_timer0,100009990,R,h1_ocxo_open_loop,16
CNT,1,3327,2,35644442128,35804458176,rp2040_timer0,100010030,R,h1_ocxo_open_loop,16
CNT,1,3328,2,35820442144,35980458160,rp2040_timer0,100010010,R,h1_ocxo_open_loop,16
CNT,1,3329,2,35996442128,36156458208,rp2040_timer0,100010050,R,h1_ocxo_open_loop,16
CNT,1,3330,2,36172442176,36332458176,rp2040_timer0,100010000,R,h1_ocxo_open_loop,16
CNT,1,3331,2,36348442176,36508458192,rp2040_timer0,100010010,R,h1_ocxo_open_loop,16
CNT,1,3332,2,36524442176,36684458160,rp2040_timer0,100009990,R,h1_ocxo_open_loop,16
CNT,1,3333,2,36700442176,36860458160,rp2040_timer0,100009990,R,h1_ocxo_open_loop,16
CNT,1,3334,2,36876442176,37036458192,rp2040_timer0,100010010,R,h1_ocxo_open_loop,16
CNT,1,3335,2,37052442192,37212458160,rp2040_timer0,100009980,R,h1_ocxo_open_loop,16
CNT,1,3336,2,37228442160,37388458224,rp2040_timer0,100010040,R,h1_ocxo_open_loop,16
CNT,1,3337,2,37404442176,37564458224,rp2040_timer0,100010030,R,h1_ocxo_open_loop,16
CNT,1,3338,2,37580442176,37740458160,rp2040_timer0,100009990,R,h1_ocxo_open_loop,16
CNT,1,3339,2,37756442160,37916458208,rp2040_timer0,100010030,R,h1_ocxo_open_loop,16
CNT,1,3340,2,37932442192,38092458160,rp2040_timer0,100009980,R,h1_ocxo_open_loop,16
CNT,1,3341,2,38108442192,38268458176,rp2040_timer0,100009990,R,h1_ocxo_open_loop,16
CNT,1,3342,2,38284442192,38444458144,rp2040_timer0,100009970,R,h1_ocxo_open_loop,16
CNT,1,3343,2,38460442192,38620458192,rp2040_timer0,100010000,R,h1_ocxo_open_loop,16
CNT,1,3344,2,38636442176,38796458208,rp2040_timer0,100010020,R,h1_ocxo_open_loop,16
CNT,1,3345,2,38812442160,38972458208,rp2040_timer0,100010030,R,h1_ocxo_open_loop,16
CNT,1,3346,2,38988442128,39148458160,rp2040_timer0,100010020,R,h1_ocxo_open_loop,16
CNT,1,3347,2,39164442192,39324458192,rp2040_timer0,100010000,R,h1_ocxo_open_loop,16
CNT,1,3348,2,39340442144,39500458224,rp2040_timer0,100010050,R,h1_ocxo_open_loop,16
CNT,1,3349,2,39516442112,39676458176,rp2040_timer0,100010040,R,h1_ocxo_open_loop,16
CNT,1,3350,2,39692442176,39852458176,rp2040_timer0,100010000,R,h1_ocxo_open_loop,16
CNT,1,3351,2,39868442144,40028458224,rp2040_timer0,100010050,R,h1_ocxo_open_loop,16
CNT,1,3352,2,40044442192,40204458176,rp2040_timer0,100009990,R,h1_ocxo_open_loop,16
CNT,1,3353,2,40220442176,40380458208,rp2040_timer0,100010020,R,h1_ocxo_open_loop,16
CNT,1,3354,2,40396442112,40556458208,rp2040_timer0,100010060,R,h1_ocxo_open_loop,16
CNT,1,3355,2,40572442160,40732458176,rp2040_timer0,100010010,R,h1_ocxo_open_loop,16
CNT,1,3356,2,40748442192,40908458176,rp2040_timer0,100009990,R,h1_ocxo_open_loop,16
CNT,1,3357,2,40924442112,41084458160,rp2040_timer0,100010030,R,h1_ocxo_open_loop,16
CNT,1,3358,2,41100442176,41260458192,rp2040_timer0,100010010,R,h1_ocxo_open_loop,16
CNT,1,3359,2,41276442144,41436458208,rp2040_timer0,100010040,R,h1_ocxo_open_loop,16
CNT,1,3360,2,41452442160,41612458160,rp2040_timer0,100010000,R,h1_ocxo_open_loop,16
CNT,1,3361,2,41628442144,41788458224,rp2040_timer0,100010050,R,h1_ocxo_open_loop,16
CNT,1,3362,2,41804442160,41964458176,rp2040_timer0,100010010,R,h1_ocxo_open_loop,16
CNT,1,3363,2,41980442112,42140458176,rp2040_timer0,100010040,R,h1_ocxo_open_loop,16
CNT,1,3364,2,42156442144,42316458160,rp2040_timer0,100010010,R,h1_ocxo_open_loop,16
CNT,1,3365,2,42332442128,42492458176,rp2040_timer0,100010030,R,h1_ocxo_open_loop,16
CNT,1,3366,2,42508442160,42668458208,rp2040_timer0,100010030,R,h1_ocxo_open_loop,16
CNT,1,3367,2,42684442112,42844458224,rp2040_timer0,100010070,R,h1_ocxo_open_loop,16
CNT,1,3368,2,42860442160,43020458160,rp2040_timer0,100010000,R,h1_ocxo_open_loop,16
CNT,1,3369,2,43036442160,43196458160,rp2040_timer0,100010000,R,h1_ocxo_open_loop,16
CNT,1,3370,2,43212442160,43372458208,rp2040_timer0,100010030,R,h1_ocxo_open_loop,16
CNT,1,3371,2,43388442144,43548458176,rp2040_timer0,100010020,R,h1_ocxo_open_loop,16
CNT,1,3372,2,43564442176,43724458192,rp2040_timer0,100010010,R,h1_ocxo_open_loop,16
CNT,1,3373,2,43740442176,43900458208,rp2040_timer0,100010020,R,h1_ocxo_open_loop,16
CNT,1,3374,2,43916442112,44076458208,rp2040_timer0,100010060,R,h1_ocxo_open_loop,16
CNT,1,3375,2,44092442160,44252458176,rp2040_timer0,100010010,R,h1_ocxo_open_loop,16
CNT,1,3376,2,44268442160,44428458192,rp2040_timer0,100010020,R,h1_ocxo_open_loop,16
CNT,1,3377,2,44444442112,44604458208,rp2040_timer0,100010060,R,h1_ocxo_open_loop,16
CNT,1,3378,2,44620442144,44780458208,rp2040_timer0,100010040,R,h1_ocxo_open_loop,16
CNT,1,3379,2,44796442176,44956458176,rp2040_timer0,100010000,R,h1_ocxo_open_loop,16
CNT,1,3380,2,44972442128,45132458208,rp2040_timer0,100010050,R,h1_ocxo_open_loop,16
CNT,1,3381,2,45148442128,45308458192,rp2040_timer0,100010040,R,h1_ocxo_open_loop,16
CNT,1,3382,2,45324442192,45484458224,rp2040_timer0,100010020,R,h1_ocxo_open_loop,16
CNT,1,3383,2,45500442176,45660458208,rp2040_timer0,100010020,R,h1_ocxo_open_loop,16
CNT,1,3384,2,45676442144,45836458144,rp2040_timer0,100010000,R,h1_ocxo_open_loop,16
CNT,1,3385,2,45852442176,46012458160,rp2040_timer0,100009990,R,h1_ocxo_open_loop,16
CNT,1,3386,2,46028442160,46188458224,rp2040_timer0,100010040,R,h1_ocxo_open_loop,16
CNT,1,3387,2,46204442192,46364458224,rp2040_timer0,100010020,R,h1_ocxo_open_loop,16
CNT,1,3388,2,46380442112,46540458224,rp2040_timer0,100010070,R,h1_ocxo_open_loop,16
CNT,1,3389,2,46556442160,46716458176,rp2040_timer0,100010010,R,h1_ocxo_open_loop,16
CNT,1,3390,2,46732442160,46892458160,rp2040_timer0,100010000,R,h1_ocxo_open_loop,16
CNT,1,3391,2,46908442176,47068458192,rp2040_timer0,100010010,R,h1_ocxo_open_loop,16
CNT,1,3392,2,47084442144,47244458160,rp2040_timer0,100010010,R,h1_ocxo_open_loop,16
CNT,1,3393,2,47260442128,47420458176,rp2040_timer0,100010030,R,h1_ocxo_open_loop,16
CNT,1,3394,2,47436442144,47596458192,rp2040_timer0,100010030,R,h1_ocxo_open_loop,16
CNT,1,3395,2,47612442128,47772458176,rp2040_timer0,100010030,R,h1_ocxo_open_loop,16
CNT,1,3396,2,47788442128,47948458208,rp2040_timer0,100010050,R,h1_ocxo_open_loop,16
CNT,1,3397,2,47964442128,48124458208,rp2040_timer0,100010050,R,h1_ocxo_open_loop,16
CNT,1,3398,2,48140442128,48300458192,rp2040_timer0,100010040,R,h1_ocxo_open_loop,16
CNT,1,3399,2,48316442144,48476458176,rp2040_timer0,100010020,R,h1_ocxo_open_loop,16
CNT,1,3400,2,48492442160,48652458240,rp2040_timer0,100010050,R,h1_ocxo_open_loop,16
CNT,1,3401,2,48668442160,48828458160,rp2040_timer0,100010000,R,h1_ocxo_open_loop,16
CNT,1,3402,2,48844442160,49004458144,rp2040_timer0,100009990,R,h1_ocxo_open_loop,16
CNT,1,3403,2,49020442192,49180458208,rp2040_timer0,100010010,R,h1_ocxo_open_loop,16
CNT,1,3404,2,49196442144,49356458160,rp2040_timer0,100010010,R,h1_ocxo_open_loop,16
CNT,1,3405,2,49372442192,49532458176,rp2040_timer0,100009990,R,h1_ocxo_open_loop,16
CNT,1,3406,2,49548442128,49708458160,rp2040_timer0,100010020,R,h1_ocxo_open_loop,16
CNT,1,3407,2,49724442160,49884458192,rp2040_timer0,100010020,R,h1_ocxo_open_loop,16
CNT,1,3408,2,49900442160,50060458192,rp2040_timer0,100010020,R,h1_ocxo_open_loop,16
CNT,1,3409,2,50076442192,50236458192,rp2040_timer0,100010000,R,h1_ocxo_open_loop,16
CNT,1,3410,2,50252442176,50412458160,rp2040_timer0,100009990,R,h1_ocxo_open_loop,16
CNT,1,3411,2,50428442192,50588458160,rp2040_timer0,100009980,R,h1_ocxo_open_loop,16
CNT,1,3412,2,50604442176,50764458208,rp2040_timer0,100010020,R,h1_ocxo_open_loop,16
CNT,1,3413,2,50780442160,50940458160,rp2040_timer0,100010000,R,h1_ocxo_open_loop,16
CNT,1,3414,2,50956442160,51116458144,rp2040_timer0,100009990,R,h1_ocxo_open_loop,16
CNT,1,3415,2,51132442192,51292458208,rp2040_timer0,100010010,R,h1_ocxo_open_loop,16
CNT,1,3416,2,51308442176,51468458192,rp2040_timer0,100010010,R,h1_ocxo_open_loop,16
CNT,1,3417,2,51484442176,51644458176,rp2040_timer0,100010000,R,h1_ocxo_open_loop,16
CNT,1,3418,2,51660442160,51820458176,rp2040_timer0,100010010,R,h1_ocxo_open_loop,16
CNT,1,3419,2,51836442160,51996458160,rp2040_timer0,100010000,R,h1_ocxo_open_loop,16
CNT,1,3420,2,52012442128,52172458160,rp2040_timer0,100010020,R,h1_ocxo_open_loop,16
CNT,1,3421,2,52188442192,52348458208,rp2040_timer0,100010010,R,h1_ocxo_open_loop,16
CNT,1,3422,2,52364442128,52524458192,rp2040_timer0,100010040,R,h1_ocxo_open_loop,16
CNT,1,3423,2,52540442160,52700458208,rp2040_timer0,100010030,R,h1_ocxo_open_loop,16
CNT,1,3424,2,52716442224,52876458224,rp2040_timer0,100010000,R,h1_ocxo_open_loop,16
CNT,1,3425,2,52892442176,53052458224,rp2040_timer0,100010030,R,h1_ocxo_open_loop,16
CNT,1,3426,2,53068442128,53228458160,rp2040_timer0,100010020,R,h1_ocxo_open_loop,16
CNT,1,3427,2,53244442112,53404458208,rp2040_timer0,100010060,R,h1_ocxo_open_loop,16
CNT,1,3428,2,53420442128,53580458224,rp2040_timer0,100010060,R,h1_ocxo_open_loop,16
CNT,1,3429,2,53596442144,53756458176,rp2040_timer0,100010020,R,h1_ocxo_open_loop,16
CNT,1,3430,2,53772442128,53932458176,rp2040_timer0,100010030,R,h1_ocxo_open_loop,16
CNT,1,3431,2,53948442160,54108458160,rp2040_timer0,100010000,R,h1_ocxo_open_loop,16
CNT,1,3432,2,54124442128,54284458224,rp2040_timer0,100010060,R,h1_ocxo_open_loop,16
CNT,1,3433,2,54300442176,54460458176,rp2040_timer0,100010000,R,h1_ocxo_open_loop,16
CNT,1,3434,2,54476442144,54636458192,rp2040_timer0,100010030,R,h1_ocxo_open_loop,16
CNT,1,3435,2,54652442192,54812458224,rp2040_timer0,100010020,R,h1_ocxo_open_loop,16
CNT,1,3436,2,54828442160,54988458224,rp2040_timer0,100010040,R,h1_ocxo_open_loop,16
CNT,1,3437,2,55004442144,55164458160,rp2040_timer0,100010010,R,h1_ocxo_open_loop,16
CNT,1,3438,2,55180442128,55340458176,rp2040_timer0,100010030,R,h1_ocxo_open_loop,16
CNT,1,3439,2,55356442160,55516458224,rp2040_timer0,100010040,R,h1_ocxo_open_loop,16
CNT,1,3440,2,55532442144,55692458224,rp2040_timer0,100010050,R,h1_ocxo_open_loop,16
CNT,1,3441,2,55708442144,55868458208,rp2040_timer0,100010040,R,h1_ocxo_open_loop,16
CNT,1,3442,2,55884442128,56044458224,rp2040_timer0,100010060,R,h1_ocxo_open_loop,16
CNT,1,3443,2,56060442176,56220458176,rp2040_timer0,100010000,R,h1_ocxo_open_loop,16
CNT,1,3444,2,56236442176,56396458224,rp2040_timer0,100010030,R,h1_ocxo_open_loop,16
CNT,1,3445,2,56412442128,56572458192,rp2040_timer0,100010040,R,h1_ocxo_open_loop,16
CNT,1,3446,2,56588442160,56748458176,rp2040_timer0,100010010,R,h1_ocxo_open_loop,16
CNT,1,3447,2,56764442176,56924458208,rp2040_timer0,100010020,R,h1_ocxo_open_loop,16
CNT,1,3448,2,56940442144,57100458192,rp2040_timer0,100010030,R,h1_ocxo_open_loop,16
CNT,1,3449,2,57116442144,57276458192,rp2040_timer0,100010030,R,h1_ocxo_open_loop,16
CNT,1,3450,2,57292442112,57452458208,rp2040_timer0,100010060,R,h1_ocxo_open_loop,16
CNT,1,3451,2,57468442112,57628458192,rp2040_timer0,100010050,R,h1_ocxo_open_loop,16
CNT,1,3452,2,57644442128,57804458192,rp2040_timer0,100010040,R,h1_ocxo_open_loop,16
CNT,1,3453,2,57820442192,57980458208,rp2040_timer0,100010010,R,h1_ocxo_open_loop,16
CNT,1,3454,2,57996442128,58156458176,rp2040_timer0,100010030,R,h1_ocxo_open_loop,16
CNT,1,3455,2,58172442160,58332458160,rp2040_timer0,100010000,R,h1_ocxo_open_loop,16
CNT,1,3456,2,58348442160,58508458160,rp2040_timer0,100010000,R,h1_ocxo_open_loop,16
CNT,1,3457,2,58524442128,58684458176,rp2040_timer0,100010030,R,h1_ocxo_open_loop,16
CNT,1,3458,2,58700442176,58860458208,rp2040_timer0,100010020,R,h1_ocxo_open_loop,16
CNT,1,3459,2,58876442176,59036458160,rp2040_timer0,100009990,R,h1_ocxo_open_loop,16
CNT,1,3460,2,59052442128,59212458224,rp2040_timer0,100010060,R,h1_ocxo_open_loop,16
CNT,1,3461,2,59228442176,59388458176,rp2040_timer0,100010000,R,h1_ocxo_open_loop,16
CNT,1,3462,2,59404442144,59564458192,rp2040_timer0,100010030,R,h1_ocxo_open_loop,16
CNT,1,3463,2,59580442176,59740458160,rp2040_timer0,100009990,R,h1_ocxo_open_loop,16
CNT,1,3464,2,59756442128,59916458192,rp2040_timer0,100010040,R,h1_ocxo_open_loop,16
CNT,1,3465,2,59932442128,60092458176,rp2040_timer0,100010030,R,h1_ocxo_open_loop,16
CNT,1,3466,2,60108442144,60268458192,rp2040_timer0,100010030,R,h1_ocxo_open_loop,16
CNT,1,3467,2,60284442176,60444458224,rp2040_timer0,100010030,R,h1_ocxo_open_loop,16
CNT,1,3468,2,60460442128,60620458176,rp2040_timer0,100010030,R,h1_ocxo_open_loop,16
CNT,1,3469,2,60636442144,60796458160,rp2040_timer0,100010010,R,h1_ocxo_open_loop,16
CNT,1,3470,2,60812442176,60972458208,rp2040_timer0,100010020,R,h1_ocxo_open_loop,16
CNT,1,3471,2,60988442176,61148458160,rp2040_timer0,100009990,R,h1_ocxo_open_loop,16
CNT,1,3472,2,61164442144,61324458176,rp2040_timer0,100010020,R,h1_ocxo_open_loop,16
CNT,1,3473,2,61340442128,61500458144,rp2040_timer0,100010010,R,h1_ocxo_open_loop,16
CNT,1,3474,2,61516442176,61676458176,rp2040_timer0,100010000,R,h1_ocxo_open_loop,16
CNT,1,3475,2,61692442160,61852458160,rp2040_timer0,100010000,R,h1_ocxo_open_loop,16
CNT,1,3476,2,61868442192,62028458224,rp2040_timer0,100010020,R,h1_ocxo_open_loop,16
CNT,1,3477,2,62044442224,62204458224,rp2040_timer0,100010000,R,h1_ocxo_open_loop,16
CNT,1,3478,2,62220442160,62380458224,rp2040_timer0,100010040,R,h1_ocxo_open_loop,16
CNT,1,3479,2,62396442176,62556458176,rp2040_timer0,100010000,R,h1_ocxo_open_loop,16
CNT,1,3480,2,62572442160,62732458208,rp2040_timer0,100010030,R,h1_ocxo_open_loop,16
CNT,1,3481,2,62748442144,62908458192,rp2040_timer0,100010030,R,h1_ocxo_open_loop,16
CNT,1,3482,2,62924442112,63084458176,rp2040_timer0,100010040,R,h1_ocxo_open_loop,16
CNT,1,3483,2,63100442144,63260458208,rp2040_timer0,100010040,R,h1_ocxo_open_loop,16
CNT,1,3484,2,63276442192,63436458192,rp2040_timer0,100010000,R,h1_ocxo_open_loop,16
CNT,1,3485,2,63452442112,63612458176,rp2040_timer0,100010040,R,h1_ocxo_open_loop,16
CNT,1,3486,2,63628442176,63788458208,rp2040_timer0,100010020,R,h1_ocxo_open_loop,16
CNT,1,3487,2,63804442192,63964458160,rp2040_timer0,100009980,R,h1_ocxo_open_loop,16
CNT,1,3488,2,63980442192,64140458176,rp2040_timer0,100009990,R,h1_ocxo_open_loop,16
CNT,1,3489,2,64156442128,64316458224,rp2040_timer0,100010060,R,h1_ocxo_open_loop,16
CNT,1,3490,2,64332442144,64492458192,rp2040_timer0,100010030,R,h1_ocxo_open_loop,16
CNT,1,3491,2,64508442192,64668458144,rp2040_timer0,100009970,R,h1_ocxo_open_loop,16
CNT,1,3492,2,64684442128,64844458144,rp2040_timer0,100010010,R,h1_ocxo_open_loop,16
CNT,1,3493,2,64860442192,65020458208,rp2040_timer0,100010010,R,h1_ocxo_open_loop,16
CNT,1,3494,2,65036442176,65196458176,rp2040_timer0,100010000,R,h1_ocxo_open_loop,16
CNT,1,3495,2,65212442160,65372458192,rp2040_timer0,100010020,R,h1_ocxo_open_loop,16
CNT,1,3496,2,65388442176,65548458192,rp2040_timer0,100010010,R,h1_ocxo_open_loop,16
CNT,1,3497,2,65564442176,65724458176,rp2040_timer0,100010000,R,h1_ocxo_open_loop,16
CNT,1,3498,2,65740442176,65900458208,rp2040_timer0,100010020,R,h1_ocxo_open_loop,16
CNT,1,3499,2,65916442160,66076458224,rp2040_timer0,100010040,R,h1_ocxo_open_loop,16
CNT,1,3500,2,66092442128,66252458160,rp2040_timer0,100010020,R,h1_ocxo_open_loop,16
CNT,1,3501,2,66268442144,66428458144,rp2040_timer0,100010000,R,h1_ocxo_open_loop,16
CNT,1,3502,2,66444442128,66604458176,rp2040_timer0,100010030,R,h1_ocxo_open_loop,16
CNT,1,3503,2,66620442160,66780458144,rp2040_timer0,100009990,R,h1_ocxo_open_loop,16
CNT,1,3504,2,66796442192,66956458160,rp2040_timer0,100009980,R,h1_ocxo_open_loop,16
CNT,1,3505,2,66972442144,67132458224,rp2040_timer0,100010050,R,h1_ocxo_open_loop,16
CNT,1,3506,2,67148442144,67308458224,rp2040_timer0,100010050,R,h1_ocxo_open_loop,16
CNT,1,3507,2,67324442160,67484458176,rp2040_timer0,100010010,R,h1_ocxo_open_loop,16
CNT,1,3508,2,67500442192,67660458192,rp2040_timer0,100010000,R,h1_ocxo_open_loop,16
CNT,1,3509,2,67676442192,67836458224,rp2040_timer0,100010020,R,h1_ocxo_open_loop,16
CNT,1,3510,2,67852442192,68012458192,rp2040_timer0,100010000,R,h1_ocxo_open_loop,16
CNT,1,3511,2,68028442144,68188458208,rp2040_timer0,100010040,R,h1_ocxo_open_loop,16
CNT,1,3512,2,68204442176,68364458160,rp2040_timer0,100009990,R,h1_ocxo_open_loop,16
CNT,1,3513,2,68380442128,68540458176,rp2040_timer0,100010030,R,h1_ocxo_open_loop,16
CNT,1,3514,2,68556442144,68716458192,rp2040_timer0,100010030,R,h1_ocxo_open_loop,16
CNT,1,3515,2,12965440,172981488,rp2040_timer0,100010030,R,h1_ocxo_open_loop,16
CNT,1,3516,2,188965408,348981472,rp2040_timer0,100010040,R,h1_ocxo_open_loop,16
CNT,1,3517,2,364965456,524981488,rp2040_timer0,100010020,R,h1_ocxo_open_loop,16
CNT,1,3518,2,540965392,700981488,rp2040_timer0,100010060,R,h1_ocxo_open_loop,16
CNT,1,3519,2,716965424,876981456,rp2040_timer0,100010020,R,h1_ocxo_open_loop,16
CNT,1,3520,2,892965424,1052981488,rp2040_timer0,100010040,R,h1_ocxo_open_loop,16
CNT,1,3521,2,1068965392,1228981424,rp2040_timer0,100010020,R,h1_ocxo_open_loop,16
CNT,1,3522,2,1244965408,1404981440,rp2040_timer0,100010020,R,h1_ocxo_open_loop,16
CNT,1,3523,2,1420965424,1580981424,rp2040_timer0,100010000,R,h1_ocxo_open_loop,16
CNT,1,3524,2,1596965424,1756981440,rp2040_timer0,100010010,R,h1_ocxo_open_loop,16
CNT,1,3525,2,1772965392,1932981408,rp2040_timer0,100010010,R,h1_ocxo_open_loop,16
CNT,1,3526,2,1948965440,2108981440,rp2040_timer0,100010000,R,h1_ocxo_open_loop,16
CNT,1,3527,2,2124965408,2284981424,rp2040_timer0,100010010,R,h1_ocxo_open_loop,16
CNT,1,3528,2,2300965456,2460981440,rp2040_timer0,100009990,R,h1_ocxo_open_loop,16
CNT,1,3529,2,2476965424,2636981440,rp2040_timer0,100010010,R,h1_ocxo_open_loop,16
CNT,1,3530,2,2652965488,2812981440,rp2040_timer0,100009970,R,h1_ocxo_open_loop,16
CNT,1,3531,2,2828965440,2988981456,rp2040_timer0,100010010,R,h1_ocxo_open_loop,16
CNT,1,3532,2,3004965408,3164981488,rp2040_timer0,100010050,R,h1_ocxo_open_loop,16
CNT,1,3533,2,3180965440,3340981424,rp2040_timer0,100009990,R,h1_ocxo_open_loop,16
CNT,1,3534,2,3356965408,3516981456,rp2040_timer0,100010030,R,h1_ocxo_open_loop,16
CNT,1,3535,2,3532965456,3692981424,rp2040_timer0,100009980,R,h1_ocxo_open_loop,16
CNT,1,3536,2,3708965456,3868981456,rp2040_timer0,100010000,R,h1_ocxo_open_loop,16
CNT,1,3537,2,3884965424,4044981424,rp2040_timer0,100010000,R,h1_ocxo_open_loop,16
CNT,1,3538,2,4060965440,4220981456,rp2040_timer0,100010010,R,h1_ocxo_open_loop,16
CNT,1,3539,2,4236965440,4396981488,rp2040_timer0,100010030,R,h1_ocxo_open_loop,16
CNT,1,3540,2,4412965424,4572981440,rp2040_timer0,100010010,R,h1_ocxo_open_loop,16
CNT,1,3541,2,4588965408,4748981440,rp2040_timer0,100010020,R,h1_ocxo_open_loop,16
CNT,1,3542,2,4764965440,4924981424,rp2040_timer0,100009990,R,h1_ocxo_open_loop,16
CNT,1,3543,2,4940965440,5100981440,rp2040_timer0,100010000,R,h1_ocxo_open_loop,16
CNT,1,3544,2,5116965408,5276981424,rp2040_timer0,100010010,R,h1_ocxo_open_loop,16
CNT,1,3545,2,5292965392,5452981456,rp2040_timer0,100010040,R,h1_ocxo_open_loop,16
CNT,1,3546,2,5468965456,5628981424,rp2040_timer0,100009980,R,h1_ocxo_open_loop,16
CNT,1,3547,2,5644965408,5804981456,rp2040_timer0,100010030,R,h1_ocxo_open_loop,16
CNT,1,3548,2,5820965408,5980981472,rp2040_timer0,100010040,R,h1_ocxo_open_loop,16
CNT,1,3549,2,5996965392,6156981440,rp2040_timer0,100010030,R,h1_ocxo_open_loop,16
CNT,1,3550,2,6172965440,6332981472,rp2040_timer0,100010020,R,h1_ocxo_open_loop,16
CNT,1,3551,2,6348965440,6508981456,rp2040_timer0,100010010,R,h1_ocxo_open_loop,16
CNT,1,3552,2,6524965456,6684981456,rp2040_timer0,100010000,R,h1_ocxo_open_loop,16
CNT,1,3553,2,6700965392,6860981488,rp2040_timer0,100010060,R,h1_ocxo_open_loop,16
CNT,1,3554,2,6876965440,7036981424,rp2040_timer0,100009990,R,h1_ocxo_open_loop,16
CNT,1,3555,2,7052965440,7212981488,rp2040_timer0,100010030,R,h1_ocxo_open_loop,16
CNT,1,3556,2,7228965392,7388981424,rp2040_timer0,100010020,R,h1_ocxo_open_loop,16
CNT,1,3557,2,7404965456,7564981440,rp2040_timer0,100009990,R,h1_ocxo_open_loop,16
CNT,1,3558,2,7580965440,7740981408,rp2040_timer0,100009980,R,h1_ocxo_open_loop,16
CNT,1,3559,2,7756965376,7916981440,rp2040_timer0,100010040,R,h1_ocxo_open_loop,16
CNT,1,3560,2,7932965424,8092981456,rp2040_timer0,100010020,R,h1_ocxo_open_loop,16
CNT,1,3561,2,8108965424,8268981424,rp2040_timer0,100010000,R,h1_ocxo_open_loop,16
CNT,1,3562,2,8284965392,8444981440,rp2040_timer0,100010030,R,h1_ocxo_open_loop,16
CNT,1,3563,2,8460965392,8620981456,rp2040_timer0,100010040,R,h1_ocxo_open_loop,16
CNT,1,3564,2,8636965456,8796981424,rp2040_timer0,100009980,R,h1_ocxo_open_loop,16
CNT,1,3565,2,8812965440,8972981408,rp2040_timer0,100009980,R,h1_ocxo_open_loop,16
CNT,1,3566,2,8988965440,9148981424,rp2040_timer0,100009990,R,h1_ocxo_open_loop,16
CNT,1,3567,2,9164965376,9324981456,rp2040_timer0,100010050,R,h1_ocxo_open_loop,16
CNT,1,3568,2,9340965392,9500981488,rp2040_timer0,100010060,R,h1_ocxo_open_loop,16
CNT,1,3569,2,9516965408,9676981440,rp2040_timer0,100010020,R,h1_ocxo_open_loop,16
CNT,1,3570,2,9692965440,9852981488,rp2040_timer0,100010030,R,h1_ocxo_open_loop,16
CNT,1,3571,2,9868965392,10028981440,rp2040_timer0,100010030,R,h1_ocxo_open_loop,16
CNT,1,3572,2,10044965456,10204981424,rp2040_timer0,100009980,R,h1_ocxo_open_loop,16
CNT,1,3573,2,10220965424,10380981424,rp2040_timer0,100010000,R,h1_ocxo_open_loop,16
CNT,1,3574,2,10396965392,10556981488,rp2040_timer0,100010060,R,h1_ocxo_open_loop,16
CNT,1,3575,2,10572965392,10732981472,rp2040_timer0,100010050,R,h1_ocxo_open_loop,16
CNT,1,3576,2,10748965440,10908981472,rp2040_timer0,100010020,R,h1_ocxo_open_loop,16
CNT,1,3577,2,10924965408,11084981408,rp2040_timer0,100010000,R,h1_ocxo_open_loop,16
CNT,1,3578,2,11100965456,11260981456,rp2040_timer0,100010000,R,h1_ocxo_open_loop,16
CNT,1,3579,2,11276965456,11436981440,rp2040_timer0,100009990,R,h1_ocxo_open_loop,16
CNT,1,3580,2,11452965408,11612981488,rp2040_timer0,100010050,R,h1_ocxo_open_loop,16
CNT,1,3581,2,11628965456,11788981472,rp2040_timer0,100010010,R,h1_ocxo_open_loop,16
CNT,1,3582,2,11804965376,11964981456,rp2040_timer0,100010050,R,h1_ocxo_open_loop,16
CNT,1,3583,2,11980965456,12140981472,rp2040_timer0,100010010,R,h1_ocxo_open_loop,16
CNT,1,3584,2,12156965424,12316981424,rp2040_timer0,100010000,R,h1_ocxo_open_loop,16
CNT,1,3585,2,12332965424,12492981456,rp2040_timer0,100010020,R,h1_ocxo_open_loop,16
CNT,1,3586,2,12508965392,12668981456,rp2040_timer0,100010040,R,h1_ocxo_open_loop,16
CNT,1,3587,2,12684965424,12844981424,rp2040_timer0,100010000,R,h1_ocxo_open_loop,16
CNT,1,3588,2,12860965424,13020981440,rp2040_timer0,100010010,R,h1_ocxo_open_loop,16
CNT,1,3589,2,13036965456,13196981424,rp2040_timer0,100009980,R,h1_ocxo_open_loop,16
CNT,1,3590,2,13212965488,13372981472,rp2040_timer0,100009990,R,h1_ocxo_open_loop,16
CNT,1,3591,2,13388965392,13548981456,rp2040_timer0,100010040,R,h1_ocxo_open_loop,16
CNT,1,3592,2,13564965392,13724981488,rp2040_timer0,100010060,R,h1_ocxo_open_loop,16
CNT,1,3593,2,13740965440,13900981424,rp2040_timer0,100009990,R,h1_ocxo_open_loop,16
CNT,1,3594,2,13916965408,14076981456,rp2040_timer0,100010030,R,h1_ocxo_open_loop,16
CNT,1,3595,2,14092965408,14252981472,rp2040_timer0,100010040,R,h1_ocxo_open_loop,16
CNT,1,3596,2,14268965456,14428981488,rp2040_timer0,100010020,R,h1_ocxo_open_loop,16
CNT,1,3597,2,14444965424,14604981456,rp2040_timer0,100010020,R,h1_ocxo_open_loop,16
CNT,1,3598,2,14620965392,14780981424,rp2040_timer0,100010020,R,h1_ocxo_open_loop,16
CNT,1,3599,2,14796965424,14956981456,rp2040_timer0,100010020,R,h1_ocxo_open_loop,16
CNT,1,3600,2,14972965376,15132981440,rp2040_timer0,100010040,R,h1_ocxo_open_loop,16
CNT,1,3601,2,15148965408,15308981440,rp2040_timer0,100010020,R,h1_ocxo_open_loop,16
CNT,1,3602,2,15324965456,15484981488,rp2040_timer0,100010020,R,h1_ocxo_open_loop,16
CNT,1,3603,2,15500965408,15660981456,rp2040_timer0,100010030,R,h1_ocxo_open_loop,16
CNT,1,3604,2,15676965376,15836981424,rp2040_timer0,100010030,R,h1_ocxo_open_loop,16
CNT,1,3605,2,15852965424,16012981472,rp2040_timer0,100010030,R,h1_ocxo_open_loop,16
CNT,1,3606,2,16028965424,16188981456,rp2040_timer0,100010020,R,h1_ocxo_open_loop,16
CNT,1,3607,2,16204965392,16364981440,rp2040_timer0,100010030,R,h1_ocxo_open_loop,16
CNT,1,3608,2,16380965408,16540981456,rp2040_timer0,100010030,R,h1_ocxo_open_loop,16
CNT,1,3609,2,16556965408,16716981424,rp2040_timer0,100010010,R,h1_ocxo_open_loop,16
CNT,1,3610,2,16732965440,16892981488,rp2040_timer0,100010030,R,h1_ocxo_open_loop,16
CNT,1,3611,2,16908965440,17068981440,rp2040_timer0,100010000,R,h1_ocxo_open_loop,16
CNT,1,3612,2,17084965376,17244981440,rp2040_timer0,100010040,R,h1_ocxo_open_loop,16
CNT,1,3613,2,17260965424,17420981424,rp2040_timer0,100010000,R,h1_ocxo_open_loop,16
CNT,1,3614,2,17436965408,17596981424,rp2040_timer0,100010010,R,h1_ocxo_open_loop,16
CNT,1,3615,2,17612965424,17772981456,rp2040_timer0,100010020,R,h1_ocxo_open_loop,16
CNT,1,3616,2,17788965424,17948981424,rp2040_timer0,100010000,R,h1_ocxo_open_loop,16
CNT,1,3617,2,17964965408,18124981472,rp2040_timer0,100010040,R,h1_ocxo_open_loop,16
CNT,1,3618,2,18140965456,18300981472,rp2040_timer0,100010010,R,h1_ocxo_open_loop,16
CNT,1,3619,2,18316965440,18476981424,rp2040_timer0,100009990,R,h1_ocxo_open_loop,16
CNT,1,3620,2,18492965440,18652981456,rp2040_timer0,100010010,R,h1_ocxo_open_loop,16
CNT,1,3621,2,18668965424,18828981456,rp2040_timer0,100010020,R,h1_ocxo_open_loop,16
CNT,1,3622,2,18844965424,19004981472,rp2040_timer0,100010030,R,h1_ocxo_open_loop,16
CNT,1,3623,2,19020965424,19180981440,rp2040_timer0,100010010,R,h1_ocxo_open_loop,16
CNT,1,3624,2,19196965424,19356981456,rp2040_timer0,100010020,R,h1_ocxo_open_loop,16
CNT,1,3625,2,19372965392,19532981472,rp2040_timer0,100010050,R,h1_ocxo_open_loop,16
CNT,1,3626,2,19548965424,19708981472,rp2040_timer0,100010030,R,h1_ocxo_open_loop,16
CNT,1,3627,2,19724965440,19884981456,rp2040_timer0,100010010,R,h1_ocxo_open_loop,16
CNT,1,3628,2,19900965392,20060981440,rp2040_timer0,100010030,R,h1_ocxo_open_loop,16
CNT,1,3629,2,20076965408,20236981472,rp2040_timer0,100010040,R,h1_ocxo_open_loop,16
CNT,1,3630,2,20252965424,20412981440,rp2040_timer0,100010010,R,h1_ocxo_open_loop,16
CNT,1,3631,2,20428965376,20588981472,rp2040_timer0,100010060,R,h1_ocxo_open_loop,16
CNT,1,3632,2,20604965392,20764981456,rp2040_timer0,100010040,R,h1_ocxo_open_loop,16
CNT,1,3633,2,20780965424,20940981456,rp2040_timer0,100010020,R,h1_ocxo_open_loop,16
CNT,1,3634,2,20956965424,21116981472,rp2040_timer0,100010030,R,h1_ocxo_open_loop,16
CNT,1,3635,2,21132965392,21292981424,rp2040_timer0,100010020,R,h1_ocxo_open_loop,16
CNT,1,3636,2,21308965424,21468981456,rp2040_timer0,100010020,R,h1_ocxo_open_loop,16
CNT,1,3637,2,21484965440,21644981488,rp2040_timer0,100010030,R,h1_ocxo_open_loop,16
CNT,1,3638,2,21660965456,21820981472,rp2040_timer0,100010010,R,h1_ocxo_open_loop,16
CNT,1,3639,2,21836965424,21996981472,rp2040_timer0,100010030,R,h1_ocxo_open_loop,16
CNT,1,3640,2,22012965392,22172981408,rp2040_timer0,100010010,R,h1_ocxo_open_loop,16
CNT,1,3641,2,22188965408,22348981472,rp2040_timer0,100010040,R,h1_ocxo_open_loop,16
CNT,1,3642,2,22364965456,22524981440,rp2040_timer0,100009990,R,h1_ocxo_open_loop,16
CNT,1,3643,2,22540965440,22700981456,rp2040_timer0,100010010,R,h1_ocxo_open_loop,16
CNT,1,3644,2,22716965408,22876981472,rp2040_timer0,100010040,R,h1_ocxo_open_loop,16
CNT,1,3645,2,22892965456,23052981440,rp2040_timer0,100009990,R,h1_ocxo_open_loop,16
CNT,1,3646,2,23068965376,23228981456,rp2040_timer0,100010050,R,h1_ocxo_open_loop,16
CNT,1,3647,2,23244965408,23404981440,rp2040_timer0,100010020,R,h1_ocxo_open_loop,16
CNT,1,3648,2,23420965392,23580981488,rp2040_timer0,100010060,R,h1_ocxo_open_loop,16
CNT,1,3649,2,23596965408,23756981408,rp2040_timer0,100010000,R,h1_ocxo_open_loop,16
CNT,1,3650,2,23772965408,23932981472,rp2040_timer0,100010040,R,h1_ocxo_open_loop,16
CNT,1,3651,2,23948965376,24108981488,rp2040_timer0,100010070,R,h1_ocxo_open_loop,16
CNT,1,3652,2,24124965440,24284981488,rp2040_timer0,100010030,R,h1_ocxo_open_loop,16
CNT,1,3653,2,24300965440,24460981440,rp2040_timer0,100010000,R,h1_ocxo_open_loop,16
CNT,1,3654,2,24476965392,24636981424,rp2040_timer0,100010020,R,h1_ocxo_open_loop,16
CNT,1,3655,2,24652965424,24812981440,rp2040_timer0,100010010,R,h1_ocxo_open_loop,16
CNT,1,3656,2,24828965424,24988981472,rp2040_timer0,100010030,R,h1_ocxo_open_loop,16
CNT,1,3657,2,25004965440,25164981456,rp2040_timer0,100010010,R,h1_ocxo_open_loop,16
CNT,1,3658,2,25180965408,25340981472,rp2040_timer0,100010040,R,h1_ocxo_open_loop,16
CNT,1,3659,2,25356965408,25516981456,rp2040_timer0,100010030,R,h1_ocxo_open_loop,16
CNT,1,3660,2,25532965440,25692981440,rp2040_timer0,100010000,R,h1_ocxo_open_loop,16
CNT,1,3661,2,25708965456,25868981424,rp2040_timer0,100009980,R,h1_ocxo_open_loop,16
CNT,1,3662,2,25884965376,26044981440,rp2040_timer0,100010040,R,h1_ocxo_open_loop,16
CNT,1,3663,2,26060965392,26220981488,rp2040_timer0,100010060,R,h1_ocxo_open_loop,16
CNT,1,3664,2,26236965376,26396981488,rp2040_timer0,100010070,R,h1_ocxo_open_loop,16
CNT,1,3665,2,26412965408,26572981472,rp2040_timer0,100010040,R,h1_ocxo_open_loop,16
CNT,1,3666,2,26588965456,26748981424,rp2040_timer0,100009980,R,h1_ocxo_open_loop,16
CNT,1,3667,2,26764965392,26924981424,rp2040_timer0,100010020,R,h1_ocxo_open_loop,16
CNT,1,3668,2,26940965408,27100981440,rp2040_timer0,100010020,R,h1_ocxo_open_loop,16
CNT,1,3669,2,27116965392,27276981472,rp2040_timer0,100010050,R,h1_ocxo_open_loop,16
CNT,1,3670,2,27292965392,27452981456,rp2040_timer0,100010040,R,h1_ocxo_open_loop,16
CNT,1,3671,2,27468965440,27628981408,rp2040_timer0,100009980,R,h1_ocxo_open_loop,16
CNT,1,3672,2,27644965392,27804981408,rp2040_timer0,100010010,R,h1_ocxo_open_loop,16
CNT,1,3673,2,27820965408,27980981424,rp2040_timer0,100010010,R,h1_ocxo_open_loop,16
CNT,1,3674,2,27996965408,28156981440,rp2040_timer0,100010020,R,h1_ocxo_open_loop,16
CNT,1,3675,2,28172965456,28332981440,rp2040_timer0,100009990,R,h1_ocxo_open_loop,16
CNT,1,3676,2,28348965440,28508981456,rp2040_timer0,100010010,R,h1_ocxo_open_loop,16
CNT,1,3677,2,28524965440,28684981456,rp2040_timer0,100010010,R,h1_ocxo_open_loop,16
CNT,1,3678,2,28700965408,28860981456,rp2040_timer0,100010030,R,h1_ocxo_open_loop,16
CNT,1,3679,2,28876965456,29036981488,rp2040_timer0,100010020,R,h1_ocxo_open_loop,16
CNT,1,3680,2,29052965408,29212981424,rp2040_timer0,100010010,R,h1_ocxo_open_loop,16
CNT,1,3681,2,29228965408,29388981456,rp2040_timer0,100010030,R,h1_ocxo_open_loop,16
CNT,1,3682,2,29404965408,29564981472,rp2040_timer0,100010040,R,h1_ocxo_open_loop,16
CNT,1,3683,2,29580965408,29740981488,rp2040_timer0,100010050,R,h1_ocxo_open_loop,16
CNT,1,3684,2,29756965408,29916981440,rp2040_timer0,100010020,R,h1_ocxo_open_loop,16
CNT,1,3685,2,29932965456,30092981456,rp2040_timer0,100010000,R,h1_ocxo_open_loop,16
CNT,1,3686,2,30108965408,30268981424,rp2040_timer0,100010010,R,h1_ocxo_open_loop,16
CNT,1,3687,2,30284965456,30444981456,rp2040_timer0,100010000,R,h1_ocxo_open_loop,16
CNT,1,3688,2,30460965424,30620981440,rp2040_timer0,100010010,R,h1_ocxo_open_loop,16
CNT,1,3689,2,30636965440,30796981440,rp2040_timer0,100010000,R,h1_ocxo_open_loop,16
CNT,1,3690,2,30812965392,30972981424,rp2040_timer0,100010020,R,h1_ocxo_open_loop,16
CNT,1,3691,2,30988965456,31148981456,rp2040_timer0,100010000,R,h1_ocxo_open_loop,16
CNT,1,3692,2,31164965456,31324981440,rp2040_timer0,100009990,R,h1_ocxo_open_loop,16
CNT,1,3693,2,31340965456,31500981440,rp2040_timer0,100009990,R,h1_ocxo_open_loop,16
CNT,1,3694,2,31516965376,31676981424,rp2040_timer0,100010030,R,h1_ocxo_open_loop,16
CNT,1,3695,2,31692965456,31852981424,rp2040_timer0,100009980,R,h1_ocxo_open_loop,16
CNT,1,3696,2,31868965376,32028981488,rp2040_timer0,100010070,R,h1_ocxo_open_loop,16
CNT,1,3697,2,32044965424,32204981488,rp2040_timer0,100010040,R,h1_ocxo_open_loop,16
CNT,1,3698,2,32220965392,32380981488,rp2040_timer0,100010060,R,h1_ocxo_open_loop,16
CNT,1,3699,2,32396965440,32556981472,rp2040_timer0,100010020,R,h1_ocxo_open_loop,16
CNT,1,3700,2,32572965408,32732981408,rp2040_timer0,100010000,R,h1_ocxo_open_loop,16
CNT,1,3701,2,32748965424,32908981472,rp2040_timer0,100010030,R,h1_ocxo_open_loop,16
CNT,1,3702,2,32924965456,33084981456,rp2040_timer0,100010000,R,h1_ocxo_open_loop,16
CNT,1,3703,2,33100965392,33260981488,rp2040_timer0,100010060,R,h1_ocxo_open_loop,16
CNT,1,3704,2,33276965392,33436981424,rp2040_timer0,100010020,R,h1_ocxo_open_loop,16
CNT,1,3705,2,33452965408,33612981440,rp2040_timer0,100010020,R,h1_ocxo_open_loop,16
CNT,1,3706,2,33628965424,33788981456,rp2040_timer0,100010020,R,h1_ocxo_open_loop,16
CNT,1,3707,2,33804965408,33964981456,rp2040_timer0,100010030,R,h1_ocxo_open_loop,16
CNT,1,3708,2,33980965440,34140981424,rp2040_timer0,100009990,R,h1_ocxo_open_loop,16
CNT,1,3709,2,34156965424,34316981456,rp2040_timer0,100010020,R,h1_ocxo_open_loop,16
CNT,1,3710,2,34332965392,34492981424,rp2040_timer0,100010020,R,h1_ocxo_open_loop,16
CNT,1,3711,2,34508965424,34668981424,rp2040_timer0,100010000,R,h1_ocxo_open_loop,16
CNT,1,3712,2,34684965424,34844981456,rp2040_timer0,100010020,R,h1_ocxo_open_loop,16
CNT,1,3713,2,34860965408,35020981424,rp2040_timer0,100010010,R,h1_ocxo_open_loop,16
CNT,1,3714,2,35036965392,35196981472,rp2040_timer0,100010050,R,h1_ocxo_open_loop,16
CNT,1,3715,2,35212965424,35372981488,rp2040_timer0,100010040,R,h1_ocxo_open_loop,16
CNT,1,3716,2,35388965408,35548981408,rp2040_timer0,100010000,R,h1_ocxo_open_loop,16
CNT,1,3717,2,35564965392,35724981424,rp2040_timer0,100010020,R,h1_ocxo_open_loop,16
CNT,1,3718,2,35740965456,35900981472,rp2040_timer0,100010010,R,h1_ocxo_open_loop,16
CNT,1,3719,2,35916965456,36076981424,rp2040_timer0,100009980,R,h1_ocxo_open_loop,16
CNT,1,3720,2,36092965408,36252981408,rp2040_timer0,100010000,R,h1_ocxo_open_loop,16
CNT,1,3721,2,36268965408,36428981488,rp2040_timer0,100010050,R,h1_ocxo_open_loop,16
CNT,1,3722,2,36444965440,36604981472,rp2040_timer0,100010020,R,h1_ocxo_open_loop,16
CNT,1,3723,2,36620965424,36780981488,rp2040_timer0,100010040,R,h1_ocxo_open_loop,16
CNT,1,3724,2,36796965440,36956981424,rp2040_timer0,100009990,R,h1_ocxo_open_loop,16
CNT,1,3725,2,36972965392,37132981472,rp2040_timer0,100010050,R,h1_ocxo_open_loop,16
CNT,1,3726,2,37148965456,37308981440,rp2040_timer0,100009990,R,h1_ocxo_open_loop,16
CNT,1,3727,2,37324965376,37484981472,rp2040_timer0,100010060,R,h1_ocxo_open_loop,16
CNT,1,3728,2,37500965440,37660981472,rp2040_timer0,100010020,R,h1_ocxo_open_loop,16
CNT,1,3729,2,37676965392,37836981472,rp2040_timer0,100010050,R,h1_ocxo_open_loop,16
CNT,1,3730,2,37852965408,38012981424,rp2040_timer0,100010010,R,h1_ocxo_open_loop,16
CNT,1,3731,2,38028965456,38188981488,rp2040_timer0,100010020,R,h1_ocxo_open_loop,16
CNT,1,3732,2,38204965424,38364981440,rp2040_timer0,100010010,R,h1_ocxo_open_loop,16
CNT,1,3733,2,38380965392,38540981472,rp2040_timer0,100010050,R,h1_ocxo_open_loop,16
CNT,1,3734,2,38556965392,38716981408,rp2040_timer0,100010010,R,h1_ocxo_open_loop,16
CNT,1,3735,2,38732965488,38892981488,rp2040_timer0,100010000,R,h1_ocxo_open_loop,16
CNT,1,3736,2,38908965408,39068981456,rp2040_timer0,100010030,R,h1_ocxo_open_loop,16
CNT,1,3737,2,39084965376,39244981488,rp2040_timer0,100010070,R,h1_ocxo_open_loop,16
CNT,1,3738,2,39260965376,39420981440,rp2040_timer0,100010040,R,h1_ocxo_open_loop,16
CNT,1,3739,2,39436965392,39596981424,rp2040_timer0,100010020,R,h1_ocxo_open_loop,16
CNT,1,3740,2,39612965408,39772981472,rp2040_timer0,100010040,R,h1_ocxo_open_loop,16
CNT,1,3741,2,39788965424,39948981488,rp2040_timer0,100010040,R,h1_ocxo_open_loop,16
CNT,1,3742,2,39964965392,40124981472,rp2040_timer0,100010050,R,h1_ocxo_open_loop,16
CNT,1,3743,2,40140965424,40300981456,rp2040_timer0,100010020,R,h1_ocxo_open_loop,16
CNT,1,3744,2,40316965376,40476981424,rp2040_timer0,100010030,R,h1_ocxo_open_loop,16
CNT,1,3745,2,40492965440,40652981408,rp2040_timer0,100009980,R,h1_ocxo_open_loop,16
CNT,1,3746,2,40668965408,40828981424,rp2040_timer0,100010010,R,h1_ocxo_open_loop,16
CNT,1,3747,2,40844965408,41004981456,rp2040_timer0,100010030,R,h1_ocxo_open_loop,16
CNT,1,3748,2,41020965456,41180981472,rp2040_timer0,100010010,R,h1_ocxo_open_loop,16
CNT,1,3749,2,41196965408,41356981440,rp2040_timer0,100010020,R,h1_ocxo_open_loop,16
CNT,1,3750,2,41372965424,41532981424,rp2040_timer0,100010000,R,h1_ocxo_open_loop,16
CNT,1,3751,2,41548965408,41708981440,rp2040_timer0,100010020,R,h1_ocxo_open_loop,16
CNT,1,3752,2,41724965392,41884981488,rp2040_timer0,100010060,R,h1_ocxo_open_loop,16
CNT,1,3753,2,41900965408,42060981424,rp2040_timer0,100010010,R,h1_ocxo_open_loop,16
CNT,1,3754,2,42076965440,42236981488,rp2040_timer0,100010030,R,h1_ocxo_open_loop,16
CNT,1,3755,2,42252965392,42412981456,rp2040_timer0,100010040,R,h1_ocxo_open_loop,16
CNT,1,3756,2,42428965456,42588981456,rp2040_timer0,100010000,R,h1_ocxo_open_loop,16
CNT,1,3757,2,42604965440,42764981440,rp2040_timer0,100010000,R,h1_ocxo_open_loop,16
CNT,1,3758,2,42780965392,42940981456,rp2040_timer0,100010040,R,h1_ocxo_open_loop,16
CNT,1,3759,2,42956965456,43116981440,rp2040_timer0,100009990,R,h1_ocxo_open_loop,16
CNT,1,3760,2,43132965392,43292981472,rp2040_timer0,100010050,R,h1_ocxo_open_loop,16
CNT,1,3761,2,43308965456,43468981424,rp2040_timer0,100009980,R,h1_ocxo_open_loop,16
CNT,1,3762,2,43484965440,43644981424,rp2040_timer0,100009990,R,h1_ocxo_open_loop,16
CNT,1,3763,2,43660965376,43820981456,rp2040_timer0,100010050,R,h1_ocxo_open_loop,16
CNT,1,3764,2,43836965392,43996981440,rp2040_timer0,100010030,R,h1_ocxo_open_loop,16
CNT,1,3765,2,44012965376,44172981424,rp2040_timer0,100010030,R,h1_ocxo_open_loop,16
CNT,1,3766,2,44188965376,44348981488,rp2040_timer0,100010070,R,h1_ocxo_open_loop,16
CNT,1,3767,2,44364965408,44524981456,rp2040_timer0,100010030,R,h1_ocxo_open_loop,16
CNT,1,3768,2,44540965424,44700981456,rp2040_timer0,100010020,R,h1_ocxo_open_loop,16
CNT,1,3769,2,44716965392,44876981440,rp2040_timer0,100010030,R,h1_ocxo_open_loop,16
CNT,1,3770,2,44892965424,45052981440,rp2040_timer0,100010010,R,h1_ocxo_open_loop,16
CNT,1,3771,2,45068965424,45228981472,rp2040_timer0,100010030,R,h1_ocxo_open_loop,16
CNT,1,3772,2,45244965440,45404981456,rp2040_timer0,100010010,R,h1_ocxo_open_loop,16
CNT,1,3773,2,45420965408,45580981488,rp2040_timer0,100010050,R,h1_ocxo_open_loop,16
CNT,1,3774,2,45596965424,45756981440,rp2040_timer0,100010010,R,h1_ocxo_open_loop,16
CNT,1,3775,2,45772965376,45932981424,rp2040_timer0,100010030,R,h1_ocxo_open_loop,16
CNT,1,3776,2,45948965440,46108981456,rp2040_timer0,100010010,R,h1_ocxo_open_loop,16
CNT,1,3777,2,46124965424,46284981488,rp2040_timer0,100010040,R,h1_ocxo_open_loop,16
CNT,1,3778,2,46300965408,46460981488,rp2040_timer0,100010050,R,h1_ocxo_open_loop,16
CNT,1,3779,2,46476965408,46636981408,rp2040_timer0,100010000,R,h1_ocxo_open_loop,16
CNT,1,3780,2,46652965424,46812981440,rp2040_timer0,100010010,R,h1_ocxo_open_loop,16
CNT,1,3781,2,46828965424,46988981488,rp2040_timer0,100010040,R,h1_ocxo_open_loop,16
CNT,1,3782,2,47004965440,47164981456,rp2040_timer0,100010010,R,h1_ocxo_open_loop,16
CNT,1,3783,2,47180965376,47340981472,rp2040_timer0,100010060,R,h1_ocxo_open_loop,16
CNT,1,3784,2,47356965376,47516981472,rp2040_timer0,100010060,R,h1_ocxo_open_loop,16
CNT,1,3785,2,47532965408,47692981440,rp2040_timer0,100010020,R,h1_ocxo_open_loop,16
CNT,1,3786,2,47708965424,47868981424,rp2040_timer0,100010000,R,h1_ocxo_open_loop,16
CNT,1,3787,2,47884965440,48044981424,rp2040_timer0,100009990,R,h1_ocxo_open_loop,16
CNT,1,3788,2,48060965408,48220981440,rp2040_timer0,100010020,R,h1_ocxo_open_loop,16
CNT,1,3789,2,48236965424,48396981456,rp2040_timer0,100010020,R,h1_ocxo_open_loop,16
CNT,1,3790,2,48412965376,48572981488,rp2040_timer0,100010070,R,h1_ocxo_open_loop,16
CNT,1,3791,2,48588965392,48748981456,rp2040_timer0,100010040,R,h1_ocxo_open_loop,16
CNT,1,3792,2,48764965440,48924981472,rp2040_timer0,100010020,R,h1_ocxo_open_loop,16
CNT,1,3793,2,48940965440,49100981472,rp2040_timer0,100010020,R,h1_ocxo_open_loop,16
CNT,1,3794,2,49116965408,49276981440,rp2040_timer0,100010020,R,h1_ocxo_open_loop,16
CNT,1,3795,2,49292965408,49452981456,rp2040_timer0,100010030,R,h1_ocxo_open_loop,16
CNT,1,3796,2,49468965440,49628981456,rp2040_timer0,100010010,R,h1_ocxo_open_loop,16
CNT,1,3797,2,49644965392,49804981472,rp2040_timer0,100010050,R,h1_ocxo_open_loop,16
CNT,1,3798,2,49820965392,49980981424,rp2040_timer0,100010020,R,h1_ocxo_open_loop,16
CNT,1,3799,2,49996965456,50156981488,rp2040_timer0,100010020,R,h1_ocxo_open_loop,16
CNT,1,3800,2,50172965440,50332981440,rp2040_timer0,100010000,R,h1_ocxo_open_loop,16
CNT,1,3801,2,50348965376,50508981472,rp2040_timer0,100010060,R,h1_ocxo_open_loop,16
CNT,1,3802,2,50524965376,50684981472,rp2040_timer0,100010060,R,h1_ocxo_open_loop,16
CNT,1,3803,2,50700965456,50860981488,rp2040_timer0,100010020,R,h1_ocxo_open_loop,16
CNT,1,3804,2,50876965456,51036981424,rp2040_timer0,100009980,R,h1_ocxo_open_loop,16
CNT,1,3805,2,51052965424,51212981440,rp2040_timer0,100010010,R,h1_ocxo_open_loop,16
CNT,1,3806,2,51228965376,51388981472,rp2040_timer0,100010060,R,h1_ocxo_open_loop,16
CNT,1,3807,2,51404965376,51564981456,rp2040_timer0,100010050,R,h1_ocxo_open_loop,16
CNT,1,3808,2,51580965376,51740981440,rp2040_timer0,100010040,R,h1_ocxo_open_loop,16
CNT,1,3809,2,51756965376,51916981456,rp2040_timer0,100010050,R,h1_ocxo_open_loop,16
CNT,1,3810,2,51932965424,52092981440,rp2040_timer0,100010010,R,h1_ocxo_open_loop,16
CNT,1,3811,2,52108965424,52268981440,rp2040_timer0,100010010,R,h1_ocxo_open_loop,16
CNT,1,3812,2,52284965408,52444981424,rp2040_timer0,100010010,R,h1_ocxo_open_loop,16
CNT,1,3813,2,52460965440,52620981488,rp2040_timer0,100010030,R,h1_ocxo_open_loop,16
CNT,1,3814,2,52636965440,52796981440,rp2040_timer0,100010000,R,h1_ocxo_open_loop,16
CNT,1,3815,2,52812965440,52972981424,rp2040_timer0,100009990,R,h1_ocxo_open_loop,16
CNT,1,3816,2,52988965392,53148981488,rp2040_timer0,100010060,R,h1_ocxo_open_loop,16
CNT,1,3817,2,53164965392,53324981488,rp2040_timer0,100010060,R,h1_ocxo_open_loop,16
CNT,1,3818,2,53340965392,53500981456,rp2040_timer0,100010040,R,h1_ocxo_open_loop,16
CNT,1,3819,2,53516965440,53676981536,rp2040_timer0,100010060,R,h1_ocxo_open_loop,16
CNT,1,3820,2,53692965424,53852981472,rp2040_timer0,100010030,R,h1_ocxo_open_loop,16
CNT,1,3821,2,53868965392,54028981456,rp2040_timer0,100010040,R,h1_ocxo_open_loop,16
CNT,1,3822,2,54044965392,54204981488,rp2040_timer0,100010060,R,h1_ocxo_open_loop,16
CNT,1,3823,2,54220965456,54380981424,rp2040_timer0,100009980,R,h1_ocxo_open_loop,16
CNT,1,3824,2,54396965456,54556981488,rp2040_timer0,100010020,R,h1_ocxo_open_loop,16
CNT,1,3825,2,54572965440,54732981456,rp2040_timer0,100010010,R,h1_ocxo_open_loop,16
CNT,1,3826,2,54748965424,54908981456,rp2040_timer0,100010020,R,h1_ocxo_open_loop,16
CNT,1,3827,2,54924965408,55084981472,rp2040_timer0,100010040,R,h1_ocxo_open_loop,16
CNT,1,3828,2,55100965440,55260981424,rp2040_timer0,100009990,R,h1_ocxo_open_loop,16
CNT,1,3829,2,55276965440,55436981456,rp2040_timer0,100010010,R,h1_ocxo_open_loop,16
CNT,1,3830,2,55452965392,55612981424,rp2040_timer0,100010020,R,h1_ocxo_open_loop,16
CNT,1,3831,2,55628965376,55788981408,rp2040_timer0,100010020,R,h1_ocxo_open_loop,16
CNT,1,3832,2,55804965408,55964981424,rp2040_timer0,100010010,R,h1_ocxo_open_loop,16
CNT,1,3833,2,55980965424,56140981488,rp2040_timer0,100010040,R,h1_ocxo_open_loop,16
CNT,1,3834,2,56156965440,56316981488,rp2040_timer0,100010030,R,h1_ocxo_open_loop,16
CNT,1,3835,2,56332965376,56492981488,rp2040_timer0,100010070,R,h1_ocxo_open_loop,16
CNT,1,3836,2,56508965424,56668981424,rp2040_timer0,100010000,R,h1_ocxo_open_loop,16
CNT,1,3837,2,56684965408,56844981488,rp2040_timer0,100010050,R,h1_ocxo_open_loop,16
CNT,1,3838,2,56860965376,57020981488,rp2040_timer0,100010070,R,h1_ocxo_open_loop,16
CNT,1,3839,2,57036965392,57196981472,rp2040_timer0,100010050,R,h1_ocxo_open_loop,16
CNT,1,3840,2,57212965424,57372981488,rp2040_timer0,100010040,R,h1_ocxo_open_loop,16
CNT,1,3841,2,57388965440,57548981488,rp2040_timer0,100010030,R,h1_ocxo_open_loop,16
CNT,1,3842,2,57564965440,57724981424,rp2040_timer0,100009990,R,h1_ocxo_open_loop,16
CNT,1,3843,2,57740965424,57900981488,rp2040_timer0,100010040,R,h1_ocxo_open_loop,16
CNT,1,3844,2,57916965408,58076981456,rp2040_timer0,100010030,R,h1_ocxo_open_loop,16
CNT,1,3845,2,58092965408,58252981424,rp2040_timer0,100010010,R,h1_ocxo_open_loop,16
CNT,1,3846,2,58268965424,58428981472,rp2040_timer0,100010030,R,h1_ocxo_open_loop,16
CNT,1,3847,2,58444965424,58604981472,rp2040_timer0,100010030,R,h1_ocxo_open_loop,16
CNT,1,3848,2,58620965456,58780981424,rp2040_timer0,100009980,R,h1_ocxo_open_loop,16
CNT,1,3849,2,58796965408,58956981408,rp2040_timer0,100010000,R,h1_ocxo_open_loop,16
CNT,1,3850,2,58972965440,59132981424,rp2040_timer0,100009990,R,h1_ocxo_open_loop,16
CNT,1,3851,2,59148965440,59308981456,rp2040_timer0,100010010,R,h1_ocxo_open_loop,16
CNT,1,3852,2,59324965440,59484981440,rp2040_timer0,100010000,R,h1_ocxo_open_loop,16
CNT,1,3853,2,59500965424,59660981456,rp2040_timer0,100010020,R,h1_ocxo_open_loop,16
CNT,1,3854,2,59676965424,59836981472,rp2040_timer0,100010030,R,h1_ocxo_open_loop,16
CNT,1,3855,2,59852965392,60012981424,rp2040_timer0,100010020,R,h1_ocxo_open_loop,16
CNT,1,3856,2,60028965424,60188981472,rp2040_timer0,100010030,R,h1_ocxo_open_loop,16
CNT,1,3857,2,60204965376,60364981472,rp2040_timer0,100010060,R,h1_ocxo_open_loop,16
CNT,1,3858,2,60380965456,60540981488,rp2040_timer0,100010020,R,h1_ocxo_open_loop,16
CNT,1,3859,2,60556965408,60716981440,rp2040_timer0,100010020,R,h1_ocxo_open_loop,16
CNT,1,3860,2,60732965392,60892981440,rp2040_timer0,100010030,R,h1_ocxo_open_loop,16
CNT,1,3861,2,60908965424,61068981488,rp2040_timer0,100010040,R,h1_ocxo_open_loop,16
CNT,1,3862,2,61084965440,61244981472,rp2040_timer0,100010020,R,h1_ocxo_open_loop,16
CNT,1,3863,2,61260965392,61420981456,rp2040_timer0,100010040,R,h1_ocxo_open_loop,16
CNT,1,3864,2,61436965440,61596981424,rp2040_timer0,100009990,R,h1_ocxo_open_loop,16
CNT,1,3865,2,61612965424,61772981488,rp2040_timer0,100010040,R,h1_ocxo_open_loop,16
CNT,1,3866,2,61788965408,61948981440,rp2040_timer0,100010020,R,h1_ocxo_open_loop,16
CNT,1,3867,2,61964965408,62124981424,rp2040_timer0,100010010,R,h1_ocxo_open_loop,16
CNT,1,3868,2,62140965408,62300981424,rp2040_timer0,100010010,R,h1_ocxo_open_loop,16
CNT,1,3869,2,62316965440,62476981472,rp2040_timer0,100010020,R,h1_ocxo_open_loop,16
CNT,1,3870,2,62492965424,62652981440,rp2040_timer0,100010010,R,h1_ocxo_open_loop,16
CNT,1,3871,2,62668965392,62828981472,rp2040_timer0,100010050,R,h1_ocxo_open_loop,16
CNT,1,3872,2,62844965424,63004981488,rp2040_timer0,100010040,R,h1_ocxo_open_loop,16
CNT,1,3873,2,63020965376,63180981456,rp2040_timer0,100010050,R,h1_ocxo_open_loop,16
CNT,1,3874,2,63196965440,63356981456,rp2040_timer0,100010010,R,h1_ocxo_open_loop,16
CNT,1,3875,2,63372965456,63532981424,rp2040_timer0,100009980,R,h1_ocxo_open_loop,16
CNT,1,3876,2,63548965440,63708981472,rp2040_timer0,100010020,R,h1_ocxo_open_loop,16
CNT,1,3877,2,63724965376,63884981424,rp2040_timer0,100010030,R,h1_ocxo_open_loop,16
CNT,1,3878,2,63900965408,64060981456,rp2040_timer0,100010030,R,h1_ocxo_open_loop,16
CNT,1,3879,2,64076965392,64236981440,rp2040_timer0,100010030,R,h1_ocxo_open_loop,16
CNT,1,3880,2,64252965440,64412981440,rp2040_timer0,100010000,R,h1_ocxo_open_loop,16
CNT,1,3881,2,64428965392,64588981408,rp2040_timer0,100010010,R,h1_ocxo_open_loop,16
CNT,1,3882,2,64604965408,64764981456,rp2040_timer0,100010030,R,h1_ocxo_open_loop,16
CNT,1,3883,2,64780965424,64940981408,rp2040_timer0,100009990,R,h1_ocxo_open_loop,16
CNT,1,3884,2,64956965424,65116981472,rp2040_timer0,100010030,R,h1_ocxo_open_loop,16
CNT,1,3885,2,65132965408,65292981472,rp2040_timer0,100010040,R,h1_ocxo_open_loop,16
CNT,1,3886,2,65308965440,65468981424,rp2040_timer0,100009990,R,h1_ocxo_open_loop,16
CNT,1,3887,2,65484965392,65644981488,rp2040_timer0,100010060,R,h1_ocxo_open_loop,16
CNT,1,3888,2,65660965456,65820981440,rp2040_timer0,100009990,R,h1_ocxo_open_loop,16
CNT,1,3889,2,65836965392,65996981472,rp2040_timer0,100010050,R,h1_ocxo_open_loop,16
CNT,1,3890,2,66012965424,66172981440,rp2040_timer0,100010010,R,h1_ocxo_open_loop,16
CNT,1,3891,2,66188965392,66348981472,rp2040_timer0,100010050,R,h1_ocxo_open_loop,16
CNT,1,3892,2,66364965440,66524981424,rp2040_timer0,100009990,R,h1_ocxo_open_loop,16
CNT,1,3893,2,66540965424,66700981456,rp2040_timer0,100010020,R,h1_ocxo_open_loop,16
CNT,1,3894,2,66716965424,66876981488,rp2040_timer0,100010040,R,h1_ocxo_open_loop,16
CNT,1,3895,2,66892965392,67052981456,rp2040_timer0,100010040,R,h1_ocxo_open_loop,16
CNT,1,3896,2,67068965424,67228981440,rp2040_timer0,100010010,R,h1_ocxo_open_loop,16
CNT,1,3897,2,67244965456,67404981424,rp2040_timer0,100009980,R,h1_ocxo_open_loop,16
CNT,1,3898,2,67420965392,67580981488,rp2040_timer0,100010060,R,h1_ocxo_open_loop,16
CNT,1,3899,2,67596965408,67756981472,rp2040_timer0,100010040,R,h1_ocxo_open_loop,16
CNT,1,3900,2,67772965440,67932981472,rp2040_timer0,100010020,R,h1_ocxo_open_loop,16
CNT,1,3901,2,67948965424,68108981488,rp2040_timer0,100010040,R,h1_ocxo_open_loop,16
CNT,1,3902,2,68124965408,68284981488,rp2040_timer0,100010050,R,h1_ocxo_open_loop,16
CNT,1,3903,2,68300965376,68460981424,rp2040_timer0,100010030,R,h1_ocxo_open_loop,16
CNT,1,3904,2,68476965392,68636981408,rp2040_timer0,100010010,R,h1_ocxo_open_loop,16
CNT,1,3905,2,68652965440,68812981440,rp2040_timer0,100010000,R,h1_ocxo_open_loop,16
CNT,1,3906,2,109488656,269504688,rp2040_timer0,100010020,R,h1_ocxo_open_loop,16
CNT,1,3907,2,285488656,445504688,rp2040_timer0,100010020,R,h1_ocxo_open_loop,16
CNT,1,3908,2,461488688,621504736,rp2040_timer0,100010030,R,h1_ocxo_open_loop,16
CNT,1,3909,2,637488640,797504704,rp2040_timer0,100010040,R,h1_ocxo_open_loop,16
CNT,1,3910,2,813488672,973504672,rp2040_timer0,100010000,R,h1_ocxo_open_loop,16
CNT,1,3911,2,989488720,1149504704,rp2040_timer0,100009990,R,h1_ocxo_open_loop,16
CNT,1,3912,2,1165488704,1325504688,rp2040_timer0,100009990,R,h1_ocxo_open_loop,16
CNT,1,3913,2,1341488656,1501504720,rp2040_timer0,100010040,R,h1_ocxo_open_loop,16
CNT,1,3914,2,1517488704,1677504704,rp2040_timer0,100010000,R,h1_ocxo_open_loop,16
CNT,1,3915,2,1693488720,1853504736,rp2040_timer0,100010010,R,h1_ocxo_open_loop,16
CNT,1,3916,2,1869488704,2029504720,rp2040_timer0,100010010,R,h1_ocxo_open_loop,16
CNT,1,3917,2,2045488672,2205504688,rp2040_timer0,100010010,R,h1_ocxo_open_loop,16
CNT,1,3918,2,2221488720,2381504736,rp2040_timer0,100010010,R,h1_ocxo_open_loop,16
CNT,1,3919,2,2397488688,2557504752,rp2040_timer0,100010040,R,h1_ocxo_open_loop,16
CNT,1,3920,2,2573488672,2733504720,rp2040_timer0,100010030,R,h1_ocxo_open_loop,16
CNT,1,3921,2,2749488688,2909504704,rp2040_timer0,100010010,R,h1_ocxo_open_loop,16
CNT,1,3922,2,2925488704,3085504720,rp2040_timer0,100010010,R,h1_ocxo_open_loop,16
CNT,1,3923,2,3101488672,3261504720,rp2040_timer0,100010030,R,h1_ocxo_open_loop,16
CNT,1,3924,2,3277488688,3437504752,rp2040_timer0,100010040,R,h1_ocxo_open_loop,16
CNT,1,3925,2,3453488688,3613504688,rp2040_timer0,100010000,R,h1_ocxo_open_loop,16
CNT,1,3926,2,3629488640,3789504736,rp2040_timer0,100010060,R,h1_ocxo_open_loop,16
CNT,1,3927,2,3805488640,3965504752,rp2040_timer0,100010070,R,h1_ocxo_open_loop,16
CNT,1,3928,2,3981488656,4141504688,rp2040_timer0,100010020,R,h1_ocxo_open_loop,16
CNT,1,3929,2,4157488640,4317504720,rp2040_timer0,100010050,R,h1_ocxo_open_loop,16
CNT,1,3930,2,4333488672,4493504704,rp2040_timer0,100010020,R,h1_ocxo_open_loop,16
CNT,1,3931,2,4509488688,4669504704,rp2040_timer0,100010010,R,h1_ocxo_open_loop,16
CNT,1,3932,2,4685488640,4845504736,rp2040_timer0,100010060,R,h1_ocxo_open_loop,16
CNT,1,3933,2,4861488656,5021504704,rp2040_timer0,100010030,R,h1_ocxo_open_loop,16
CNT,1,3934,2,5037488720,5197504720,rp2040_timer0,100010000,R,h1_ocxo_open_loop,16
CNT,1,3935,2,5213488640,5373504688,rp2040_timer0,100010030,R,h1_ocxo_open_loop,16
CNT,1,3936,2,5389488672,5549504736,rp2040_timer0,100010040,R,h1_ocxo_open_loop,16
CNT,1,3937,2,5565488640,5725504688,rp2040_timer0,100010030,R,h1_ocxo_open_loop,16
CNT,1,3938,2,5741488640,5901504752,rp2040_timer0,100010070,R,h1_ocxo_open_loop,16
CNT,1,3939,2,5917488656,6077504688,rp2040_timer0,100010020,R,h1_ocxo_open_loop,16
CNT,1,3940,2,6093488672,6253504704,rp2040_timer0,100010020,R,h1_ocxo_open_loop,16
CNT,1,3941,2,6269488656,6429504736,rp2040_timer0,100010050,R,h1_ocxo_open_loop,16
CNT,1,3942,2,6445488656,6605504688,rp2040_timer0,100010020,R,h1_ocxo_open_loop,16
CNT,1,3943,2,6621488672,6781504720,rp2040_timer0,100010030,R,h1_ocxo_open_loop,16
CNT,1,3944,2,6797488656,6957504688,rp2040_timer0,100010020,R,h1_ocxo_open_loop,16
CNT,1,3945,2,6973488672,7133504720,rp2040_timer0,100010030,R,h1_ocxo_open_loop,16
CNT,1,3946,2,7149488704,7309504736,rp2040_timer0,100010020,R,h1_ocxo_open_loop,16
CNT,1,3947,2,7325488688,7485504704,rp2040_timer0,100010010,R,h1_ocxo_open_loop,16
CNT,1,3948,2,7501488672,7661504736,rp2040_timer0,100010040,R,h1_ocxo_open_loop,16
CNT,1,3949,2,7677488688,7837504736,rp2040_timer0,100010030,R,h1_ocxo_open_loop,16
CNT,1,3950,2,7853488640,8013504688,rp2040_timer0,100010030,R,h1_ocxo_open_loop,16
CNT,1,3951,2,8029488720,8189504688,rp2040_timer0,100009980,R,h1_ocxo_open_loop,16
CNT,1,3952,2,8205488656,8365504720,rp2040_timer0,100010040,R,h1_ocxo_open_loop,16
CNT,1,3953,2,8381488720,8541504720,rp2040_timer0,100010000,R,h1_ocxo_open_loop,16
CNT,1,3954,2,8557488688,8717504720,rp2040_timer0,100010020,R,h1_ocxo_open_loop,16
CNT,1,3955,2,8733488720,8893504736,rp2040_timer0,100010010,R,h1_ocxo_open_loop,16
CNT,1,3956,2,8909488704,9069504752,rp2040_timer0,100010030,R,h1_ocxo_open_loop,16
CNT,1,3957,2,9085488672,9245504752,rp2040_timer0,100010050,R,h1_ocxo_open_loop,16
CNT,1,3958,2,9261488640,9421504688,rp2040_timer0,100010030,R,h1_ocxo_open_loop,16
CNT,1,3959,2,9437488640,9597504736,rp2040_timer0,100010060,R,h1_ocxo_open_loop,16
CNT,1,3960,2,9613488720,9773504688,rp2040_timer0,100009980,R,h1_ocxo_open_loop,16
CNT,1,3961,2,9789488656,9949504704,rp2040_timer0,100010030,R,h1_ocxo_open_loop,16
CNT,1,3962,2,9965488640,10125504688,rp2040_timer0,100010030,R,h1_ocxo_open_loop,16
CNT,1,3963,2,10141488720,10301504720,rp2040_timer0,100010000,R,h1_ocxo_open_loop,16
CNT,1,3964,2,10317488688,10477504720,rp2040_timer0,100010020,R,h1_ocxo_open_loop,16
CNT,1,3965,2,10493488704,10653504704,rp2040_timer0,100010000,R,h1_ocxo_open_loop,16
CNT,1,3966,2,10669488720,10829504752,rp2040_timer0,100010020,R,h1_ocxo_open_loop,16
CNT,1,3967,2,10845488704,11005504704,rp2040_timer0,100010000,R,h1_ocxo_open_loop,16
CNT,1,3968,2,11021488720,11181504736,rp2040_timer0,100010010,R,h1_ocxo_open_loop,16
CNT,1,3969,2,11197488720,11357504736,rp2040_timer0,100010010,R,h1_ocxo_open_loop,16
CNT,1,3970,2,11373488656,11533504752,rp2040_timer0,100010060,R,h1_ocxo_open_loop,16
CNT,1,3971,2,11549488656,11709504752,rp2040_timer0,100010060,R,h1_ocxo_open_loop,16
CNT,1,3972,2,11725488720,11885504752,rp2040_timer0,100010020,R,h1_ocxo_open_loop,16
CNT,1,3973,2,11901488720,12061504704,rp2040_timer0,100009990,R,h1_ocxo_open_loop,16
CNT,1,3974,2,12077488640,12237504720,rp2040_timer0,100010050,R,h1_ocxo_open_loop,16
CNT,1,3975,2,12253488704,12413504704,rp2040_timer0,100010000,R,h1_ocxo_open_loop,16
CNT,1,3976,2,12429488656,12589504736,rp2040_timer0,100010050,R,h1_ocxo_open_loop,16
CNT,1,3977,2,12605488688,12765504736,rp2040_timer0,100010030,R,h1_ocxo_open_loop,16
CNT,1,3978,2,12781488672,12941504720,rp2040_timer0,100010030,R,h1_ocxo_open_loop,16
CNT,1,3979,2,12957488720,13117504720,rp2040_timer0,100010000,R,h1_ocxo_open_loop,16
CNT,1,3980,2,13133488720,13293504704,rp2040_timer0,100009990,R,h1_ocxo_open_loop,16
CNT,1,3981,2,13309488672,13469504720,rp2040_timer0,100010030,R,h1_ocxo_open_loop,16
CNT,1,3982,2,13485488704,13645504704,rp2040_timer0,100010000,R,h1_ocxo_open_loop,16
CNT,1,3983,2,13661488688,13821504752,rp2040_timer0,100010040,R,h1_ocxo_open_loop,16
CNT,1,3984,2,13837488656,13997504720,rp2040_timer0,100010040,R,h1_ocxo_open_loop,16
CNT,1,3985,2,14013488656,14173504720,rp2040_timer0,100010040,R,h1_ocxo_open_loop,16
CNT,1,3986,2,14189488640,14349504704,rp2040_timer0,100010040,R,h1_ocxo_open_loop,16
CNT,1,3987,2,14365488656,14525504720,rp2040_timer0,100010040,R,h1_ocxo_open_loop,16
CNT,1,3988,2,14541488672,14701504688,rp2040_timer0,100010010,R,h1_ocxo_open_loop,16
CNT,1,3989,2,14717488672,14877504736,rp2040_timer0,100010040,R,h1_ocxo_open_loop,16
CNT,1,3990,2,14893488720,15053504704,rp2040_timer0,100009990,R,h1_ocxo_open_loop,16
CNT,1,3991,2,15069488720,15229504752,rp2040_timer0,100010020,R,h1_ocxo_open_loop,16
CNT,1,3992,2,15245488704,15405504752,rp2040_timer0,100010030,R,h1_ocxo_open_loop,16
CNT,1,3993,2,15421488656,15581504752,rp2040_timer0,100010060,R,h1_ocxo_open_loop,16
CNT,1,3994,2,15597488704,15757504752,rp2040_timer0,100010030,R,h1_ocxo_open_loop,16
CNT,1,3995,2,15773488704,15933504752,rp2040_timer0,100010030,R,h1_ocxo_open_loop,16
CNT,1,3996,2,15949488672,16109504688,rp2040_timer0,100010010,R,h1_ocxo_open_loop,16
CNT,1,3997,2,16125488688,16285504736,rp2040_timer0,100010030,R,h1_ocxo_open_loop,16
CNT,1,3998,2,16301488688,16461504704,rp2040_timer0,100010010,R,h1_ocxo_open_loop,16
CNT,1,3999,2,16477488656,16637504736,rp2040_timer0,100010050,R,h1_ocxo_open_loop,16
CNT,1,4000,2,16653488704,16813504688,rp2040_timer0,100009990,R,h1_ocxo_open_loop,16
CNT,1,4001,2,16829488672,16989504688,rp2040_timer0,100010010,R,h1_ocxo_open_loop,16
CNT,1,4002,2,17005488688,17165504688,rp2040_timer0,100010000,R,h1_ocxo_open_loop,16
CNT,1,4003,2,17181488704,17341504688,rp2040_timer0,100009990,R,h1_ocxo_open_loop,16
CNT,1,4004,2,17357488656,17517504704,rp2040_timer0,100010030,R,h1_ocxo_open_loop,16
CNT,1,4005,2,17533488688,17693504720,rp2040_timer0,100010020,R,h1_ocxo_open_loop,16
CNT,1,4006,2,17709488672,17869504736,rp2040_timer0,100010040,R,h1_ocxo_open_loop,16
CNT,1,4007,2,17885488720,18045504720,rp2040_timer0,100010000,R,h1_ocxo_open_loop,16
CNT,1,4008,2,18061488672,18221504736,rp2040_timer0,100010040,R,h1_ocxo_open_loop,16
CNT,1,4009,2,18237488720,18397504688,rp2040_timer0,100009980,R,h1_ocxo_open_loop,16
CNT,1,4010,2,18413488672,18573504736,rp2040_timer0,100010040,R,h1_ocxo_open_loop,16
CNT,1,4011,2,18589488688,18749504736,rp2040_timer0,100010030,R,h1_ocxo_open_loop,16
CNT,1,4012,2,18765488656,18925504704,rp2040_timer0,100010030,R,h1_ocxo_open_loop,16
CNT,1,4013,2,18941488704,19101504752,rp2040_timer0,100010030,R,h1_ocxo_open_loop,16
CNT,1,4014,2,19117488672,19277504688,rp2040_timer0,100010010,R,h1_ocxo_open_loop,16
CNT,1,4015,2,19293488720,19453504704,rp2040_timer0,100009990,R,h1_ocxo_open_loop,16
CNT,1,4016,2,19469488656,19629504704,rp2040_timer0,100010030,R,h1_ocxo_open_loop,16
CNT,1,4017,2,19645488672,19805504688,rp2040_timer0,100010010,R,h1_ocxo_open_loop,16
CNT,1,4018,2,19821488720,19981504752,rp2040_timer0,100010020,R,h1_ocxo_open_loop,16
CNT,1,4019,2,19997488656,20157504720,rp2040_timer0,100010040,R,h1_ocxo_open_loop,16
CNT,1,4020,2,20173488656,20333504688,rp2040_timer0,100010020,R,h1_ocxo_open_loop,16
CNT,1,4021,2,20349488672,20509504752,rp2040_timer0,100010050,R,h1_ocxo_open_loop,16
CNT,1,4022,2,20525488720,20685504752,rp2040_timer0,100010020,R,h1_ocxo_open_loop,16
CNT,1,4023,2,20701488704,20861504704,rp2040_timer0,100010000,R,h1_ocxo_open_loop,16
CNT,1,4024,2,20877488672,21037504736,rp2040_timer0,100010040,R,h1_ocxo_open_loop,16
CNT,1,4025,2,21053488704,21213504752,rp2040_timer0,100010030,R,h1_ocxo_open_loop,16
CNT,1,4026,2,21229488704,21389504704,rp2040_timer0,100010000,R,h1_ocxo_open_loop,16
CNT,1,4027,2,21405488672,21565504752,rp2040_timer0,100010050,R,h1_ocxo_open_loop,16
CNT,1,4028,2,21581488704,21741504736,rp2040_timer0,100010020,R,h1_ocxo_open_loop,16
CNT,1,4029,2,21757488656,21917504704,rp2040_timer0,100010030,R,h1_ocxo_open_loop,16
CNT,1,4030,2,21933488656,22093504688,rp2040_timer0,100010020,R,h1_ocxo_open_loop,16
CNT,1,4031,2,22109488672,22269504720,rp2040_timer0,100010030,R,h1_ocxo_open_loop,16
CNT,1,4032,2,22285488656,22445504704,rp2040_timer0,100010030,R,h1_ocxo_open_loop,16
CNT,1,4033,2,22461488640,22621504736,rp2040_timer0,100010060,R,h1_ocxo_open_loop,16
CNT,1,4034,2,22637488688,22797504688,rp2040_timer0,100010000,R,h1_ocxo_open_loop,16
CNT,1,4035,2,22813488640,22973504688,rp2040_timer0,100010030,R,h1_ocxo_open_loop,16
CNT,1,4036,2,22989488704,23149504672,rp2040_timer0,100009980,R,h1_ocxo_open_loop,16
CNT,1,4037,2,23165488640,23325504736,rp2040_timer0,100010060,R,h1_ocxo_open_loop,16
CNT,1,4038,2,23341488656,23501504688,rp2040_timer0,100010020,R,h1_ocxo_open_loop,16
CNT,1,4039,2,23517488720,23677504704,rp2040_timer0,100009990,R,h1_ocxo_open_loop,16
CNT,1,4040,2,23693488672,23853504720,rp2040_timer0,100010030,R,h1_ocxo_open_loop,16
CNT,1,4041,2,23869488720,24029504736,rp2040_timer0,100010010,R,h1_ocxo_open_loop,16
CNT,1,4042,2,24045488656,24205504688,rp2040_timer0,100010020,R,h1_ocxo_open_loop,16
CNT,1,4043,2,24221488704,24381504720,rp2040_timer0,100010010,R,h1_ocxo_open_loop,16
CNT,1,4044,2,24397488656,24557504752,rp2040_timer0,100010060,R,h1_ocxo_open_loop,16
CNT,1,4045,2,24573488672,24733504752,rp2040_timer0,100010050,R,h1_ocxo_open_loop,16
CNT,1,4046,2,24749488704,24909504688,rp2040_timer0,100009990,R,h1_ocxo_open_loop,16
CNT,1,4047,2,24925488656,25085504704,rp2040_timer0,100010030,R,h1_ocxo_open_loop,16
CNT,1,4048,2,25101488704,25261504704,rp2040_timer0,100010000,R,h1_ocxo_open_loop,16
CNT,1,4049,2,25277488688,25437504720,rp2040_timer0,100010020,R,h1_ocxo_open_loop,16
CNT,1,4050,2,25453488704,25613504736,rp2040_timer0,100010020,R,h1_ocxo_open_loop,16
CNT,1,4051,2,25629488672,25789504704,rp2040_timer0,100010020,R,h1_ocxo_open_loop,16
CNT,1,4052,2,25805488704,25965504704,rp2040_timer0,100010000,R,h1_ocxo_open_loop,16
CNT,1,4053,2,25981488672,26141504736,rp2040_timer0,100010040,R,h1_ocxo_open_loop,16
CNT,1,4054,2,26157488704,26317504736,rp2040_timer0,100010020,R,h1_ocxo_open_loop,16
CNT,1,4055,2,26333488688,26493504752,rp2040_timer0,100010040,R,h1_ocxo_open_loop,16
CNT,1,4056,2,26509488656,26669504736,rp2040_timer0,100010050,R,h1_ocxo_open_loop,16
CNT,1,4057,2,26685488704,26845504752,rp2040_timer0,100010030,R,h1_ocxo_open_loop,16
CNT,1,4058,2,26861488720,27021504736,rp2040_timer0,100010010,R,h1_ocxo_open_loop,16
CNT,1,4059,2,27037488672,27197504688,rp2040_timer0,100010010,R,h1_ocxo_open_loop,16
CNT,1,4060,2,27213488720,27373504704,rp2040_timer0,100009990,R,h1_ocxo_open_loop,16
CNT,1,4061,2,27389488704,27549504736,rp2040_timer0,100010020,R,h1_ocxo_open_loop,16
CNT,1,4062,2,27565488672,27725504704,rp2040_timer0,100010020,R,h1_ocxo_open_loop,16
CNT,1,4063,2,27741488640,27901504752,rp2040_timer0,100010070,R,h1_ocxo_open_loop,16
CNT,1,4064,2,27917488704,28077504752,rp2040_timer0,100010030,R,h1_ocxo_open_loop,16
CNT,1,4065,2,28093488704,28253504752,rp2040_timer0,100010030,R,h1_ocxo_open_loop,16
CNT,1,4066,2,28269488672,28429504736,rp2040_timer0,100010040,R,h1_ocxo_open_loop,16
CNT,1,4067,2,28445488720,28605504720,rp2040_timer0,100010000,R,h1_ocxo_open_loop,16
CNT,1,4068,2,28621488672,28781504736,rp2040_timer0,100010040,R,h1_ocxo_open_loop,16
CNT,1,4069,2,28797488688,28957504688,rp2040_timer0,100010000,R,h1_ocxo_open_loop,16
CNT,1,4070,2,28973488688,29133504736,rp2040_timer0,100010030,R,h1_ocxo_open_loop,16
CNT,1,4071,2,29149488672,29309504752,rp2040_timer0,100010050,R,h1_ocxo_open_loop,16
CNT,1,4072,2,29325488656,29485504752,rp2040_timer0,100010060,R,h1_ocxo_open_loop,16
CNT,1,4073,2,29501488704,29661504720,rp2040_timer0,100010010,R,h1_ocxo_open_loop,16
CNT,1,4074,2,29677488704,29837504688,rp2040_timer0,100009990,R,h1_ocxo_open_loop,16
CNT,1,4075,2,29853488672,30013504704,rp2040_timer0,100010020,R,h1_ocxo_open_loop,16
CNT,1,4076,2,30029488672,30189504688,rp2040_timer0,100010010,R,h1_ocxo_open_loop,16
CNT,1,4077,2,30205488672,30365504704,rp2040_timer0,100010020,R,h1_ocxo_open_loop,16
CNT,1,4078,2,30381488688,30541504720,rp2040_timer0,100010020,R,h1_ocxo_open_loop,16
CNT,1,4079,2,30557488720,30717504720,rp2040_timer0,100010000,R,h1_ocxo_open_loop,16
CNT,1,4080,2,30733488720,30893504704,rp2040_timer0,100009990,R,h1_ocxo_open_loop,16
CNT,1,4081,2,30909488704,31069504752,rp2040_timer0,100010030,R,h1_ocxo_open_loop,16
CNT,1,4082,2,31085488688,31245504752,rp2040_timer0,100010040,R,h1_ocxo_open_loop,16
CNT,1,4083,2,31261488704,31421504752,rp2040_timer0,100010030,R,h1_ocxo_open_loop,16
CNT,1,4084,2,31437488672,31597504736,rp2040_timer0,100010040,R,h1_ocxo_open_loop,16
CNT,1,4085,2,31613488688,31773504688,rp2040_timer0,100010000,R,h1_ocxo_open_loop,16
CNT,1,4086,2,31789488688,31949504704,rp2040_timer0,100010010,R,h1_ocxo_open_loop,16
CNT,1,4087,2,31965488688,32125504736,rp2040_timer0,100010030,R,h1_ocxo_open_loop,16
CNT,1,4088,2,32141488672,32301504720,rp2040_timer0,100010030,R,h1_ocxo_open_loop,16
CNT,1,4089,2,32317488720,32477504688,rp2040_timer0,100009980,R,h1_ocxo_open_loop,16
CNT,1,4090,2,32493488672,32653504688,rp2040_timer0,100010010,R,h1_ocxo_open_loop,16
CNT,1,4091,2,32669488656,32829504704,rp2040_timer0,100010030,R,h1_ocxo_open_loop,16
CNT,1,4092,2,32845488704,33005504736,rp2040_timer0,100010020,R,h1_ocxo_open_loop,16
CNT,1,4093,2,33021488720,33181504720,rp2040_timer0,100010000,R,h1_ocxo_open_loop,16
CNT,1,4094,2,33197488688,33357504720,rp2040_timer0,100010020,R,h1_ocxo_open_loop,16
CNT,1,4095,2,33373488656,33533504704,rp2040_timer0,100010030,R,h1_ocxo_open_loop,16
CNT,1,4096,2,33549488640,33709504720,rp2040_timer0,100010050,R,h1_ocxo_open_loop,16
CNT,1,4097,2,33725488672,33885504688,rp2040_timer0,100010010,R,h1_ocxo_open_loop,16
CNT,1,4098,2,33901488704,34061504672,rp2040_timer0,100009980,R,h1_ocxo_open_loop,16
CNT,1,4099,2,34077488672,34237504704,rp2040_timer0,100010020,R,h1_ocxo_open_loop,16
CNT,1,4100,2,34253488672,34413504752,rp2040_timer0,100010050,R,h1_ocxo_open_loop,16
CNT,1,4101,2,34429488704,34589504736,rp2040_timer0,100010020,R,h1_ocxo_open_loop,16
CNT,1,4102,2,34605488672,34765504736,rp2040_timer0,100010040,R,h1_ocxo_open_loop,16
CNT,1,4103,2,34781488656,34941504736,rp2040_timer0,100010050,R,h1_ocxo_open_loop,16
CNT,1,4104,2,34957488656,35117504688,rp2040_timer0,100010020,R,h1_ocxo_open_loop,16
CNT,1,4105,2,35133488688,35293504704,rp2040_timer0,100010010,R,h1_ocxo_open_loop,16
CNT,1,4106,2,35309488656,35469504704,rp2040_timer0,100010030,R,h1_ocxo_open_loop,16
CNT,1,4107,2,35485488704,35645504736,rp2040_timer0,100010020,R,h1_ocxo_open_loop,16
CNT,1,4108,2,35661488688,35821504688,rp2040_timer0,100010000,R,h1_ocxo_open_loop,16
CNT,1,4109,2,35837488704,35997504736,rp2040_timer0,100010020,R,h1_ocxo_open_loop,16
CNT,1,4110,2,36013488688,36173504672,rp2040_timer0,100009990,R,h1_ocxo_open_loop,16
CNT,1,4111,2,36189488704,36349504736,rp2040_timer0,100010020,R,h1_ocxo_open_loop,16
CNT,1,4112,2,36365488704,36525504720,rp2040_timer0,100010010,R,h1_ocxo_open_loop,16
CNT,1,4113,2,36541488704,36701504736,rp2040_timer0,100010020,R,h1_ocxo_open_loop,16
CNT,1,4114,2,36717488656,36877504752,rp2040_timer0,100010060,R,h1_ocxo_open_loop,16
CNT,1,4115,2,36893488704,37053504736,rp2040_timer0,100010020,R,h1_ocxo_open_loop,16
CNT,1,4116,2,37069488672,37229504688,rp2040_timer0,100010010,R,h1_ocxo_open_loop,16
CNT,1,4117,2,37245488704,37405504752,rp2040_timer0,100010030,R,h1_ocxo_open_loop,16
CNT,1,4118,2,37421488656,37581504736,rp2040_timer0,100010050,R,h1_ocxo_open_loop,16
CNT,1,4119,2,37597488656,37757504720,rp2040_timer0,100010040,R,h1_ocxo_open_loop,16
CNT,1,4120,2,37773488656,37933504752,rp2040_timer0,100010060,R,h1_ocxo_open_loop,16
CNT,1,4121,2,37949488688,38109504688,rp2040_timer0,100010000,R,h1_ocxo_open_loop,16
CNT,1,4122,2,38125488688,38285504752,rp2040_timer0,100010040,R,h1_ocxo_open_loop,16
CNT,1,4123,2,38301488688,38461504752,rp2040_timer0,100010040,R,h1_ocxo_open_loop,16
CNT,1,4124,2,38477488672,38637504720,rp2040_timer0,100010030,R,h1_ocxo_open_loop,16
CNT,1,4125,2,38653488656,38813504688,rp2040_timer0,100010020,R,h1_ocxo_open_loop,16
CNT,1,4126,2,38829488672,38989504736,rp2040_timer0,100010040,R,h1_ocxo_open_loop,16
CNT,1,4127,2,39005488640,39165504704,rp2040_timer0,100010040,R,h1_ocxo_open_loop,16
CNT,1,4128,2,39181488688,39341504752,rp2040_timer0,100010040,R,h1_ocxo_open_loop,16
CNT,1,4129,2,39357488640,39517504688,rp2040_timer0,100010030,R,h1_ocxo_open_loop,16
CNT,1,4130,2,39533488672,39693504704,rp2040_timer0,100010020,R,h1_ocxo_open_loop,16
CNT,1,4131,2,39709488752,39869504688,rp2040_timer0,100009960,R,h1_ocxo_open_loop,16
CNT,1,4132,2,39885488672,40045504704,rp2040_timer0,100010020,R,h1_ocxo_open_loop,16
CNT,1,4133,2,40061488656,40221504672,rp2040_timer0,100010010,R,h1_ocxo_open_loop,16
CNT,1,4134,2,40237488704,40397504688,rp2040_timer0,100009990,R,h1_ocxo_open_loop,16
CNT,1,4135,2,40413488720,40573504736,rp2040_timer0,100010010,R,h1_ocxo_open_loop,16
CNT,1,4136,2,40589488640,40749504704,rp2040_timer0,100010040,R,h1_ocxo_open_loop,16
CNT,1,4137,2,40765488720,40925504672,rp2040_timer0,100009970,R,h1_ocxo_open_loop,16
CNT,1,4138,2,40941488704,41101504704,rp2040_timer0,100010000,R,h1_ocxo_open_loop,16
CNT,1,4139,2,41117488640,41277504704,rp2040_timer0,100010040,R,h1_ocxo_open_loop,16
CNT,1,4140,2,41293488704,41453504752,rp2040_timer0,100010030,R,h1_ocxo_open_loop,16
CNT,1,4141,2,41469488640,41629504736,rp2040_timer0,100010060,R,h1_ocxo_open_loop,16
CNT,1,4142,2,41645488672,41805504720,rp2040_timer0,100010030,R,h1_ocxo_open_loop,16
CNT,1,4143,2,41821488672,41981504704,rp2040_timer0,100010020,R,h1_ocxo_open_loop,16
CNT,1,4144,2,41997488704,42157504752,rp2040_timer0,100010030,R,h1_ocxo_open_loop,16
CNT,1,4145,2,42173488688,42333504752,rp2040_timer0,100010040,R,h1_ocxo_open_loop,16
CNT,1,4146,2,42349488688,42509504688,rp2040_timer0,100010000,R,h1_ocxo_open_loop,16
CNT,1,4147,2,42525488656,42685504752,rp2040_timer0,100010060,R,h1_ocxo_open_loop,16
CNT,1,4148,2,42701488688,42861504688,rp2040_timer0,100010000,R,h1_ocxo_open_loop,16
CNT,1,4149,2,42877488704,43037504704,rp2040_timer0,100010000,R,h1_ocxo_open_loop,16
CNT,1,4150,2,43053488672,43213504688,rp2040_timer0,100010010,R,h1_ocxo_open_loop,16
CNT,1,4151,2,43229488720,43389504752,rp2040_timer0,100010020,R,h1_ocxo_open_loop,16
CNT,1,4152,2,43405488704,43565504688,rp2040_timer0,100009990,R,h1_ocxo_open_loop,16
CNT,1,4153,2,43581488672,43741504752,rp2040_timer0,100010050,R,h1_ocxo_open_loop,16
CNT,1,4154,2,43757488672,43917504752,rp2040_timer0,100010050,R,h1_ocxo_open_loop,16
CNT,1,4155,2,43933488672,44093504736,rp2040_timer0,100010040,R,h1_ocxo_open_loop,16
CNT,1,4156,2,44109488656,44269504720,rp2040_timer0,100010040,R,h1_ocxo_open_loop,16
CNT,1,4157,2,44285488656,44445504752,rp2040_timer0,100010060,R,h1_ocxo_open_loop,16
CNT,1,4158,2,44461488688,44621504736,rp2040_timer0,100010030,R,h1_ocxo_open_loop,16
CNT,1,4159,2,44637488720,44797504752,rp2040_timer0,100010020,R,h1_ocxo_open_loop,16
CNT,1,4160,2,44813488672,44973504688,rp2040_timer0,100010010,R,h1_ocxo_open_loop,16
CNT,1,4161,2,44989488720,45149504736,rp2040_timer0,100010010,R,h1_ocxo_open_loop,16
CNT,1,4162,2,45165488720,45325504704,rp2040_timer0,100009990,R,h1_ocxo_open_loop,16
CNT,1,4163,2,45341488720,45501504704,rp2040_timer0,100009990,R,h1_ocxo_open_loop,16
CNT,1,4164,2,45517488704,45677504752,rp2040_timer0,100010030,R,h1_ocxo_open_loop,16
CNT,1,4165,2,45693488704,45853504736,rp2040_timer0,100010020,R,h1_ocxo_open_loop,16
CNT,1,4166,2,45869488672,46029504704,rp2040_timer0,100010020,R,h1_ocxo_open_loop,16
CNT,1,4167,2,46045488688,46205504752,rp2040_timer0,100010040,R,h1_ocxo_open_loop,16
CNT,1,4168,2,46221488688,46381504736,rp2040_timer0,100010030,R,h1_ocxo_open_loop,16
CNT,1,4169,2,46397488656,46557504752,rp2040_timer0,100010060,R,h1_ocxo_open_loop,16
CNT,1,4170,2,46573488672,46733504720,rp2040_timer0,100010030,R,h1_ocxo_open_loop,16
CNT,1,4171,2,46749488672,46909504688,rp2040_timer0,100010010,R,h1_ocxo_open_loop,16
CNT,1,4172,2,46925488704,47085504752,rp2040_timer0,100010030,R,h1_ocxo_open_loop,16
CNT,1,4173,2,47101488656,47261504704,rp2040_timer0,100010030,R,h1_ocxo_open_loop,16
CNT,1,4174,2,47277488704,47437504736,rp2040_timer0,100010020,R,h1_ocxo_open_loop,16
CNT,1,4175,2,47453488688,47613504688,rp2040_timer0,100010000,R,h1_ocxo_open_loop,16
CNT,1,4176,2,47629488672,47789504736,rp2040_timer0,100010040,R,h1_ocxo_open_loop,16
CNT,1,4177,2,47805488736,47965504688,rp2040_timer0,100009970,R,h1_ocxo_open_loop,16
CNT,1,4178,2,47981488672,48141504736,rp2040_timer0,100010040,R,h1_ocxo_open_loop,16
CNT,1,4179,2,48157488688,48317504736,rp2040_timer0,100010030,R,h1_ocxo_open_loop,16
CNT,1,4180,2,48333488656,48493504688,rp2040_timer0,100010020,R,h1_ocxo_open_loop,16
CNT,1,4181,2,48509488672,48669504688,rp2040_timer0,100010010,R,h1_ocxo_open_loop,16
CNT,1,4182,2,48685488688,48845504720,rp2040_timer0,100010020,R,h1_ocxo_open_loop,16
CNT,1,4183,2,48861488704,49021504704,rp2040_timer0,100010000,R,h1_ocxo_open_loop,16
CNT,1,4184,2,49037488720,49197504688,rp2040_timer0,100009980,R,h1_ocxo_open_loop,16
CNT,1,4185,2,49213488704,49373504752,rp2040_timer0,100010030,R,h1_ocxo_open_loop,16
CNT,1,4186,2,49389488656,49549504720,rp2040_timer0,100010040,R,h1_ocxo_open_loop,16
CNT,1,4187,2,49565488704,49725504736,rp2040_timer0,100010020,R,h1_ocxo_open_loop,16
CNT,1,4188,2,49741488720,49901504752,rp2040_timer0,100010020,R,h1_ocxo_open_loop,16
CNT,1,4189,2,49917488640,50077504704,rp2040_timer0,100010040,R,h1_ocxo_open_loop,16
CNT,1,4190,2,50093488720,50253504688,rp2040_timer0,100009980,R,h1_ocxo_open_loop,16
CNT,1,4191,2,50269488656,50429504736,rp2040_timer0,100010050,R,h1_ocxo_open_loop,16
CNT,1,4192,2,50445488704,50605504752,rp2040_timer0,100010030,R,h1_ocxo_open_loop,16
CNT,1,4193,2,50621488656,50781504688,rp2040_timer0,100010020,R,h1_ocxo_open_loop,16
CNT,1,4194,2,50797488688,50957504704,rp2040_timer0,100010010,R,h1_ocxo_open_loop,16
CNT,1,4195,2,50973488672,51133504720,rp2040_timer0,100010030,R,h1_ocxo_open_loop,16
CNT,1,4196,2,51149488656,51309504720,rp2040_timer0,100010040,R,h1_ocxo_open_loop,16
CNT,1,4197,2,51325488688,51485504736,rp2040_timer0,100010030,R,h1_ocxo_open_loop,16
CNT,1,4198,2,51501488672,51661504688,rp2040_timer0,100010010,R,h1_ocxo_open_loop,16
CNT,1,4199,2,51677488688,51837504688,rp2040_timer0,100010000,R,h1_ocxo_open_loop,16
CNT,1,4200,2,51853488688,52013504752,rp2040_timer0,100010040,R,h1_ocxo_open_loop,16
CNT,1,4201,2,52029488704,52189504720,rp2040_timer0,100010010,R,h1_ocxo_open_loop,16
CNT,1,4202,2,52205488656,52365504720,rp2040_timer0,100010040,R,h1_ocxo_open_loop,16
CNT,1,4203,2,52381488656,52541504688,rp2040_timer0,100010020,R,h1_ocxo_open_loop,16
CNT,1,4204,2,52557488704,52717504752,rp2040_timer0,100010030,R,h1_ocxo_open_loop,16
CNT,1,4205,2,52733488640,52893504688,rp2040_timer0,100010030,R,h1_ocxo_open_loop,16
CNT,1,4206,2,52909488704,53069504720,rp2040_timer0,100010010,R,h1_ocxo_open_loop,16
CNT,1,4207,2,53085488688,53245504688,rp2040_timer0,100010000,R,h1_ocxo_open_loop,16
CNT,1,4208,2,53261488704,53421504720,rp2040_timer0,100010010,R,h1_ocxo_open_loop,16
CNT,1,4209,2,53437488704,53597504688,rp2040_timer0,100009990,R,h1_ocxo_open_loop,16
CNT,1,4210,2,53613488672,53773504752,rp2040_timer0,100010050,R,h1_ocxo_open_loop,16
CNT,1,4211,2,53789488656,53949504736,rp2040_timer0,100010050,R,h1_ocxo_open_loop,16
CNT,1,4212,2,53965488704,54125504720,rp2040_timer0,100010010,R,h1_ocxo_open_loop,16
CNT,1,4213,2,54141488672,54301504720,rp2040_timer0,100010030,R,h1_ocxo_open_loop,16
CNT,1,4214,2,54317488720,54477504752,rp2040_timer0,100010020,R,h1_ocxo_open_loop,16
CNT,1,4215,2,54493488672,54653504704,rp2040_timer0,100010020,R,h1_ocxo_open_loop,16
CNT,1,4216,2,54669488672,54829504736,rp2040_timer0,100010040,R,h1_ocxo_open_loop,16
CNT,1,4217,2,54845488672,55005504736,rp2040_timer0,100010040,R,h1_ocxo_open_loop,16
CNT,1,4218,2,55021488704,55181504720,rp2040_timer0,100010010,R,h1_ocxo_open_loop,16
CNT,1,4219,2,55197488656,55357504688,rp2040_timer0,100010020,R,h1_ocxo_open_loop,16
CNT,1,4220,2,55373488720,55533504736,rp2040_timer0,100010010,R,h1_ocxo_open_loop,16
CNT,1,4221,2,55549488672,55709504736,rp2040_timer0,100010040,R,h1_ocxo_open_loop,16
CNT,1,4222,2,55725488704,55885504720,rp2040_timer0,100010010,R,h1_ocxo_open_loop,16
CNT,1,4223,2,55901488672,56061504688,rp2040_timer0,100010010,R,h1_ocxo_open_loop,16
CNT,1,4224,2,56077488688,56237504736,rp2040_timer0,100010030,R,h1_ocxo_open_loop,16
CNT,1,4225,2,56253488656,56413504688,rp2040_timer0,100010020,R,h1_ocxo_open_loop,16
CNT,1,4226,2,56429488656,56589504688,rp2040_timer0,100010020,R,h1_ocxo_open_loop,16
CNT,1,4227,2,56605488688,56765504704,rp2040_timer0,100010010,R,h1_ocxo_open_loop,16
CNT,1,4228,2,56781488656,56941504688,rp2040_timer0,100010020,R,h1_ocxo_open_loop,16
CNT,1,4229,2,56957488704,57117504704,rp2040_timer0,100010000,R,h1_ocxo_open_loop,16
CNT,1,4230,2,57133488688,57293504704,rp2040_timer0,100010010,R,h1_ocxo_open_loop,16
CNT,1,4231,2,57309488704,57469504704,rp2040_timer0,100010000,R,h1_ocxo_open_loop,16
CNT,1,4232,2,57485488704,57645504688,rp2040_timer0,100009990,R,h1_ocxo_open_loop,16
CNT,1,4233,2,57661488640,57821504752,rp2040_timer0,100010070,R,h1_ocxo_open_loop,16
CNT,1,4234,2,57837488688,57997504688,rp2040_timer0,100010000,R,h1_ocxo_open_loop,16
CNT,1,4235,2,58013488720,58173504672,rp2040_timer0,100009970,R,h1_ocxo_open_loop,16
CNT,1,4236,2,58189488688,58349504752,rp2040_timer0,100010040,R,h1_ocxo_open_loop,16
CNT,1,4237,2,58365488656,58525504688,rp2040_timer0,100010020,R,h1_ocxo_open_loop,16
CNT,1,4238,2,58541488720,58701504752,rp2040_timer0,100010020,R,h1_ocxo_open_loop,16
CNT,1,4239,2,58717488656,58877504752,rp2040_timer0,100010060,R,h1_ocxo_open_loop,16
CNT,1,4240,2,58893488704,59053504704,rp2040_timer0,100010000,R,h1_ocxo_open_loop,16
CNT,1,4241,2,59069488688,59229504736,rp2040_timer0,100010030,R,h1_ocxo_open_loop,16
CNT,1,4242,2,59245488704,59405504688,rp2040_timer0,100009990,R,h1_ocxo_open_loop,16
CNT,1,4243,2,59421488672,59581504704,rp2040_timer0,100010020,R,h1_ocxo_open_loop,16
CNT,1,4244,2,59597488720,59757504720,rp2040_timer0,100010000,R,h1_ocxo_open_loop,16
CNT,1,4245,2,59773488656,59933504736,rp2040_timer0,100010050,R,h1_ocxo_open_loop,16
CNT,1,4246,2,59949488720,60109504688,rp2040_timer0,100009980,R,h1_ocxo_open_loop,16
CNT,1,4247,2,60125488688,60285504720,rp2040_timer0,100010020,R,h1_ocxo_open_loop,16
CNT,1,4248,2,60301488704,60461504720,rp2040_timer0,100010010,R,h1_ocxo_open_loop,16
CNT,1,4249,2,60477488688,60637504736,rp2040_timer0,100010030,R,h1_ocxo_open_loop,16
CNT,1,4250,2,60653488704,60813504704,rp2040_timer0,100010000,R,h1_ocxo_open_loop,16
CNT,1,4251,2,60829488672,60989504752,rp2040_timer0,100010050,R,h1_ocxo_open_loop,16
CNT,1,4252,2,61005488672,61165504720,rp2040_timer0,100010030,R,h1_ocxo_open_loop,16
CNT,1,4253,2,61181488704,61341504720,rp2040_timer0,100010010,R,h1_ocxo_open_loop,16
CNT,1,4254,2,61357488656,61517504752,rp2040_timer0,100010060,R,h1_ocxo_open_loop,16
CNT,1,4255,2,61533488672,61693504736,rp2040_timer0,100010040,R,h1_ocxo_open_loop,16
CNT,1,4256,2,61709488656,61869504736,rp2040_timer0,100010050,R,h1_ocxo_open_loop,16
CNT,1,4257,2,61885488720,62045504736,rp2040_timer0,100010010,R,h1_ocxo_open_loop,16
CNT,1,4258,2,62061488672,62221504704,rp2040_timer0,100010020,R,h1_ocxo_open_loop,16
CNT,1,4259,2,62237488688,62397504752,rp2040_timer0,100010040,R,h1_ocxo_open_loop,16
CNT,1,4260,2,62413488704,62573504720,rp2040_timer0,100010010,R,h1_ocxo_open_loop,16
CNT,1,4261,2,62589488688,62749504752,rp2040_timer0,100010040,R,h1_ocxo_open_loop,16
CNT,1,4262,2,62765488688,62925504736,rp2040_timer0,100010030,R,h1_ocxo_open_loop,16
CNT,1,4263,2,62941488640,63101504720,rp2040_timer0,100010050,R,h1_ocxo_open_loop,16
CNT,1,4264,2,63117488656,63277504688,rp2040_timer0,100010020,R,h1_ocxo_open_loop,16
CNT,1,4265,2,63293488720,63453504736,rp2040_timer0,100010010,R,h1_ocxo_open_loop,16
CNT,1,4266,2,63469488672,63629504720,rp2040_timer0,100010030,R,h1_ocxo_open_loop,16
CNT,1,4267,2,63645488640,63805504720,rp2040_timer0,100010050,R,h1_ocxo_open_loop,16
CNT,1,4268,2,63821488656,63981504704,rp2040_timer0,100010030,R,h1_ocxo_open_loop,16
CNT,1,4269,2,63997488672,64157504704,rp2040_timer0,100010020,R,h1_ocxo_open_loop,16
CNT,1,4270,2,64173488672,64333504704,rp2040_timer0,100010020,R,h1_ocxo_open_loop,16
CNT,1,4271,2,64349488704,64509504704,rp2040_timer0,100010000,R,h1_ocxo_open_loop,16
CNT,1,4272,2,64525488656,64685504736,rp2040_timer0,100010050,R,h1_ocxo_open_loop,16
CNT,1,4273,2,64701488672,64861504672,rp2040_timer0,100010000,R,h1_ocxo_open_loop,16
CNT,1,4274,2,64877488672,65037504720,rp2040_timer0,100010030,R,h1_ocxo_open_loop,16
CNT,1,4275,2,65053488688,65213504688,rp2040_timer0,100010000,R,h1_ocxo_open_loop,16
CNT,1,4276,2,65229488672,65389504688,rp2040_timer0,100010010,R,h1_ocxo_open_loop,16
CNT,1,4277,2,65405488656,65565504720,rp2040_timer0,100010040,R,h1_ocxo_open_loop,16
CNT,1,4278,2,65581488640,65741504752,rp2040_timer0,100010070,R,h1_ocxo_open_loop,16
CNT,1,4279,2,65757488656,65917504672,rp2040_timer0,100010010,R,h1_ocxo_open_loop,16
CNT,1,4280,2,65933488704,66093504688,rp2040_timer0,100009990,R,h1_ocxo_open_loop,16
CNT,1,4281,2,66109488688,66269504720,rp2040_timer0,100010020,R,h1_ocxo_open_loop,16
CNT,1,4282,2,66285488704,66445504736,rp2040_timer0,100010020,R,h1_ocxo_open_loop,16
CNT,1,4283,2,66461488672,66621504736,rp2040_timer0,100010040,R,h1_ocxo_open_loop,16
CNT,1,4284,2,66637488720,66797504720,rp2040_timer0,100010000,R,h1_ocxo_open_loop,16
CNT,1,4285,2,66813488672,66973504752,rp2040_timer0,100010050,R,h1_ocxo_open_loop,16
CNT,1,4286,2,66989488688,67149504736,rp2040_timer0,100010030,R,h1_ocxo_open_loop,16
CNT,1,4287,2,67165488720,67325504736,rp2040_timer0,100010010,R,h1_ocxo_open_loop,16
CNT,1,4288,2,67341488640,67501504736,rp2040_timer0,100010060,R,h1_ocxo_open_loop,16
CNT,1,4289,2,67517488688,67677504704,rp2040_timer0,100010010,R,h1_ocxo_open_loop,16
CNT,1,4290,2,67693488640,67853504704,rp2040_timer0,100010040,R,h1_ocxo_open_loop,16
CNT,1,4291,2,67869488720,68029504720,rp2040_timer0,100010000,R,h1_ocxo_open_loop,16
CNT,1,4292,2,68045488640,68205504736,rp2040_timer0,100010060,R,h1_ocxo_open_loop,16
CNT,1,4293,2,68221488656,68381504736,rp2040_timer0,100010050,R,h1_ocxo_open_loop,16
CNT,1,4294,2,68397488704,68557504736,rp2040_timer0,100010020,R,h1_ocxo_open_loop,16
CNT,1,4295,2,68573488688,68733504704,rp2040_timer0,100010010,R,h1_ocxo_open_loop,16
CNT,1,4296,2,30011952,190027968,rp2040_timer0,100010010,R,h1_ocxo_open_loop,16
CNT,1,4297,2,206011936,366028000,rp2040_timer0,100010040,R,h1_ocxo_open_loop,16
CNT,1,4298,2,382011968,542027984,rp2040_timer0,100010010,R,h1_ocxo_open_loop,16
CNT,1,4299,2,558011952,718027952,rp2040_timer0,100010000,R,h1_ocxo_open_loop,16
CNT,1,4300,2,734011920,894027984,rp2040_timer0,100010040,R,h1_ocxo_open_loop,16
CNT,1,4301,2,910011936,1070027968,rp2040_timer0,100010020,R,h1_ocxo_open_loop,16
CNT,1,4302,2,1086011968,1246027984,rp2040_timer0,100010010,R,h1_ocxo_open_loop,16
CNT,1,4303,2,1262011968,1422027968,rp2040_timer0,100010000,R,h1_ocxo_open_loop,16
CNT,1,4304,2,1438011984,1598027952,rp2040_timer0,100009980,R,h1_ocxo_open_loop,16
CNT,1,4305,2,1614011968,1774028016,rp2040_timer0,100010030,R,h1_ocxo_open_loop,16
CNT,1,4306,2,1790011968,1950027952,rp2040_timer0,100009990,R,h1_ocxo_open_loop,16
CNT,1,4307,2,1966011920,2126028000,rp2040_timer0,100010050,R,h1_ocxo_open_loop,16
CNT,1,4308,2,2142011968,2302028000,rp2040_timer0,100010020,R,h1_ocxo_open_loop,16
CNT,1,4309,2,2318011952,2478027936,rp2040_timer0,100009990,R,h1_ocxo_open_loop,16
CNT,1,4310,2,2494011952,2654028016,rp2040_timer0,100010040,R,h1_ocxo_open_loop,16
CNT,1,4311,2,2670011968,2830027936,rp2040_timer0,100009980,R,h1_ocxo_open_loop,16
CNT,1,4312,2,2846011984,3006027984,rp2040_timer0,100010000,R,h1_ocxo_open_loop,16
CNT,1,4313,2,3022011952,3182028000,rp2040_timer0,100010030,R,h1_ocxo_open_loop,16
CNT,1,4314,2,3198011904,3358027952,rp2040_timer0,100010030,R,h1_ocxo_open_loop,16
CNT,1,4315,2,3374011920,3534027952,rp2040_timer0,100010020,R,h1_ocxo_open_loop,16
CNT,1,4316,2,3550011984,3710027952,rp2040_timer0,100009980,R,h1_ocxo_open_loop,16
CNT,1,4317,2,3726011968,3886027952,rp2040_timer0,100009990,R,h1_ocxo_open_loop,16
CNT,1,4318,2,3902011904,4062027952,rp2040_timer0,100010030,R,h1_ocxo_open_loop,16
CNT,1,4319,2,4078011920,4238027952,rp2040_timer0,100010020,R,h1_ocxo_open_loop,16
CNT,1,4320,2,4254011984,4414027952,rp2040_timer0,100009980,R,h1_ocxo_open_loop,16
CNT,1,4321,2,4430011920,4590027984,rp2040_timer0,100010040,R,h1_ocxo_open_loop,16
CNT,1,4322,2,4606011952,4766028000,rp2040_timer0,100010030,R,h1_ocxo_open_loop,16
CNT,1,4323,2,4782011936,4942027968,rp2040_timer0,100010020,R,h1_ocxo_open_loop,16
CNT,1,4324,2,4958011952,5118028016,rp2040_timer0,100010040,R,h1_ocxo_open_loop,16
CNT,1,4325,2,5134011952,5294028016,rp2040_timer0,100010040,R,h1_ocxo_open_loop,16
CNT,1,4326,2,5310011952,5470027952,rp2040_timer0,100010000,R,h1_ocxo_open_loop,16
CNT,1,4327,2,5486011968,5646028016,rp2040_timer0,100010030,R,h1_ocxo_open_loop,16
CNT,1,4328,2,5662011984,5822027984,rp2040_timer0,100010000,R,h1_ocxo_open_loop,16
CNT,1,4329,2,5838011968,5998028016,rp2040_timer0,100010030,R,h1_ocxo_open_loop,16
CNT,1,4330,2,6014011936,6174028000,rp2040_timer0,100010040,R,h1_ocxo_open_loop,16
CNT,1,4331,2,6190011920,6350027952,rp2040_timer0,100010020,R,h1_ocxo_open_loop,16
CNT,1,4332,2,6366011984,6526027984,rp2040_timer0,100010000,R,h1_ocxo_open_loop,16
CNT,1,4333,2,6542011968,6702027984,rp2040_timer0,100010010,R,h1_ocxo_open_loop,16
CNT,1,4334,2,6718011984,6878027936,rp2040_timer0,100009970,R,h1_ocxo_open_loop,16
CNT,1,4335,2,6894011936,7054027968,rp2040_timer0,100010020,R,h1_ocxo_open_loop,16
CNT,1,4336,2,7070011968,7230028016,rp2040_timer0,100010030,R,h1_ocxo_open_loop,16
CNT,1,4337,2,7246011968,7406028000,rp2040_timer0,100010020,R,h1_ocxo_open_loop,16
CNT,1,4338,2,7422011904,7582028000,rp2040_timer0,100010060,R,h1_ocxo_open_loop,16
CNT,1,4339,2,7598011952,7758028016,rp2040_timer0,100010040,R,h1_ocxo_open_loop,16
CNT,1,4340,2,7774011968,7934027952,rp2040_timer0,100009990,R,h1_ocxo_open_loop,16
CNT,1,4341,2,7950011968,8110028016,rp2040_timer0,100010030,R,h1_ocxo_open_loop,16
CNT,1,4342,2,8126011968,8286027984,rp2040_timer0,100010010,R,h1_ocxo_open_loop,16
CNT,1,4343,2,8302011904,8462028000,rp2040_timer0,100010060,R,h1_ocxo_open_loop,16
CNT,1,4344,2,8478011968,8638028016,rp2040_timer0,100010030,R,h1_ocxo_open_loop,16
CNT,1,4345,2,8654011936,8814027984,rp2040_timer0,100010030,R,h1_ocxo_open_loop,16
CNT,1,4346,2,8830011936,8990028032,rp2040_timer0,100010060,R,h1_ocxo_open_loop,16
CNT,1,4347,2,9006011984,9166027984,rp2040_timer0,100010000,R,h1_ocxo_open_loop,16
CNT,1,4348,2,9182011936,9342028016,rp2040_timer0,100010050,R,h1_ocxo_open_loop,16
CNT,1,4349,2,9358011968,9518027984,rp2040_timer0,100010010,R,h1_ocxo_open_loop,16
CNT,1,4350,2,9534011936,9694028000,rp2040_timer0,100010040,R,h1_ocxo_open_loop,16
CNT,1,4351,2,9710011936,9870027968,rp2040_timer0,100010020,R,h1_ocxo_open_loop,16
CNT,1,4352,2,9886011936,10046028016,rp2040_timer0,100010050,R,h1_ocxo_open_loop,16
CNT,1,4353,2,10062011920,10222027952,rp2040_timer0,100010020,R,h1_ocxo_open_loop,16
CNT,1,4354,2,10238011984,10398028000,rp2040_timer0,100010010,R,h1_ocxo_open_loop,16
CNT,1,4355,2,10414011904,10574027984,rp2040_timer0,100010050,R,h1_ocxo_open_loop,16
CNT,1,4356,2,10590011968,10750028000,rp2040_timer0,100010020,R,h1_ocxo_open_loop,16
CNT,1,4357,2,10766011968,10926027968,rp2040_timer0,100010000,R,h1_ocxo_open_loop,16
CNT,1,4358,2,10942011936,11102027984,rp2040_timer0,100010030,R,h1_ocxo_open_loop,16
CNT,1,4359,2,11118011968,11278028016,rp2040_timer0,100010030,R,h1_ocxo_open_loop,16
CNT,1,4360,2,11294011984,11454027952,rp2040_timer0,100009980,R,h1_ocxo_open_loop,16
CNT,1,4361,2,11470011904,11630028016,rp2040_timer0,100010070,R,h1_ocxo_open_loop,16
CNT,1,4362,2,11646011920,11806028016,rp2040_timer0,100010060,R,h1_ocxo_open_loop,16
CNT,1,4363,2,11822011920,11982027984,rp2040_timer0,100010040,R,h1_ocxo_open_loop,16
CNT,1,4364,2,11998011984,12158027968,rp2040_timer0,100009990,R,h1_ocxo_open_loop,16
CNT,1,4365,2,12174011952,12334027936,rp2040_timer0,100009990,R,h1_ocxo_open_loop,16
CNT,1,4366,2,12350011904,12510027952,rp2040_timer0,100010030,R,h1_ocxo_open_loop,16
CNT,1,4367,2,12526011904,12686027952,rp2040_timer0,100010030,R,h1_ocxo_open_loop,16
CNT,1,4368,2,12702011952,12862027968,rp2040_timer0,100010010,R,h1_ocxo_open_loop,16
CNT,1,4369,2,12878011984,13038028016,rp2040_timer0,100010020,R,h1_ocxo_open_loop,16
CNT,1,4370,2,13054011920,13214027952,rp2040_timer0,100010020,R,h1_ocxo_open_loop,16
CNT,1,4371,2,13230011952,13390027968,rp2040_timer0,100010010,R,h1_ocxo_open_loop,16
CNT,1,4372,2,13406011952,13566027968,rp2040_timer0,100010010,R,h1_ocxo_open_loop,16
CNT,1,4373,2,13582011952,13742027984,rp2040_timer0,100010020,R,h1_ocxo_open_loop,16
CNT,1,4374,2,13758011984,13918027984,rp2040_timer0,100010000,R,h1_ocxo_open_loop,16
CNT,1,4375,2,13934011920,14094028000,rp2040_timer0,100010050,R,h1_ocxo_open_loop,16
CNT,1,4376,2,14110011936,14270027984,rp2040_timer0,100010030,R,h1_ocxo_open_loop,16
CNT,1,4377,2,14286011984,14446027968,rp2040_timer0,100009990,R,h1_ocxo_open_loop,16
CNT,1,4378,2,14462011920,14622027968,rp2040_timer0,100010030,R,h1_ocxo_open_loop,16
CNT,1,4379,2,14638011920,14798028000,rp2040_timer0,100010050,R,h1_ocxo_open_loop,16
CNT,1,4380,2,14814011984,14974028016,rp2040_timer0,100010020,R,h1_ocxo_open_loop,16
CNT,1,4381,2,14990011984,15150027952,rp2040_timer0,100009980,R,h1_ocxo_open_loop,16
CNT,1,4382,2,15166011936,15326027968,rp2040_timer0,100010020,R,h1_ocxo_open_loop,16
CNT,1,4383,2,15342011904,15502028016,rp2040_timer0,100010070,R,h1_ocxo_open_loop,16
CNT,1,4384,2,15518011984,15678028000,rp2040_timer0,100010010,R,h1_ocxo_open_loop,16
CNT,1,4385,2,15694011952,15854028000,rp2040_timer0,100010030,R,h1_ocxo_open_loop,16
CNT,1,4386,2,15870011968,16030027984,rp2040_timer0,100010010,R,h1_ocxo_open_loop,16
CNT,1,4387,2,16046011952,16206028016,rp2040_timer0,100010040,R,h1_ocxo_open_loop,16
CNT,1,4388,2,16222011936,16382027952,rp2040_timer0,100010010,R,h1_ocxo_open_loop,16
CNT,1,4389,2,16398011952,16558028000,rp2040_timer0,100010030,R,h1_ocxo_open_loop,16
CNT,1,4390,2,16574011936,16734028016,rp2040_timer0,100010050,R,h1_ocxo_open_loop,16
CNT,1,4391,2,16750011936,16910028000,rp2040_timer0,100010040,R,h1_ocxo_open_loop,16
CNT,1,4392,2,16926011936,17086027952,rp2040_timer0,100010010,R,h1_ocxo_open_loop,16
CNT,1,4393,2,17102011936,17262027952,rp2040_timer0,100010010,R,h1_ocxo_open_loop,16
CNT,1,4394,2,17278011984,17438027984,rp2040_timer0,100010000,R,h1_ocxo_open_loop,16
CNT,1,4395,2,17454011920,17614027968,rp2040_timer0,100010030,R,h1_ocxo_open_loop,16
CNT,1,4396,2,17630011952,17790027968,rp2040_timer0,100010010,R,h1_ocxo_open_loop,16
CNT,1,4397,2,17806011920,17966027984,rp2040_timer0,100010040,R,h1_ocxo_open_loop,16
CNT,1,4398,2,17982011920,18142027984,rp2040_timer0,100010040,R,h1_ocxo_open_loop,16
CNT,1,4399,2,18158011920,18318027984,rp2040_timer0,100010040,R,h1_ocxo_open_loop,16
CNT,1,4400,2,18334011952,18494028000,rp2040_timer0,100010030,R,h1_ocxo_open_loop,16
CNT,1,4401,2,18510011952,18670027968,rp2040_timer0,100010010,R,h1_ocxo_open_loop,16
CNT,1,4402,2,18686011952,18846028000,rp2040_timer0,100010030,R,h1_ocxo_open_loop,16
CNT,1,4403,2,18862011936,19022028000,rp2040_timer0,100010040,R,h1_ocxo_open_loop,16
CNT,1,4404,2,19038011936,19198028016,rp2040_timer0,100010050,R,h1_ocxo_open_loop,16
CNT,1,4405,2,19214011968,19374028000,rp2040_timer0,100010020,R,h1_ocxo_open_loop,16
CNT,1,4406,2,19390011968,19550028016,rp2040_timer0,100010030,R,h1_ocxo_open_loop,16
CNT,1,4407,2,19566011952,19726028016,rp2040_timer0,100010040,R,h1_ocxo_open_loop,16
CNT,1,4408,2,19742011920,19902027952,rp2040_timer0,100010020,R,h1_ocxo_open_loop,16
CNT,1,4409,2,19918011904,20078027952,rp2040_timer0,100010030,R,h1_ocxo_open_loop,16
CNT,1,4410,2,20094011952,20254027952,rp2040_timer0,100010000,R,h1_ocxo_open_loop,16
CNT,1,4411,2,20270011904,20430027984,rp2040_timer0,100010050,R,h1_ocxo_open_loop,16
CNT,1,4412,2,20446011952,20606028000,rp2040_timer0,100010030,R,h1_ocxo_open_loop,16
CNT,1,4413,2,20622011984,20782027968,rp2040_timer0,100009990,R,h1_ocxo_open_loop,16
CNT,1,4414,2,20798011936,20958027952,rp2040_timer0,100010010,R,h1_ocxo_open_loop,16
CNT,1,4415,2,20974011952,21134027984,rp2040_timer0,100010020,R,h1_ocxo_open_loop,16
CNT,1,4416,2,21150011936,21310027984,rp2040_timer0,100010030,R,h1_ocxo_open_loop,16
CNT,1,4417,2,21326011904,21486027952,rp2040_timer0,100010030,R,h1_ocxo_open_loop,16
CNT,1,4418,2,21502011984,21662027968,rp2040_timer0,100009990,R,h1_ocxo_open_loop,16
CNT,1,4419,2,21678011984,21838028016,rp2040_timer0,100010020,R,h1_ocxo_open_loop,16
CNT,1,4420,2,21854011984,22014027984,rp2040_timer0,100010000,R,h1_ocxo_open_loop,16
CNT,1,4421,2,22030011920,22190028016,rp2040_timer0,100010060,R,h1_ocxo_open_loop,16
CNT,1,4422,2,22206011920,22366028000,rp2040_timer0,100010050,R,h1_ocxo_open_loop,16
CNT,1,4423,2,22382011984,22542027952,rp2040_timer0,100009980,R,h1_ocxo_open_loop,16
CNT,1,4424,2,22558011936,22718028016,rp2040_timer0,100010050,R,h1_ocxo_open_loop,16
CNT,1,4425,2,22734011904,22894027984,rp2040_timer0,100010050,R,h1_ocxo_open_loop,16
CNT,1,4426,2,22910011952,23070028016,rp2040_timer0,100010040,R,h1_ocxo_open_loop,16
CNT,1,4427,2,23086011936,23246028016,rp2040_timer0,100010050,R,h1_ocxo_open_loop,16
CNT,1,4428,2,23262011920,23422028016,rp2040_timer0,100010060,R,h1_ocxo_open_loop,16
CNT,1,4429,2,23438011984,23598027968,rp2040_timer0,100009990,R,h1_ocxo_open_loop,16
CNT,1,4430,2,23614011904,23774027968,rp2040_timer0,100010040,R,h1_ocxo_open_loop,16
CNT,1,4431,2,23790011936,23950027984,rp2040_timer0,100010030,R,h1_ocxo_open_loop,16
CNT,1,4432,2,23966011968,24126027952,rp2040_timer0,100009990,R,h1_ocxo_open_loop,16
CNT,1,4433,2,24142011952,24302028016,rp2040_timer0,100010040,R,h1_ocxo_open_loop,16
CNT,1,4434,2,24318011952,24478028000,rp2040_timer0,100010030,R,h1_ocxo_open_loop,16
CNT,1,4435,2,24494011904,24654027968,rp2040_timer0,100010040,R,h1_ocxo_open_loop,16
CNT,1,4436,2,24670011920,24830027968,rp2040_timer0,100010030,R,h1_ocxo_open_loop,16
CNT,1,4437,2,24846011952,25006028000,rp2040_timer0,100010030,R,h1_ocxo_open_loop,16
CNT,1,4438,2,25022011968,25182028016,rp2040_timer0,100010030,R,h1_ocxo_open_loop,16
CNT,1,4439,2,25198011952,25358028000,rp2040_timer0,100010030,R,h1_ocxo_open_loop,16
CNT,1,4440,2,25374011936,25534027984,rp2040_timer0,100010030,R,h1_ocxo_open_loop,16
CNT,1,4441,2,25550011920,25710028016,rp2040_timer0,100010060,R,h1_ocxo_open_loop,16
CNT,1,4442,2,25726011984,25886028016,rp2040_timer0,100010020,R,h1_ocxo_open_loop,16
CNT,1,4443,2,25902011968,26062027936,rp2040_timer0,100009980,R,h1_ocxo_open_loop,16
CNT,1,4444,2,26078011952,26238028000,rp2040_timer0,100010030,R,h1_ocxo_open_loop,16
CNT,1,4445,2,26254011984,26414027968,rp2040_timer0,100009990,R,h1_ocxo_open_loop,16
CNT,1,4446,2,26430011936,26590028016,rp2040_timer0,100010050,R,h1_ocxo_open_loop,16
CNT,1,4447,2,26606011936,26766028000,rp2040_timer0,100010040,R,h1_ocxo_open_loop,16
CNT,1,4448,2,26782011936,26942028000,rp2040_timer0,100010040,R,h1_ocxo_open_loop,16
CNT,1,4449,2,26958011984,27118027952,rp2040_timer0,100009980,R,h1_ocxo_open_loop,16
CNT,1,4450,2,27134011968,27294028000,rp2040_timer0,100010020,R,h1_ocxo_open_loop,16
CNT,1,4451,2,27310011984,27470027952,rp2040_timer0,100009980,R,h1_ocxo_open_loop,16
CNT,1,4452,2,27486011904,27646028000,rp2040_timer0,100010060,R,h1_ocxo_open_loop,16
CNT,1,4453,2,27662011952,27822028000,rp2040_timer0,100010030,R,h1_ocxo_open_loop,16
CNT,1,4454,2,27838011920,27998027936,rp2040_timer0,100010010,R,h1_ocxo_open_loop,16
CNT,1,4455,2,28014011968,28174027952,rp2040_timer0,100009990,R,h1_ocxo_open_loop,16
CNT,1,4456,2,28190011936,28350027952,rp2040_timer0,100010010,R,h1_ocxo_open_loop,16
CNT,1,4457,2,28366011968,28526027952,rp2040_timer0,100009990,R,h1_ocxo_open_loop,16
CNT,1,4458,2,28542011984,28702028016,rp2040_timer0,100010020,R,h1_ocxo_open_loop,16
CNT,1,4459,2,28718011920,28878028000,rp2040_timer0,100010050,R,h1_ocxo_open_loop,16
CNT,1,4460,2,28894011952,29054028016,rp2040_timer0,100010040,R,h1_ocxo_open_loop,16
CNT,1,4461,2,29070011952,29230028000,rp2040_timer0,100010030,R,h1_ocxo_open_loop,16
CNT,1,4462,2,29246011968,29406028016,rp2040_timer0,100010030,R,h1_ocxo_open_loop,16
CNT,1,4463,2,29422011936,29582027952,rp2040_timer0,100010010,R,h1_ocxo_open_loop,16
CNT,1,4464,2,29598011968,29758028000,rp2040_timer0,100010020,R,h1_ocxo_open_loop,16
CNT,1,4465,2,29774011936,29934028016,rp2040_timer0,100010050,R,h1_ocxo_open_loop,16
CNT,1,4466,2,29950011968,30110027936,rp2040_timer0,100009980,R,h1_ocxo_open_loop,16
CNT,1,4467,2,30126011904,30286027984,rp2040_timer0,100010050,R,h1_ocxo_open_loop,16
CNT,1,4468,2,30302011920,30462027952,rp2040_timer0,100010020,R,h1_ocxo_open_loop,16
CNT,1,4469,2,30478011984,30638027952,rp2040_timer0,100009980,R,h1_ocxo_open_loop,16
CNT,1,4470,2,30654011904,30814027952,rp2040_timer0,100010030,R,h1_ocxo_open_loop,16
CNT,1,4471,2,30830011904,30990027968,rp2040_timer0,100010040,R,h1_ocxo_open_loop,16
CNT,1,4472,2,31006011952,31166027968,rp2040_timer0,100010010,R,h1_ocxo_open_loop,16
CNT,1,4473,2,31182011936,31342028016,rp2040_timer0,100010050,R,h1_ocxo_open_loop,16
CNT,1,4474,2,31358011952,31518027968,rp2040_timer0,100010010,R,h1_ocxo_open_loop,16
CNT,1,4475,2,31534011904,31694027936,rp2040_timer0,100010020,R,h1_ocxo_open_loop,16
CNT,1,4476,2,31710011952,31870027968,rp2040_timer0,100010010,R,h1_ocxo_open_loop,16
CNT,1,4477,2,31886011920,32046028016,rp2040_timer0,100010060,R,h1_ocxo_open_loop,16
CNT,1,4478,2,32062011984,32222028000,rp2040_timer0,100010010,R,h1_ocxo_open_loop,16
CNT,1,4479,2,32238011968,32398027952,rp2040_timer0,100009990,R,h1_ocxo_open_loop,16
CNT,1,4480,2,32414011920,32574027952,rp2040_timer0,100010020,R,h1_ocxo_open_loop,16
CNT,1,4481,2,32590011936,32750027984,rp2040_timer0,100010030,R,h1_ocxo_open_loop,16
CNT,1,4482,2,32766011920,32926027952,rp2040_timer0,100010020,R,h1_ocxo_open_loop,16
CNT,1,4483,2,32942011920,33102027984,rp2040_timer0,100010040,R,h1_ocxo_open_loop,16
CNT,1,4484,2,33118011936,33278027968,rp2040_timer0,100010020,R,h1_ocxo_open_loop,16
CNT,1,4485,2,33294011984,33454027984,rp2040_timer0,100010000,R,h1_ocxo_open_loop,16
CNT,1,4486,2,33470011968,33630027968,rp2040_timer0,100010000,R,h1_ocxo_open_loop,16
CNT,1,4487,2,33646011936,33806028000,rp2040_timer0,100010040,R,h1_ocxo_open_loop,16
CNT,1,4488,2,33822011904,33982027968,rp2040_timer0,100010040,R,h1_ocxo_open_loop,16
CNT,1,4489,2,33998011952,34158027968,rp2040_timer0,100010010,R,h1_ocxo_open_loop,16
CNT,1,4490,2,34174011984,34334027968,rp2040_timer0,100009990,R,h1_ocxo_open_loop,16
CNT,1,4491,2,34350011952,34510027968,rp2040_timer0,100010010,R,h1_ocxo_open_loop,16
CNT,1,4492,2,34526011904,34686028000,rp2040_timer0,100010060,R,h1_ocxo_open_loop,16
CNT,1,4493,2,34702011952,34862027952,rp2040_timer0,100010000,R,h1_ocxo_open_loop,16
CNT,1,4494,2,34878011984,35038027968,rp2040_timer0,100009990,R,h1_ocxo_open_loop,16
CNT,1,4495,2,35054011952,35214028000,rp2040_timer0,100010030,R,h1_ocxo_open_loop,16
CNT,1,4496,2,35230011984,35390027984,rp2040_timer0,100010000,R,h1_ocxo_open_loop,16
CNT,1,4497,2,35406011936,35566027984,rp2040_timer0,100010030,R,h1_ocxo_open_loop,16
CNT,1,4498,2,35582011904,35742028000,rp2040_timer0,100010060,R,h1_ocxo_open_loop,16
CNT,1,4499,2,35758011952,35918028016,rp2040_timer0,100010040,R,h1_ocxo_open_loop,16
CNT,1,4500,2,35934011984,36094028000,rp2040_timer0,100010010,R,h1_ocxo_open_loop,16
CNT,1,4501,2,36110011968,36270027936,rp2040_timer0,100009980,R,h1_ocxo_open_loop,16
CNT,1,4502,2,36286011968,36446027952,rp2040_timer0,100009990,R,h1_ocxo_open_loop,16
CNT,1,4503,2,36462011952,36622028000,rp2040_timer0,100010030,R,h1_ocxo_open_loop,16
CNT,1,4504,2,36638011920,36798027968,rp2040_timer0,100010030,R,h1_ocxo_open_loop,16
CNT,1,4505,2,36814011952,36974027968,rp2040_timer0,100010010,R,h1_ocxo_open_loop,16
CNT,1,4506,2,36990011936,37150027968,rp2040_timer0,100010020,R,h1_ocxo_open_loop,16
CNT,1,4507,2,37166011952,37326028016,rp2040_timer0,100010040,R,h1_ocxo_open_loop,16
CNT,1,4508,2,37342011984,37502028016,rp2040_timer0,100010020,R,h1_ocxo_open_loop,16
CNT,1,4509,2,37518011968,37678027968,rp2040_timer0,100010000,R,h1_ocxo_open_loop,16
CNT,1,4510,2,37694011920,37854028000,rp2040_timer0,100010050,R,h1_ocxo_open_loop,16
CNT,1,4511,2,37870011920,38030027968,rp2040_timer0,100010030,R,h1_ocxo_open_loop,16
CNT,1,4512,2,38046011920,38206028000,rp2040_timer0,100010050,R,h1_ocxo_open_loop,16
CNT,1,4513,2,38222011936,38382028000,rp2040_timer0,100010040,R,h1_ocxo_open_loop,16
CNT,1,4514,2,38398011952,38558027968,rp2040_timer0,100010010,R,h1_ocxo_open_loop,16
CNT,1,4515,2,38574011952,38734027952,rp2040_timer0,100010000,R,h1_ocxo_open_loop,16
CNT,1,4516,2,38750011952,38910027952,rp2040_timer0,100010000,R,h1_ocxo_open_loop,16
CNT,1,4517,2,38926011952,39086027968,rp2040_timer0,100010010,R,h1_ocxo_open_loop,16
CNT,1,4518,2,39102011968,39262027968,rp2040_timer0,100010000,R,h1_ocxo_open_loop,16
CNT,1,4519,2,39278011920,39438027968,rp2040_timer0,100010030,R,h1_ocxo_open_loop,16
CNT,1,4520,2,39454011936,39614027984,rp2040_timer0,100010030,R,h1_ocxo_open_loop,16
CNT,1,4521,2,39630011952,39790028064,rp2040_timer0,100010070,R,h1_ocxo_open_loop,16
CNT,1,4522,2,39806011920,39966027952,rp2040_timer0,100010020,R,h1_ocxo_open_loop,16
CNT,1,4523,2,39982011920,40142028000,rp2040_timer0,100010050,R,h1_ocxo_open_loop,16
CNT,1,4524,2,40158011936,40318027984,rp2040_timer0,100010030,R,h1_ocxo_open_loop,16
CNT,1,4525,2,40334011920,40494028016,rp2040_timer0,100010060,R,h1_ocxo_open_loop,16
CNT,1,4526,2,40510011952,40670027968,rp2040_timer0,100010010,R,h1_ocxo_open_loop,16
CNT,1,4527,2,40686011984,40846027968,rp2040_timer0,100009990,R,h1_ocxo_open_loop,16
CNT,1,4528,2,40862011920,41022028016,rp2040_timer0,100010060,R,h1_ocxo_open_loop,16
CNT,1,4529,2,41038011968,41198028000,rp2040_timer0,100010020,R,h1_ocxo_open_loop,16
CNT,1,4530,2,41214011952,41374028000,rp2040_timer0,100010030,R,h1_ocxo_open_loop,16
CNT,1,4531,2,41390011984,41550028000,rp2040_timer0,100010010,R,h1_ocxo_open_loop,16
CNT,1,4532,2,41566011952,41726028016,rp2040_timer0,100010040,R,h1_ocxo_open_loop,16
CNT,1,4533,2,41742011968,41902027936,rp2040_timer0,100009980,R,h1_ocxo_open_loop,16
CNT,1,4534,2,41918011920,42078027984,rp2040_timer0,100010040,R,h1_ocxo_open_loop,16
CNT,1,4535,2,42094011904,42254027968,rp2040_timer0,100010040,R,h1_ocxo_open_loop,16
CNT,1,4536,2,42270011920,42430027952,rp2040_timer0,100010020,R,h1_ocxo_open_loop,16
CNT,1,4537,2,42446011904,42606028016,rp2040_timer0,100010070,R,h1_ocxo_open_loop,16
CNT,1,4538,2,42622011984,42782027984,rp2040_timer0,100010000,R,h1_ocxo_open_loop,16
CNT,1,4539,2,42798011984,42958027984,rp2040_timer0,100010000,R,h1_ocxo_open_loop,16
CNT,1,4540,2,42974011984,43134028016,rp2040_timer0,100010020,R,h1_ocxo_open_loop,16
CNT,1,4541,2,43150011920,43310027952,rp2040_timer0,100010020,R,h1_ocxo_open_loop,16
CNT,1,4542,2,43326011952,43486027968,rp2040_timer0,100010010,R,h1_ocxo_open_loop,16
CNT,1,4543,2,43502011952,43662028000,rp2040_timer0,100010030,R,h1_ocxo_open_loop,16
CNT,1,4544,2,43678011920,43838027984,rp2040_timer0,100010040,R,h1_ocxo_open_loop,16
CNT,1,4545,2,43854011936,44014027968,rp2040_timer0,100010020,R,h1_ocxo_open_loop,16
CNT,1,4546,2,44030011936,44190028016,rp2040_timer0,100010050,R,h1_ocxo_open_loop,16
CNT,1,4547,2,44206011984,44366027952,rp2040_timer0,100009980,R,h1_ocxo_open_loop,16
CNT,1,4548,2,44382011920,44542027968,rp2040_timer0,100010030,R,h1_ocxo_open_loop,16
CNT,1,4549,2,44558011920,44718027968,rp2040_timer0,100010030,R,h1_ocxo_open_loop,16
CNT,1,4550,2,44734011936,44894027968,rp2040_timer0,100010020,R,h1_ocxo_open_loop,16
CNT,1,4551,2,44910011968,45070027968,rp2040_timer0,100010000,R,h1_ocxo_open_loop,16
CNT,1,4552,2,45086011952,45246027984,rp2040_timer0,100010020,R,h1_ocxo_open_loop,16
CNT,1,4553,2,45262011920,45422028000,rp2040_timer0,100010050,R,h1_ocxo_open_loop,16
CNT,1,4554,2,45438011968,45598027984,rp2040_timer0,100010010,R,h1_ocxo_open_loop,16
CNT,1,4555,2,45614011936,45774028000,rp2040_timer0,100010040,R,h1_ocxo_open_loop,16
CNT,1,4556,2,45790011920,45950028000,rp2040_timer0,100010050,R,h1_ocxo_open_loop,16
CNT,1,4557,2,45966011920,46126027936,rp2040_timer0,100010010,R,h1_ocxo_open_loop,16
CNT,1,4558,2,46142011968,46302027968,rp2040_timer0,100010000,R,h1_ocxo_open_loop,16
CNT,1,4559,2,46318011952,46478027968,rp2040_timer0,100010010,R,h1_ocxo_open_loop,16
CNT,1,4560,2,46494011920,46654028032,rp2040_timer0,100010070,R,h1_ocxo_open_loop,16
CNT,1,4561,2,46670011904,46830027968,rp2040_timer0,100010040,R,h1_ocxo_open_loop,16
CNT,1,4562,2,46846011936,47006028016,rp2040_timer0,100010050,R,h1_ocxo_open_loop,16
CNT,1,4563,2,47022011920,47182027968,rp2040_timer0,100010030,R,h1_ocxo_open_loop,16
CNT,1,4564,2,47198011952,47358027952,rp2040_timer0,100010000,R,h1_ocxo_open_loop,16
CNT,1,4565,2,47374011968,47534028000,rp2040_timer0,100010020,R,h1_ocxo_open_loop,16
CNT,1,4566,2,47550011984,47710027952,rp2040_timer0,100009980,R,h1_ocxo_open_loop,16
CNT,1,4567,2,47726011952,47886027952,rp2040_timer0,100010000,R,h1_ocxo_open_loop,16
CNT,1,4568,2,47902011968,48062027952,rp2040_timer0,100009990,R,h1_ocxo_open_loop,16
CNT,1,4569,2,48078011904,48238028000,rp2040_timer0,100010060,R,h1_ocxo_open_loop,16
CNT,1,4570,2,48254011936,48414027952,rp2040_timer0,100010010,R,h1_ocxo_open_loop,16
CNT,1,4571,2,48430011968,48590027984,rp2040_timer0,100010010,R,h1_ocxo_open_loop,16
CNT,1,4572,2,48606011936,48766027968,rp2040_timer0,100010020,R,h1_ocxo_open_loop,16
CNT,1,4573,2,48782011904,48942027936,rp2040_timer0,100010020,R,h1_ocxo_open_loop,16
CNT,1,4574,2,48958011968,49118027952,rp2040_timer0,100009990,R,h1_ocxo_open_loop,16
CNT,1,4575,2,49134011920,49294027952,rp2040_timer0,100010020,R,h1_ocxo_open_loop,16
CNT,1,4576,2,49310011952,49470027984,rp2040_timer0,100010020,R,h1_ocxo_open_loop,16
CNT,1,4577,2,49486011904,49646028016,rp2040_timer0,100010070,R,h1_ocxo_open_loop,16
CNT,1,4578,2,49662011920,49822028016,rp2040_timer0,100010060,R,h1_ocxo_open_loop,16
CNT,1,4579,2,49838011952,49998027952,rp2040_timer0,100010000,R,h1_ocxo_open_loop,16
CNT,1,4580,2,50014011984,50174027984,rp2040_timer0,100010000,R,h1_ocxo_open_loop,16
CNT,1,4581,2,50190011984,50350027952,rp2040_timer0,100009980,R,h1_ocxo_open_loop,16
CNT,1,4582,2,50366011968,50526028000,rp2040_timer0,100010020,R,h1_ocxo_open_loop,16
CNT,1,4583,2,50542011920,50702027952,rp2040_timer0,100010020,R,h1_ocxo_open_loop,16
CNT,1,4584,2,50718011968,50878027952,rp2040_timer0,100009990,R,h1_ocxo_open_loop,16
CNT,1,4585,2,50894011952,51054028016,rp2040_timer0,100010040,R,h1_ocxo_open_loop,16
CNT,1,4586,2,51070011984,51230028016,rp2040_timer0,100010020,R,h1_ocxo_open_loop,16
CNT,1,4587,2,51246011936,51406027984,rp2040_timer0,100010030,R,h1_ocxo_open_loop,16
CNT,1,4588,2,51422011984,51582027984,rp2040_timer0,100010000,R,h1_ocxo_open_loop,16
CNT,1,4589,2,51598011984,51758028000,rp2040_timer0,100010010,R,h1_ocxo_open_loop,16
CNT,1,4590,2,51774011968,51934027968,rp2040_timer0,100010000,R,h1_ocxo_open_loop,16
CNT,1,4591,2,51950011952,52110028000,rp2040_timer0,100010030,R,h1_ocxo_open_loop,16
CNT,1,4592,2,52126011968,52286028016,rp2040_timer0,100010030,R,h1_ocxo_open_loop,16
CNT,1,4593,2,52302011936,52462027984,rp2040_timer0,100010030,R,h1_ocxo_open_loop,16
CNT,1,4594,2,52478011968,52638028000,rp2040_timer0,100010020,R,h1_ocxo_open_loop,16
CNT,1,4595,2,52654011984,52814027984,rp2040_timer0,100010000,R,h1_ocxo_open_loop,16
CNT,1,4596,2,52830011968,52990027984,rp2040_timer0,100010010,R,h1_ocxo_open_loop,16
CNT,1,4597,2,53006011904,53166027936,rp2040_timer0,100010020,R,h1_ocxo_open_loop,16
CNT,1,4598,2,53182012016,53342027952,rp2040_timer0,100009960,R,h1_ocxo_open_loop,16
CNT,1,4599,2,53358011920,53518028000,rp2040_timer0,100010050,R,h1_ocxo_open_loop,16
CNT,1,4600,2,53534011920,53694027984,rp2040_timer0,100010040,R,h1_ocxo_open_loop,16
CNT,1,4601,2,53710011920,53870027952,rp2040_timer0,100010020,R,h1_ocxo_open_loop,16
CNT,1,4602,2,53886011936,54046027952,rp2040_timer0,100010010,R,h1_ocxo_open_loop,16
CNT,1,4603,2,54062011920,54222028016,rp2040_timer0,100010060,R,h1_ocxo_open_loop,16
CNT,1,4604,2,54238011984,54398027984,rp2040_timer0,100010000,R,h1_ocxo_open_loop,16
CNT,1,4605,2,54414011984,54574027968,rp2040_timer0,100009990,R,h1_ocxo_open_loop,16
CNT,1,4606,2,54590011920,54750027984,rp2040_timer0,100010040,R,h1_ocxo_open_loop,16
CNT,1,4607,2,54766011920,54926028016,rp2040_timer0,100010060,R,h1_ocxo_open_loop,16
CNT,1,4608,2,54942011936,55102027952,rp2040_timer0,100010010,R,h1_ocxo_open_loop,16
CNT,1,4609,2,55118011920,55278027952,rp2040_timer0,100010020,R,h1_ocxo_open_loop,16
CNT,1,4610,2,55294011936,55454027952,rp2040_timer0,100010010,R,h1_ocxo_open_loop,16
CNT,1,4611,2,55470011936,55630027984,rp2040_timer0,100010030,R,h1_ocxo_open_loop,16
CNT,1,4612,2,55646011936,55806028016,rp2040_timer0,100010050,R,h1_ocxo_open_loop,16
CNT,1,4613,2,55822011920,55982028000,rp2040_timer0,100010050,R,h1_ocxo_open_loop,16
CNT,1,4614,2,55998011952,56158027952,rp2040_timer0,100010000,R,h1_ocxo_open_loop,16
CNT,1,4615,2,56174011920,56334028000,rp2040_timer0,100010050,R,h1_ocxo_open_loop,16
CNT,1,4616,2,56350011920,56510028016,rp2040_timer0,100010060,R,h1_ocxo_open_loop,16
CNT,1,4617,2,56526011920,56686027952,rp2040_timer0,100010020,R,h1_ocxo_open_loop,16
CNT,1,4618,2,56702011920,56862028000,rp2040_timer0,100010050,R,h1_ocxo_open_loop,16
CNT,1,4619,2,56878011920,57038027968,rp2040_timer0,100010030,R,h1_ocxo_open_loop,16
CNT,1,4620,2,57054011920,57214027968,rp2040_timer0,100010030,R,h1_ocxo_open_loop,16
CNT,1,4621,2,57230011968,57390028000,rp2040_timer0,100010020,R,h1_ocxo_open_loop,16
CNT,1,4622,2,57406011952,57566027952,rp2040_timer0,100010000,R,h1_ocxo_open_loop,16
CNT,1,4623,2,57582011968,57742028000,rp2040_timer0,100010020,R,h1_ocxo_open_loop,16
CNT,1,4624,2,57758011936,57918027968,rp2040_timer0,100010020,R,h1_ocxo_open_loop,16
CNT,1,4625,2,57934011920,58094027984,rp2040_timer0,100010040,R,h1_ocxo_open_loop,16
CNT,1,4626,2,58110011952,58270028000,rp2040_timer0,100010030,R,h1_ocxo_open_loop,16
CNT,1,4627,2,58286011936,58446028016,rp2040_timer0,100010050,R,h1_ocxo_open_loop,16
CNT,1,4628,2,58462012000,58622027952,rp2040_timer0,100009970,R,h1_ocxo_open_loop,16
CNT,1,4629,2,58638011936,58798027984,rp2040_timer0,100010030,R,h1_ocxo_open_loop,16
CNT,1,4630,2,58814011968,58974027968,rp2040_timer0,100010000,R,h1_ocxo_open_loop,16
CNT,1,4631,2,58990011920,59150028000,rp2040_timer0,100010050,R,h1_ocxo_open_loop,16
CNT,1,4632,2,59166011968,59326027984,rp2040_timer0,100010010,R,h1_ocxo_open_loop,16
CNT,1,4633,2,59342011920,59502027952,rp2040_timer0,100010020,R,h1_ocxo_open_loop,16
CNT,1,4634,2,59518011936,59678028016,rp2040_timer0,100010050,R,h1_ocxo_open_loop,16
CNT,1,4635,2,59694011920,59854028016,rp2040_timer0,100010060,R,h1_ocxo_open_loop,16
CNT,1,4636,2,59870011952,60030027984,rp2040_timer0,100010020,R,h1_ocxo_open_loop,16
CNT,1,4637,2,60046011920,60206028000,rp2040_timer0,100010050,R,h1_ocxo_open_loop,16
CNT,1,4638,2,60222011920,60382027984,rp2040_timer0,100010040,R,h1_ocxo_open_loop,16
CNT,1,4639,2,60398011952,60558028016,rp2040_timer0,100010040,R,h1_ocxo_open_loop,16
CNT,1,4640,2,60574011936,60734028000,rp2040_timer0,100010040,R,h1_ocxo_open_loop,16
CNT,1,4641,2,60750011968,60910027968,rp2040_timer0,100010000,R,h1_ocxo_open_loop,16
CNT,1,4642,2,60926011936,61086027968,rp2040_timer0,100010020,R,h1_ocxo_open_loop,16
CNT,1,4643,2,61102011920,61262027968,rp2040_timer0,100010030,R,h1_ocxo_open_loop,16
CNT,1,4644,2,61278011952,61438027952,rp2040_timer0,100010000,R,h1_ocxo_open_loop,16
CNT,1,4645,2,61454011936,61614028000,rp2040_timer0,100010040,R,h1_ocxo_open_loop,16
CNT,1,4646,2,61630011984,61790028016,rp2040_timer0,100010020,R,h1_ocxo_open_loop,16
CNT,1,4647,2,61806011952,61966028016,rp2040_timer0,100010040,R,h1_ocxo_open_loop,16
CNT,1,4648,2,61982011920,62142028000,rp2040_timer0,100010050,R,h1_ocxo_open_loop,16
CNT,1,4649,2,62158011984,62318027936,rp2040_timer0,100009970,R,h1_ocxo_open_loop,16
CNT,1,4650,2,62334011984,62494028016,rp2040_timer0,100010020,R,h1_ocxo_open_loop,16
CNT,1,4651,2,62510011984,62670027952,rp2040_timer0,100009980,R,h1_ocxo_open_loop,16
CNT,1,4652,2,62686011920,62846028016,rp2040_timer0,100010060,R,h1_ocxo_open_loop,16
CNT,1,4653,2,62862011952,63022028000,rp2040_timer0,100010030,R,h1_ocxo_open_loop,16
CNT,1,4654,2,63038011920,63198027968,rp2040_timer0,100010030,R,h1_ocxo_open_loop,16
CNT,1,4655,2,63214011920,63374027968,rp2040_timer0,100010030,R,h1_ocxo_open_loop,16
CNT,1,4656,2,63390011968,63550027952,rp2040_timer0,100009990,R,h1_ocxo_open_loop,16
CNT,1,4657,2,63566011920,63726027968,rp2040_timer0,100010030,R,h1_ocxo_open_loop,16
CNT,1,4658,2,63742011936,63902027936,rp2040_timer0,100010000,R,h1_ocxo_open_loop,16
CNT,1,4659,2,63918011936,64078027936,rp2040_timer0,100010000,R,h1_ocxo_open_loop,16
CNT,1,4660,2,64094011952,64254028016,rp2040_timer0,100010040,R,h1_ocxo_open_loop,16
CNT,1,4661,2,64270011904,64430027968,rp2040_timer0,100010040,R,h1_ocxo_open_loop,16
CNT,1,4662,2,64446011952,64606027984,rp2040_timer0,100010020,R,h1_ocxo_open_loop,16
CNT,1,4663,2,64622011936,64782027952,rp2040_timer0,100010010,R,h1_ocxo_open_loop,16
CNT,1,4664,2,64798011968,64958027984,rp2040_timer0,100010010,R,h1_ocxo_open_loop,16
CNT,1,4665,2,64974011936,65134028000,rp2040_timer0,100010040,R,h1_ocxo_open_loop,16
CNT,1,4666,2,65150011968,65310027984,rp2040_timer0,100010010,R,h1_ocxo_open_loop,16
CNT,1,4667,2,65326011968,65486027984,rp2040_timer0,100010010,R,h1_ocxo_open_loop,16
CNT,1,4668,2,65502011968,65662028016,rp2040_timer0,100010030,R,h1_ocxo_open_loop,16
CNT,1,4669,2,65678011968,65838027968,rp2040_timer0,100010000,R,h1_ocxo_open_loop,16
CNT,1,4670,2,65854011968,66014027952,rp2040_timer0,100009990,R,h1_ocxo_open_loop,16
CNT,1,4671,2,66030011968,66190027952,rp2040_timer0,100009990,R,h1_ocxo_open_loop,16
CNT,1,4672,2,66206011952,66366027968,rp2040_timer0,100010010,R,h1_ocxo_open_loop,16
CNT,1,4673,2,66382011952,66542028000,rp2040_timer0,100010030,R,h1_ocxo_open_loop,16
CNT,1,4674,2,66558011952,66718027984,rp2040_timer0,100010020,R,h1_ocxo_open_loop,16
CNT,1,4675,2,66734011968,66894027952,rp2040_timer0,100009990,R,h1_ocxo_open_loop,16
CNT,1,4676,2,66910011984,67070028000,rp2040_timer0,100010010,R,h1_ocxo_open_loop,16
CNT,1,4677,2,67086011920,67246028016,rp2040_timer0,100010060,R,h1_ocxo_open_loop,16
CNT,1,4678,2,67262011952,67422027952,rp2040_timer0,100010000,R,h1_ocxo_open_loop,16
CNT,1,4679,2,67438011920,67598028000,rp2040_timer0,100010050,R,h1_ocxo_open_loop,16
CNT,1,4680,2,67614011984,67774028000,rp2040_timer0,100010010,R,h1_ocxo_open_loop,16
CNT,1,4681,2,67790011984,67950028016,rp2040_timer0,100010020,R,h1_ocxo_open_loop,16
CNT,1,4682,2,67966011936,68126027984,rp2040_timer0,100010030,R,h1_ocxo_open_loop,16
CNT,1,4683,2,68142011968,68302027968,rp2040_timer0,100010000,R,h1_ocxo_open_loop,16
CNT,1,4684,2,68318011968,68478027968,rp2040_timer0,100010000,R,h1_ocxo_open_loop,16
CNT,1,4685,2,68494011920,68654027984,rp2040_timer0,100010040,R,h1_ocxo_open_loop,16
CNT,1,4686,2,68670011936,68830028016,rp2040_timer0,100010050,R,h1_ocxo_open_loop,16
CNT,1,4687,2,126535232,286551248,rp2040_timer0,100010010,R,h1_ocxo_open_loop,16
CNT,1,4688,2,302535184,462551280,rp2040_timer0,100010060,R,h1_ocxo_open_loop,16
CNT,1,4689,2,478535184,638551280,rp2040_timer0,100010060,R,h1_ocxo_open_loop,16
CNT,1,4690,2,654535216,814551216,rp2040_timer0,100010000,R,h1_ocxo_open_loop,16
CNT,1,4691,2,830535184,990551216,rp2040_timer0,100010020,R,h1_ocxo_open_loop,16
CNT,1,4692,2,1006535232,1166551264,rp2040_timer0,100010020,R,h1_ocxo_open_loop,16
CNT,1,4693,2,1182535200,1342551264,rp2040_timer0,100010040,R,h1_ocxo_open_loop,16
CNT,1,4694,2,1358535168,1518551232,rp2040_timer0,100010040,R,h1_ocxo_open_loop,16
CNT,1,4695,2,1534535232,1694551248,rp2040_timer0,100010010,R,h1_ocxo_open_loop,16
CNT,1,4696,2,1710535216,1870551248,rp2040_timer0,100010020,R,h1_ocxo_open_loop,16
CNT,1,4697,2,1886535168,2046551216,rp2040_timer0,100010030,R,h1_ocxo_open_loop,16
CNT,1,4698,2,2062535232,2222551232,rp2040_timer0,100010000,R,h1_ocxo_open_loop,16
CNT,1,4699,2,2238535168,2398551248,rp2040_timer0,100010050,R,h1_ocxo_open_loop,16
CNT,1,4700,2,2414535248,2574551280,rp2040_timer0,100010020,R,h1_ocxo_open_loop,16
CNT,1,4701,2,2590535168,2750551232,rp2040_timer0,100010040,R,h1_ocxo_open_loop,16
CNT,1,4702,2,2766535200,2926551232,rp2040_timer0,100010020,R,h1_ocxo_open_loop,16
CNT,1,4703,2,2942535168,3102551216,rp2040_timer0,100010030,R,h1_ocxo_open_loop,16
CNT,1,4704,2,3118535248,3278551264,rp2040_timer0,100010010,R,h1_ocxo_open_loop,16
CNT,1,4705,2,3294535232,3454551280,rp2040_timer0,100010030,R,h1_ocxo_open_loop,16
CNT,1,4706,2,3470535248,3630551200,rp2040_timer0,100009970,R,h1_ocxo_open_loop,16
CNT,1,4707,2,3646535184,3806551216,rp2040_timer0,100010020,R,h1_ocxo_open_loop,16
CNT,1,4708,2,3822535200,3982551232,rp2040_timer0,100010020,R,h1_ocxo_open_loop,16
CNT,1,4709,2,3998535184,4158551248,rp2040_timer0,100010040,R,h1_ocxo_open_loop,16
CNT,1,4710,2,4174535200,4334551264,rp2040_timer0,100010040,R,h1_ocxo_open_loop,16
CNT,1,4711,2,4350535200,4510551280,rp2040_timer0,100010050,R,h1_ocxo_open_loop,16
CNT,1,4712,2,4526535232,4686551280,rp2040_timer0,100010030,R,h1_ocxo_open_loop,16
CNT,1,4713,2,4702535200,4862551216,rp2040_timer0,100010010,R,h1_ocxo_open_loop,16
CNT,1,4714,2,4878535248,5038551216,rp2040_timer0,100009980,R,h1_ocxo_open_loop,16
CNT,1,4715,2,5054535200,5214551216,rp2040_timer0,100010010,R,h1_ocxo_open_loop,16
CNT,1,4716,2,5230535248,5390551280,rp2040_timer0,100010020,R,h1_ocxo_open_loop,16
CNT,1,4717,2,5406535216,5566551200,rp2040_timer0,100009990,R,h1_ocxo_open_loop,16
CNT,1,4718,2,5582535184,5742551232,rp2040_timer0,100010030,R,h1_ocxo_open_loop,16
CNT,1,4719,2,5758535200,5918551248,rp2040_timer0,100010030,R,h1_ocxo_open_loop,16
CNT,1,4720,2,5934535216,6094551232,rp2040_timer0,100010010,R,h1_ocxo_open_loop,16
CNT,1,4721,2,6110535232,6270551248,rp2040_timer0,100010010,R,h1_ocxo_open_loop,16
CNT,1,4722,2,6286535168,6446551280,rp2040_timer0,100010070,R,h1_ocxo_open_loop,16
CNT,1,4723,2,6462535232,6622551248,rp2040_timer0,100010010,R,h1_ocxo_open_loop,16
CNT,1,4724,2,6638535248,6798551280,rp2040_timer0,100010020,R,h1_ocxo_open_loop,16
CNT,1,4725,2,6814535248,6974551248,rp2040_timer0,100010000,R,h1_ocxo_open_loop,16
CNT,1,4726,2,6990535184,7150551264,rp2040_timer0,100010050,R,h1_ocxo_open_loop,16
CNT,1,4727,2,7166535232,7326551200,rp2040_timer0,100009980,R,h1_ocxo_open_loop,16
CNT,1,4728,2,7342535184,7502551248,rp2040_timer0,100010040,R,h1_ocxo_open_loop,16
CNT,1,4729,2,7518535232,7678551280,rp2040_timer0,100010030,R,h1_ocxo_open_loop,16
CNT,1,4730,2,7694535200,7854551216,rp2040_timer0,100010010,R,h1_ocxo_open_loop,16
CNT,1,4731,2,7870535216,8030551216,rp2040_timer0,100010000,R,h1_ocxo_open_loop,16
CNT,1,4732,2,8046535216,8206551200,rp2040_timer0,100009990,R,h1_ocxo_open_loop,16
CNT,1,4733,2,8222535248,8382551248,rp2040_timer0,100010000,R,h1_ocxo_open_loop,16
CNT,1,4734,2,8398535200,8558551264,rp2040_timer0,100010040,R,h1_ocxo_open_loop,16
CNT,1,4735,2,8574535248,8734551248,rp2040_timer0,100010000,R,h1_ocxo_open_loop,16
CNT,1,4736,2,8750535168,8910551248,rp2040_timer0,100010050,R,h1_ocxo_open_loop,16
CNT,1,4737,2,8926535200,9086551280,rp2040_timer0,100010050,R,h1_ocxo_open_loop,16
CNT,1,4738,2,9102535216,9262551216,rp2040_timer0,100010000,R,h1_ocxo_open_loop,16
CNT,1,4739,2,9278535216,9438551216,rp2040_timer0,100010000,R,h1_ocxo_open_loop,16
CNT,1,4740,2,9454535248,9614551232,rp2040_timer0,100009990,R,h1_ocxo_open_loop,16
CNT,1,4741,2,9630535184,9790551248,rp2040_timer0,100010040,R,h1_ocxo_open_loop,16
CNT,1,4742,2,9806535168,9966551280,rp2040_timer0,100010070,R,h1_ocxo_open_loop,16
CNT,1,4743,2,9982535248,10142551280,rp2040_timer0,100010020,R,h1_ocxo_open_loop,16
CNT,1,4744,2,10158535200,10318551216,rp2040_timer0,100010010,R,h1_ocxo_open_loop,16
CNT,1,4745,2,10334535184,10494551248,rp2040_timer0,100010040,R,h1_ocxo_open_loop,16
CNT,1,4746,2,10510535200,10670551264,rp2040_timer0,100010040,R,h1_ocxo_open_loop,16
CNT,1,4747,2,10686535200,10846551232,rp2040_timer0,100010020,R,h1_ocxo_open_loop,16
CNT,1,4748,2,10862535184,11022551216,rp2040_timer0,100010020,R,h1_ocxo_open_loop,16
CNT,1,4749,2,11038535232,11198551280,rp2040_timer0,100010030,R,h1_ocxo_open_loop,16
CNT,1,4750,2,11214535168,11374551264,rp2040_timer0,100010060,R,h1_ocxo_open_loop,16
CNT,1,4751,2,11390535248,11550551248,rp2040_timer0,100010000,R,h1_ocxo_open_loop,16
CNT,1,4752,2,11566535184,11726551264,rp2040_timer0,100010050,R,h1_ocxo_open_loop,16
CNT,1,4753,2,11742535200,11902551248,rp2040_timer0,100010030,R,h1_ocxo_open_loop,16
CNT,1,4754,2,11918535216,12078551264,rp2040_timer0,100010030,R,h1_ocxo_open_loop,16
CNT,1,4755,2,12094535200,12254551264,rp2040_timer0,100010040,R,h1_ocxo_open_loop,16
CNT,1,4756,2,12270535200,12430551216,rp2040_timer0,100010010,R,h1_ocxo_open_loop,16
CNT,1,4757,2,12446535216,12606551264,rp2040_timer0,100010030,R,h1_ocxo_open_loop,16
CNT,1,4758,2,12622535168,12782551216,rp2040_timer0,100010030,R,h1_ocxo_open_loop,16
CNT,1,4759,2,12798535184,12958551216,rp2040_timer0,100010020,R,h1_ocxo_open_loop,16
CNT,1,4760,2,12974535184,13134551216,rp2040_timer0,100010020,R,h1_ocxo_open_loop,16
CNT,1,4761,2,13150535248,13310551248,rp2040_timer0,100010000,R,h1_ocxo_open_loop,16
CNT,1,4762,2,13326535200,13486551264,rp2040_timer0,100010040,R,h1_ocxo_open_loop,16
CNT,1,4763,2,13502535200,13662551216,rp2040_timer0,100010010,R,h1_ocxo_open_loop,16
CNT,1,4764,2,13678535168,13838551280,rp2040_timer0,100010070,R,h1_ocxo_open_loop,16
CNT,1,4765,2,13854535168,14014551248,rp2040_timer0,100010050,R,h1_ocxo_open_loop,16
CNT,1,4766,2,14030535248,14190551248,rp2040_timer0,100010000,R,h1_ocxo_open_loop,16
CNT,1,4767,2,14206535248,14366551264,rp2040_timer0,100010010,R,h1_ocxo_open_loop,16
CNT,1,4768,2,14382535200,14542551248,rp2040_timer0,100010030,R,h1_ocxo_open_loop,16
CNT,1,4769,2,14558535184,14718551264,rp2040_timer0,100010050,R,h1_ocxo_open_loop,16
CNT,1,4770,2,14734535184,14894551248,rp2040_timer0,100010040,R,h1_ocxo_open_loop,16
CNT,1,4771,2,14910535200,15070551248,rp2040_timer0,100010030,R,h1_ocxo_open_loop,16
CNT,1,4772,2,15086535216,15246551280,rp2040_timer0,100010040,R,h1_ocxo_open_loop,16
CNT,1,4773,2,15262535216,15422551216,rp2040_timer0,100010000,R,h1_ocxo_open_loop,16
CNT,1,4774,2,15438535216,15598551280,rp2040_timer0,100010040,R,h1_ocxo_open_loop,16
CNT,1,4775,2,15614535232,15774551248,rp2040_timer0,100010010,R,h1_ocxo_open_loop,16
CNT,1,4776,2,15790535184,15950551248,rp2040_timer0,100010040,R,h1_ocxo_open_loop,16
CNT,1,4777,2,15966535216,16126551248,rp2040_timer0,100010020,R,h1_ocxo_open_loop,16
CNT,1,4778,2,16142535216,16302551264,rp2040_timer0,100010030,R,h1_ocxo_open_loop,16
CNT,1,4779,2,16318535216,16478551216,rp2040_timer0,100010000,R,h1_ocxo_open_loop,16
CNT,1,4780,2,16494535200,16654551232,rp2040_timer0,100010020,R,h1_ocxo_open_loop,16
CNT,1,4781,2,16670535216,16830551232,rp2040_timer0,100010010,R,h1_ocxo_open_loop,16
CNT,1,4782,2,16846535248,17006551280,rp2040_timer0,100010020,R,h1_ocxo_open_loop,16
CNT,1,4783,2,17022535200,17182551280,rp2040_timer0,100010050,R,h1_ocxo_open_loop,16
CNT,1,4784,2,17198535248,17358551280,rp2040_timer0,100010020,R,h1_ocxo_open_loop,16
CNT,1,4785,2,17374535248,17534551232,rp2040_timer0,100009990,R,h1_ocxo_open_loop,16
CNT,1,4786,2,17550535200,17710551216,rp2040_timer0,100010010,R,h1_ocxo_open_loop,16
CNT,1,4787,2,17726535200,17886551232,rp2040_timer0,100010020,R,h1_ocxo_open_loop,16
CNT,1,4788,2,17902535200,18062551248,rp2040_timer0,100010030,R,h1_ocxo_open_loop,16
CNT,1,4789,2,18078535232,18238551280,rp2040_timer0,100010030,R,h1_ocxo_open_loop,16
CNT,1,4790,2,18254535248,18414551248,rp2040_timer0,100010000,R,h1_ocxo_open_loop,16
CNT,1,4791,2,18430535216,18590551216,rp2040_timer0,100010000,R,h1_ocxo_open_loop,16
CNT,1,4792,2,18606535248,18766551232,rp2040_timer0,100009990,R,h1_ocxo_open_loop,16
CNT,1,4793,2,18782535168,18942551280,rp2040_timer0,100010070,R,h1_ocxo_open_loop,16
CNT,1,4794,2,18958535232,19118551216,rp2040_timer0,100009990,R,h1_ocxo_open_loop,16
CNT,1,4795,2,19134535248,19294551248,rp2040_timer0,100010000,R,h1_ocxo_open_loop,16
CNT,1,4796,2,19310535184,19470551216,rp2040_timer0,100010020,R,h1_ocxo_open_loop,16
CNT,1,4797,2,19486535184,19646551280,rp2040_timer0,100010060,R,h1_ocxo_open_loop,16
CNT,1,4798,2,19662535184,19822551232,rp2040_timer0,100010030,R,h1_ocxo_open_loop,16
CNT,1,4799,2,19838535216,19998551232,rp2040_timer0,100010010,R,h1_ocxo_open_loop,16
CNT,1,4800,2,20014535248,20174551216,rp2040_timer0,100009980,R,h1_ocxo_open_loop,16
CNT,1,4801,2,20190535216,20350551232,rp2040_timer0,100010010,R,h1_ocxo_open_loop,16
CNT,1,4802,2,20366535200,20526551216,rp2040_timer0,100010010,R,h1_ocxo_open_loop,16
CNT,1,4803,2,20542535168,20702551248,rp2040_timer0,100010050,R,h1_ocxo_open_loop,16
CNT,1,4804,2,20718535184,20878551200,rp2040_timer0,100010010,R,h1_ocxo_open_loop,16
CNT,1,4805,2,20894535168,21054551280,rp2040_timer0,100010070,R,h1_ocxo_open_loop,16
CNT,1,4806,2,21070535184,21230551248,rp2040_timer0,100010040,R,h1_ocxo_open_loop,16
CNT,1,4807,2,21246535184,21406551264,rp2040_timer0,100010050,R,h1_ocxo_open_loop,16
CNT,1,4808,2,21422535216,21582551280,rp2040_timer0,100010040,R,h1_ocxo_open_loop,16
CNT,1,4809,2,21598535200,21758551264,rp2040_timer0,100010040,R,h1_ocxo_open_loop,16
CNT,1,4810,2,21774535232,21934551232,rp2040_timer0,100010000,R,h1_ocxo_open_loop,16
CNT,1,4811,2,21950535216,22110551200,rp2040_timer0,100009990,R,h1_ocxo_open_loop,16
CNT,1,4812,2,22126535216,22286551280,rp2040_timer0,100010040,R,h1_ocxo_open_loop,16
CNT,1,4813,2,22302535232,22462551264,rp2040_timer0,100010020,R,h1_ocxo_open_loop,16
CNT,1,4814,2,22478535168,22638551216,rp2040_timer0,100010030,R,h1_ocxo_open_loop,16
CNT,1,4815,2,22654535184,22814551216,rp2040_timer0,100010020,R,h1_ocxo_open_loop,16
CNT,1,4816,2,22830535200,22990551200,rp2040_timer0,100010000,R,h1_ocxo_open_loop,16
CNT,1,4817,2,23006535200,23166551280,rp2040_timer0,100010050,R,h1_ocxo_open_loop,16
CNT,1,4818,2,23182535232,23342551232,rp2040_timer0,100010000,R,h1_ocxo_open_loop,16
CNT,1,4819,2,23358535200,23518551248,rp2040_timer0,100010030,R,h1_ocxo_open_loop,16
CNT,1,4820,2,23534535200,23694551280,rp2040_timer0,100010050,R,h1_ocxo_open_loop,16
CNT,1,4821,2,23710535168,23870551248,rp2040_timer0,100010050,R,h1_ocxo_open_loop,16
CNT,1,4822,2,23886535200,24046551216,rp2040_timer0,100010010,R,h1_ocxo_open_loop,16
CNT,1,4823,2,24062535200,24222551264,rp2040_timer0,100010040,R,h1_ocxo_open_loop,16
CNT,1,4824,2,24238535184,24398551264,rp2040_timer0,100010050,R,h1_ocxo_open_loop,16
CNT,1,4825,2,24414535248,24574551264,rp2040_timer0,100010010,R,h1_ocxo_open_loop,16
CNT,1,4826,2,24590535216,24750551264,rp2040_timer0,100010030,R,h1_ocxo_open_loop,16
CNT,1,4827,2,24766535200,24926551280,rp2040_timer0,100010050,R,h1_ocxo_open_loop,16
CNT,1,4828,2,24942535232,25102551264,rp2040_timer0,100010020,R,h1_ocxo_open_loop,16
CNT,1,4829,2,25118535168,25278551248,rp2040_timer0,100010050,R,h1_ocxo_open_loop,16
CNT,1,4830,2,25294535248,25454551200,rp2040_timer0,100009970,R,h1_ocxo_open_loop,16
CNT,1,4831,2,25470535232,25630551264,rp2040_timer0,100010020,R,h1_ocxo_open_loop,16
CNT,1,4832,2,25646535184,25806551264,rp2040_timer0,100010050,R,h1_ocxo_open_loop,16
CNT,1,4833,2,25822535184,25982551248,rp2040_timer0,100010040,R,h1_ocxo_open_loop,16
CNT,1,4834,2,25998535168,26158551248,rp2040_timer0,100010050,R,h1_ocxo_open_loop,16
CNT,1,4835,2,26174535232,26334551280,rp2040_timer0,100010030,R,h1_ocxo_open_loop,16
CNT,1,4836,2,26350535168,26510551216,rp2040_timer0,100010030,R,h1_ocxo_open_loop,16
CNT,1,4837,2,26526535200,26686551248,rp2040_timer0,100010030,R,h1_ocxo_open_loop,16
CNT,1,4838,2,26702535232,26862551232,rp2040_timer0,100010000,R,h1_ocxo_open_loop,16
CNT,1,4839,2,26878535248,27038551248,rp2040_timer0,100010000,R,h1_ocxo_open_loop,16
CNT,1,4840,2,27054535248,27214551264,rp2040_timer0,100010010,R,h1_ocxo_open_loop,16
CNT,1,4841,2,27230535216,27390551312,rp2040_timer0,100010060,R,h1_ocxo_open_loop,16
CNT,1,4842,2,27406535232,27566551248,rp2040_timer0,100010010,R,h1_ocxo_open_loop,16
CNT,1,4843,2,27582535248,27742551280,rp2040_timer0,100010020,R,h1_ocxo_open_loop,16
CNT,1,4844,2,27758535168,27918551280,rp2040_timer0,100010070,R,h1_ocxo_open_loop,16
CNT,1,4845,2,27934535216,28094551280,rp2040_timer0,100010040,R,h1_ocxo_open_loop,16
CNT,1,4846,2,28110535168,28270551264,rp2040_timer0,100010060,R,h1_ocxo_open_loop,16
CNT,1,4847,2,28286535216,28446551264,rp2040_timer0,100010030,R,h1_ocxo_open_loop,16
CNT,1,4848,2,28462535232,28622551280,rp2040_timer0,100010030,R,h1_ocxo_open_loop,16
CNT,1,4849,2,28638535184,28798551280,rp2040_timer0,100010060,R,h1_ocxo_open_loop,16
CNT,1,4850,2,28814535248,28974551216,rp2040_timer0,100009980,R,h1_ocxo_open_loop,16
CNT,1,4851,2,28990535248,29150551200,rp2040_timer0,100009970,R,h1_ocxo_open_loop,16
CNT,1,4852,2,29166535248,29326551232,rp2040_timer0,100009990,R,h1_ocxo_open_loop,16
CNT,1,4853,2,29342535168,29502551216,rp2040_timer0,100010030,R,h1_ocxo_open_loop,16
CNT,1,4854,2,29518535168,29678551280,rp2040_timer0,100010070,R,h1_ocxo_open_loop,16
CNT,1,4855,2,29694535200,29854551264,rp2040_timer0,100010040,R,h1_ocxo_open_loop,16
CNT,1,4856,2,29870535184,30030551280,rp2040_timer0,100010060,R,h1_ocxo_open_loop,16
CNT,1,4857,2,30046535200,30206551280,rp2040_timer0,100010050,R,h1_ocxo_open_loop,16
CNT,1,4858,2,30222535184,30382551216,rp2040_timer0,100010020,R,h1_ocxo_open_loop,16
CNT,1,4859,2,30398535216,30558551264,rp2040_timer0,100010030,R,h1_ocxo_open_loop,16
CNT,1,4860,2,30574535232,30734551232,rp2040_timer0,100010000,R,h1_ocxo_open_loop,16
CNT,1,4861,2,30750535232,30910551264,rp2040_timer0,100010020,R,h1_ocxo_open_loop,16
CNT,1,4862,2,30926535184,31086551264,rp2040_timer0,100010050,R,h1_ocxo_open_loop,16
CNT,1,4863,2,31102535232,31262551216,rp2040_timer0,100009990,R,h1_ocxo_open_loop,16
CNT,1,4864,2,31278535184,31438551232,rp2040_timer0,100010030,R,h1_ocxo_open_loop,16
CNT,1,4865,2,31454535168,31614551232,rp2040_timer0,100010040,R,h1_ocxo_open_loop,16
CNT,1,4866,2,31630535200,31790551248,rp2040_timer0,100010030,R,h1_ocxo_open_loop,16
CNT,1,4867,2,31806535232,31966551264,rp2040_timer0,100010020,R,h1_ocxo_open_loop,16
CNT,1,4868,2,31982535184,32142551216,rp2040_timer0,100010020,R,h1_ocxo_open_loop,16
CNT,1,4869,2,32158535216,32318551248,rp2040_timer0,100010020,R,h1_ocxo_open_loop,16
CNT,1,4870,2,32334535248,32494551216,rp2040_timer0,100009980,R,h1_ocxo_open_loop,16
CNT,1,4871,2,32510535248,32670551216,rp2040_timer0,100009980,R,h1_ocxo_open_loop,16
CNT,1,4872,2,32686535232,32846551216,rp2040_timer0,100009990,R,h1_ocxo_open_loop,16
CNT,1,4873,2,32862535248,33022551264,rp2040_timer0,100010010,R,h1_ocxo_open_loop,16
CNT,1,4874,2,33038535184,33198551232,rp2040_timer0,100010030,R,h1_ocxo_open_loop,16
CNT,1,4875,2,33214535216,33374551280,rp2040_timer0,100010040,R,h1_ocxo_open_loop,16
CNT,1,4876,2,33390535184,33550551232,rp2040_timer0,100010030,R,h1_ocxo_open_loop,16
CNT,1,4877,2,33566535248,33726551232,rp2040_timer0,100009990,R,h1_ocxo_open_loop,16
CNT,1,4878,2,33742535232,33902551200,rp2040_timer0,100009980,R,h1_ocxo_open_loop,16
CNT,1,4879,2,33918535232,34078551232,rp2040_timer0,100010000,R,h1_ocxo_open_loop,16
CNT,1,4880,2,34094535232,34254551216,rp2040_timer0,100009990,R,h1_ocxo_open_loop,16
CNT,1,4881,2,34270535184,34430551280,rp2040_timer0,100010060,R,h1_ocxo_open_loop,16
CNT,1,4882,2,34446535184,34606551248,rp2040_timer0,100010040,R,h1_ocxo_open_loop,16
CNT,1,4883,2,34622535232,34782551264,rp2040_timer0,100010020,R,h1_ocxo_open_loop,16
CNT,1,4884,2,34798535200,34958551264,rp2040_timer0,100010040,R,h1_ocxo_open_loop,16
CNT,1,4885,2,34974535200,35134551232,rp2040_timer0,100010020,R,h1_ocxo_open_loop,16
CNT,1,4886,2,35150535184,35310551248,rp2040_timer0,100010040,R,h1_ocxo_open_loop,16
CNT,1,4887,2,35326535216,35486551280,rp2040_timer0,100010040,R,h1_ocxo_open_loop,16
CNT,1,4888,2,35502535184,35662551264,rp2040_timer0,100010050,R,h1_ocxo_open_loop,16
CNT,1,4889,2,35678535184,35838551248,rp2040_timer0,100010040,R,h1_ocxo_open_loop,16
CNT,1,4890,2,35854535216,36014551216,rp2040_timer0,100010000,R,h1_ocxo_open_loop,16
CNT,1,4891,2,36030535248,36190551216,rp2040_timer0,100009980,R,h1_ocxo_open_loop,16
CNT,1,4892,2,36206535216,36366551280,rp2040_timer0,100010040,R,h1_ocxo_open_loop,16
CNT,1,4893,2,36382535184,36542551248,rp2040_timer0,100010040,R,h1_ocxo_open_loop,16
CNT,1,4894,2,36558535184,36718551248,rp2040_timer0,100010040,R,h1_ocxo_open_loop,16
CNT,1,4895,2,36734535184,36894551248,rp2040_timer0,100010040,R,h1_ocxo_open_loop,16
CNT,1,4896,2,36910535232,37070551232,rp2040_timer0,100010000,R,h1_ocxo_open_loop,16
CNT,1,4897,2,37086535216,37246551232,rp2040_timer0,100010010,R,h1_ocxo_open_loop,16
CNT,1,4898,2,37262535232,37422551216,rp2040_timer0,100009990,R,h1_ocxo_open_loop,16
CNT,1,4899,2,37438535216,37598551280,rp2040_timer0,100010040,R,h1_ocxo_open_loop,16
CNT,1,4900,2,37614535216,37774551216,rp2040_timer0,100010000,R,h1_ocxo_open_loop,16
CNT,1,4901,2,37790535200,37950551216,rp2040_timer0,100010010,R,h1_ocxo_open_loop,16
CNT,1,4902,2,37966535216,38126551280,rp2040_timer0,100010040,R,h1_ocxo_open_loop,16
CNT,1,4903,2,38142535216,38302551280,rp2040_timer0,100010040,R,h1_ocxo_open_loop,16
CNT,1,4904,2,38318535200,38478551280,rp2040_timer0,100010050,R,h1_ocxo_open_loop,16
CNT,1,4905,2,38494535232,38654551264,rp2040_timer0,100010020,R,h1_ocxo_open_loop,16
CNT,1,4906,2,38670535232,38830551216,rp2040_timer0,100009990,R,h1_ocxo_open_loop,16
CNT,1,4907,2,38846535184,39006551280,rp2040_timer0,100010060,R,h1_ocxo_open_loop,16
CNT,1,4908,2,39022535248,39182551264,rp2040_timer0,100010010,R,h1_ocxo_open_loop,16
CNT,1,4909,2,39198535248,39358551216,rp2040_timer0,100009980,R,h1_ocxo_open_loop,16
CNT,1,4910,2,39374535184,39534551232,rp2040_timer0,100010030,R,h1_ocxo_open_loop,16
CNT,1,4911,2,39550535200,39710551280,rp2040_timer0,100010050,R,h1_ocxo_open_loop,16
CNT,1,4912,2,39726535200,39886551280,rp2040_timer0,100010050,R,h1_ocxo_open_loop,16
CNT,1,4913,2,39902535200,40062551280,rp2040_timer0,100010050,R,h1_ocxo_open_loop,16
CNT,1,4914,2,40078535216,40238551248,rp2040_timer0,100010020,R,h1_ocxo_open_loop,16
CNT,1,4915,2,40254535184,40414551280,rp2040_timer0,100010060,R,h1_ocxo_open_loop,16
CNT,1,4916,2,40430535216,40590551264,rp2040_timer0,100010030,R,h1_ocxo_open_loop,16
CNT,1,4917,2,40606535200,40766551216,rp2040_timer0,100010010,R,h1_ocxo_open_loop,16
CNT,1,4918,2,40782535184,40942551216,rp2040_timer0,100010020,R,h1_ocxo_open_loop,16
CNT,1,4919,2,40958535248,41118551232,rp2040_timer0,100009990,R,h1_ocxo_open_loop,16
CNT,1,4920,2,41134535200,41294551264,rp2040_timer0,100010040,R,h1_ocxo_open_loop,16
CNT,1,4921,2,41310535232,41470551248,rp2040_timer0,100010010,R,h1_ocxo_open_loop,16
CNT,1,4922,2,41486535232,41646551264,rp2040_timer0,100010020,R,h1_ocxo_open_loop,16
CNT,1,4923,2,41662535232,41822551280,rp2040_timer0,100010030,R,h1_ocxo_open_loop,16
CNT,1,4924,2,41838535184,41998551264,rp2040_timer0,100010050,R,h1_ocxo_open_loop,16
CNT,1,4925,2,42014535248,42174551248,rp2040_timer0,100010000,R,h1_ocxo_open_loop,16
CNT,1,4926,2,42190535184,42350551232,rp2040_timer0,100010030,R,h1_ocxo_open_loop,16
CNT,1,4927,2,42366535232,42526551232,rp2040_timer0,100010000,R,h1_ocxo_open_loop,16
CNT,1,4928,2,42542535168,42702551216,rp2040_timer0,100010030,R,h1_ocxo_open_loop,16
CNT,1,4929,2,42718535232,42878551232,rp2040_timer0,100010000,R,h1_ocxo_open_loop,16
CNT,1,4930,2,42894535168,43054551264,rp2040_timer0,100010060,R,h1_ocxo_open_loop,16
CNT,1,4931,2,43070535200,43230551248,rp2040_timer0,100010030,R,h1_ocxo_open_loop,16
CNT,1,4932,2,43246535200,43406551232,rp2040_timer0,100010020,R,h1_ocxo_open_loop,16
CNT,1,4933,2,43422535200,43582551248,rp2040_timer0,100010030,R,h1_ocxo_open_loop,16
CNT,1,4934,2,43598535184,43758551216,rp2040_timer0,100010020,R,h1_ocxo_open_loop,16
CNT,1,4935,2,43774535200,43934551232,rp2040_timer0,100010020,R,h1_ocxo_open_loop,16
CNT,1,4936,2,43950535184,44110551264,rp2040_timer0,100010050,R,h1_ocxo_open_loop,16
CNT,1,4937,2,44126535232,44286551232,rp2040_timer0,100010000,R,h1_ocxo_open_loop,16
CNT,1,4938,2,44302535248,44462551216,rp2040_timer0,100009980,R,h1_ocxo_open_loop,16
CNT,1,4939,2,44478535184,44638551264,rp2040_timer0,100010050,R,h1_ocxo_open_loop,16
CNT,1,4940,2,44654535216,44814551216,rp2040_timer0,100010000,R,h1_ocxo_open_loop,16
CNT,1,4941,2,44830535200,44990551264,rp2040_timer0,100010040,R,h1_ocxo_open_loop,16
CNT,1,4942,2,45006535200,45166551232,rp2040_timer0,100010020,R,h1_ocxo_open_loop,16
CNT,1,4943,2,45182535232,45342551216,rp2040_timer0,100009990,R,h1_ocxo_open_loop,16
CNT,1,4944,2,45358535232,45518551280,rp2040_timer0,100010030,R,h1_ocxo_open_loop,16
CNT,1,4945,2,45534535232,45694551232,rp2040_timer0,100010000,R,h1_ocxo_open_loop,16
CNT,1,4946,2,45710535232,45870551232,rp2040_timer0,100010000,R,h1_ocxo_open_loop,16
CNT,1,4947,2,45886535184,46046551248,rp2040_timer0,100010040,R,h1_ocxo_open_loop,16
CNT,1,4948,2,46062535184,46222551264,rp2040_timer0,100010050,R,h1_ocxo_open_loop,16
CNT,1,4949,2,46238535248,46398551280,rp2040_timer0,100010020,R,h1_ocxo_open_loop,16
CNT,1,4950,2,46414535200,46574551216,rp2040_timer0,100010010,R,h1_ocxo_open_loop,16
CNT,1,4951,2,46590535232,46750551264,rp2040_timer0,100010020,R,h1_ocxo_open_loop,16
CNT,1,4952,2,46766535216,46926551232,rp2040_timer0,100010010,R,h1_ocxo_open_loop,16
CNT,1,4953,2,46942535232,47102551280,rp2040_timer0,100010030,R,h1_ocxo_open_loop,16
CNT,1,4954,2,47118535248,47278551280,rp2040_timer0,100010020,R,h1_ocxo_open_loop,16
CNT,1,4955,2,47294535216,47454551216,rp2040_timer0,100010000,R,h1_ocxo_open_loop,16
CNT,1,4956,2,47470535216,47630551232,rp2040_timer0,100010010,R,h1_ocxo_open_loop,16
CNT,1,4957,2,47646535232,47806551280,rp2040_timer0,100010030,R,h1_ocxo_open_loop,16
CNT,1,4958,2,47822535200,47982551248,rp2040_timer0,100010030,R,h1_ocxo_open_loop,16
CNT,1,4959,2,47998535168,48158551232,rp2040_timer0,100010040,R,h1_ocxo_open_loop,16
CNT,1,4960,2,48174535168,48334551248,rp2040_timer0,100010050,R,h1_ocxo_open_loop,16
CNT,1,4961,2,48350535216,48510551232,rp2040_timer0,100010010,R,h1_ocxo_open_loop,16
CNT,1,4962,2,48526535232,48686551264,rp2040_timer0,100010020,R,h1_ocxo_open_loop,16
CNT,1,4963,2,48702535184,48862551248,rp2040_timer0,100010040,R,h1_ocxo_open_loop,16
CNT,1,4964,2,48878535216,49038551280,rp2040_timer0,100010040,R,h1_ocxo_open_loop,16
CNT,1,4965,2,49054535232,49214551264,rp2040_timer0,100010020,R,h1_ocxo_open_loop,16
CNT,1,4966,2,49230535200,49390551232,rp2040_timer0,100010020,R,h1_ocxo_open_loop,16
CNT,1,4967,2,49406535184,49566551280,rp2040_timer0,100010060,R,h1_ocxo_open_loop,16
CNT,1,4968,2,49582535184,49742551264,rp2040_timer0,100010050,R,h1_ocxo_open_loop,16
CNT,1,4969,2,49758535184,49918551216,rp2040_timer0,100010020,R,h1_ocxo_open_loop,16
CNT,1,4970,2,49934535184,50094551248,rp2040_timer0,100010040,R,h1_ocxo_open_loop,16
CNT,1,4971,2,50110535168,50270551264,rp2040_timer0,100010060,R,h1_ocxo_open_loop,16
CNT,1,4972,2,50286535216,50446551232,rp2040_timer0,100010010,R,h1_ocxo_open_loop,16
CNT,1,4973,2,50462535200,50622551232,rp2040_timer0,100010020,R,h1_ocxo_open_loop,16
CNT,1,4974,2,50638535232,50798551216,rp2040_timer0,100009990,R,h1_ocxo_open_loop,16
CNT,1,4975,2,50814535184,50974551232,rp2040_timer0,100010030,R,h1_ocxo_open_loop,16
CNT,1,4976,2,50990535248,51150551280,rp2040_timer0,100010020,R,h1_ocxo_open_loop,16
CNT,1,4977,2,51166535232,51326551280,rp2040_timer0,100010030,R,h1_ocxo_open_loop,16
CNT,1,4978,2,51342535184,51502551264,rp2040_timer0,100010050,R,h1_ocxo_open_loop,16
CNT,1,4979,2,51518535216,51678551264,rp2040_timer0,100010030,R,h1_ocxo_open_loop,16
CNT,1,4980,2,51694535184,51854551216,rp2040_timer0,100010020,R,h1_ocxo_open_loop,16
CNT,1,4981,2,51870535200,52030551264,rp2040_timer0,100010040,R,h1_ocxo_open_loop,16
CNT,1,4982,2,52046535232,52206551216,rp2040_timer0,100009990,R,h1_ocxo_open_loop,16
CNT,1,4983,2,52222535200,52382551216,rp2040_timer0,100010010,R,h1_ocxo_open_loop,16
CNT,1,4984,2,52398535216,52558551264,rp2040_timer0,100010030,R,h1_ocxo_open_loop,16
CNT,1,4985,2,52574535168,52734551264,rp2040_timer0,100010060,R,h1_ocxo_open_loop,16
CNT,1,4986,2,52750535200,52910551264,rp2040_timer0,100010040,R,h1_ocxo_open_loop,16
CNT,1,4987,2,52926535248,53086551216,rp2040_timer0,100009980,R,h1_ocxo_open_loop,16
CNT,1,4988,2,53102535248,53262551216,rp2040_timer0,100009980,R,h1_ocxo_open_loop,16
CNT,1,4989,2,53278535248,53438551280,rp2040_timer0,100010020,R,h1_ocxo_open_loop,16
CNT,1,4990,2,53454535248,53614551248,rp2040_timer0,100010000,R,h1_ocxo_open_loop,16
CNT,1,4991,2,53630535232,53790551216,rp2040_timer0,100009990,R,h1_ocxo_open_loop,16
CNT,1,4992,2,53806535200,53966551216,rp2040_timer0,100010010,R,h1_ocxo_open_loop,16
CNT,1,4993,2,53982535184,54142551248,rp2040_timer0,100010040,R,h1_ocxo_open_loop,16
CNT,1,4994,2,54158535200,54318551264,rp2040_timer0,100010040,R,h1_ocxo_open_loop,16
CNT,1,4995,2,54334535200,54494551216,rp2040_timer0,100010010,R,h1_ocxo_open_loop,16
CNT,1,4996,2,54510535216,54670551248,rp2040_timer0,100010020,R,h1_ocxo_open_loop,16
CNT,1,4997,2,54686535184,54846551280,rp2040_timer0,100010060,R,h1_ocxo_open_loop,16
CNT,1,4998,2,54862535232,55022551200,rp2040_timer0,100009980,R,h1_ocxo_open_loop,16
CNT,1,4999,2,55038535168,55198551216,rp2040_timer0,100010030,R,h1_ocxo_open_loop,16
CNT,1,5000,2,55214535216,55374551248,rp2040_timer0,100010020,R,h1_ocxo_open_loop,16
CNT,1,5001,2,55390535200,55550551232,rp2040_timer0,100010020,R,h1_ocxo_open_loop,16
CNT,1,5002,2,55566535216,55726551232,rp2040_timer0,100010010,R,h1_ocxo_open_loop,16
CNT,1,5003,2,55742535168,55902551216,rp2040_timer0,100010030,R,h1_ocxo_open_loop,16
CNT,1,5004,2,55918535200,56078551264,rp2040_timer0,100010040,R,h1_ocxo_open_loop,16
CNT,1,5005,2,56094535200,56254551280,rp2040_timer0,100010050,R,h1_ocxo_open_loop,16
CNT,1,5006,2,56270535184,56430551232,rp2040_timer0,100010030,R,h1_ocxo_open_loop,16
CNT,1,5007,2,56446535184,56606551248,rp2040_timer0,100010040,R,h1_ocxo_open_loop,16
CNT,1,5008,2,56622535216,56782551280,rp2040_timer0,100010040,R,h1_ocxo_open_loop,16
CNT,1,5009,2,56798535200,56958551216,rp2040_timer0,100010010,R,h1_ocxo_open_loop,16
CNT,1,5010,2,56974535200,57134551264,rp2040_timer0,100010040,R,h1_ocxo_open_loop,16
CNT,1,5011,2,57150535248,57310551248,rp2040_timer0,100010000,R,h1_ocxo_open_loop,16
CNT,1,5012,2,57326535232,57486551248,rp2040_timer0,100010010,R,h1_ocxo_open_loop,16
CNT,1,5013,2,57502535184,57662551216,rp2040_timer0,100010020,R,h1_ocxo_open_loop,16
CNT,1,5014,2,57678535232,57838551216,rp2040_timer0,100009990,R,h1_ocxo_open_loop,16
CNT,1,5015,2,57854535232,58014551264,rp2040_timer0,100010020,R,h1_ocxo_open_loop,16
CNT,1,5016,2,58030535184,58190551248,rp2040_timer0,100010040,R,h1_ocxo_open_loop,16
CNT,1,5017,2,58206535232,58366551264,rp2040_timer0,100010020,R,h1_ocxo_open_loop,16
CNT,1,5018,2,58382535248,58542551248,rp2040_timer0,100010000,R,h1_ocxo_open_loop,16
CNT,1,5019,2,58558535184,58718551232,rp2040_timer0,100010030,R,h1_ocxo_open_loop,16
CNT,1,5020,2,58734535232,58894551264,rp2040_timer0,100010020,R,h1_ocxo_open_loop,16
CNT,1,5021,2,58910535216,59070551248,rp2040_timer0,100010020,R,h1_ocxo_open_loop,16
CNT,1,5022,2,59086535232,59246551248,rp2040_timer0,100010010,R,h1_ocxo_open_loop,16
CNT,1,5023,2,59262535232,59422551232,rp2040_timer0,100010000,R,h1_ocxo_open_loop,16
CNT,1,5024,2,59438535184,59598551248,rp2040_timer0,100010040,R,h1_ocxo_open_loop,16
CNT,1,5025,2,59614535216,59774551232,rp2040_timer0,100010010,R,h1_ocxo_open_loop,16
CNT,1,5026,2,59790535184,59950551200,rp2040_timer0,100010010,R,h1_ocxo_open_loop,16
CNT,1,5027,2,59966535216,60126551248,rp2040_timer0,100010020,R,h1_ocxo_open_loop,16
CNT,1,5028,2,60142535216,60302551216,rp2040_timer0,100010000,R,h1_ocxo_open_loop,16
CNT,1,5029,2,60318535232,60478551200,rp2040_timer0,100009980,R,h1_ocxo_open_loop,16
CNT,1,5030,2,60494535216,60654551280,rp2040_timer0,100010040,R,h1_ocxo_open_loop,16
CNT,1,5031,2,60670535216,60830551264,rp2040_timer0,100010030,R,h1_ocxo_open_loop,16
CNT,1,5032,2,60846535168,61006551232,rp2040_timer0,100010040,R,h1_ocxo_open_loop,16
CNT,1,5033,2,61022535216,61182551248,rp2040_timer0,100010020,R,h1_ocxo_open_loop,16
CNT,1,5034,2,61198535184,61358551264,rp2040_timer0,100010050,R,h1_ocxo_open_loop,16
CNT,1,5035,2,61374535184,61534551232,rp2040_timer0,100010030,R,h1_ocxo_open_loop,16
CNT,1,5036,2,61550535184,61710551248,rp2040_timer0,100010040,R,h1_ocxo_open_loop,16
CNT,1,5037,2,61726535232,61886551264,rp2040_timer0,100010020,R,h1_ocxo_open_loop,16
CNT,1,5038,2,61902535232,62062551280,rp2040_timer0,100010030,R,h1_ocxo_open_loop,16
CNT,1,5039,2,62078535184,62238551232,rp2040_timer0,100010030,R,h1_ocxo_open_loop,16
CNT,1,5040,2,62254535216,62414551280,rp2040_timer0,100010040,R,h1_ocxo_open_loop,16
CNT,1,5041,2,62430535200,62590551248,rp2040_timer0,100010030,R,h1_ocxo_open_loop,16
CNT,1,5042,2,62606535248,62766551248,rp2040_timer0,100010000,R,h1_ocxo_open_loop,16
CNT,1,5043,2,62782535184,62942551216,rp2040_timer0,100010020,R,h1_ocxo_open_loop,16
CNT,1,5044,2,62958535232,63118551264,rp2040_timer0,100010020,R,h1_ocxo_open_loop,16
CNT,1,5045,2,63134535200,63294551248,rp2040_timer0,100010030,R,h1_ocxo_open_loop,16
CNT,1,5046,2,63310535200,63470551264,rp2040_timer0,100010040,R,h1_ocxo_open_loop,16
CNT,1,5047,2,63486535168,63646551264,rp2040_timer0,100010060,R,h1_ocxo_open_loop,16
CNT,1,5048,2,63662535184,63822551248,rp2040_timer0,100010040,R,h1_ocxo_open_loop,16
CNT,1,5049,2,63838535168,63998551232,rp2040_timer0,100010040,R,h1_ocxo_open_loop,16
CNT,1,5050,2,64014535200,64174551280,rp2040_timer0,100010050,R,h1_ocxo_open_loop,16
CNT,1,5051,2,64190535216,64350551216,rp2040_timer0,100010000,R,h1_ocxo_open_loop,16
CNT,1,5052,2,64366535232,64526551216,rp2040_timer0,100009990,R,h1_ocxo_open_loop,16
CNT,1,5053,2,64542535232,64702551248,rp2040_timer0,100010010,R,h1_ocxo_open_loop,16
CNT,1,5054,2,64718535232,64878551248,rp2040_timer0,100010010,R,h1_ocxo_open_loop,16
CNT,1,5055,2,64894535168,65054551280,rp2040_timer0,100010070,R,h1_ocxo_open_loop,16
CNT,1,5056,2,65070535200,65230551216,rp2040_timer0,100010010,R,h1_ocxo_open_loop,16
CNT,1,5057,2,65246535200,65406551216,rp2040_timer0,100010010,R,h1_ocxo_open_loop,16
CNT,1,5058,2,65422535216,65582551232,rp2040_timer0,100010010,R,h1_ocxo_open_loop,16
CNT,1,5059,2,65598535200,65758551232,rp2040_timer0,100010020,R,h1_ocxo_open_loop,16
CNT,1,5060,2,65774535200,65934551280,rp2040_timer0,100010050,R,h1_ocxo_open_loop,16
CNT,1,5061,2,65950535200,66110551248,rp2040_timer0,100010030,R,h1_ocxo_open_loop,16
CNT,1,5062,2,66126535216,66286551248,rp2040_timer0,100010020,R,h1_ocxo_open_loop,16
CNT,1,5063,2,66302535200,66462551280,rp2040_timer0,100010050,R,h1_ocxo_open_loop,16
CNT,1,5064,2,66478535184,66638551232,rp2040_timer0,100010030,R,h1_ocxo_open_loop,16
CNT,1,5065,2,66654535200,66814551200,rp2040_timer0,100010000,R,h1_ocxo_open_loop,16
CNT,1,5066,2,66830535200,66990551216,rp2040_timer0,100010010,R,h1_ocxo_open_loop,16
CNT,1,5067,2,67006535200,67166551232,rp2040_timer0,100010020,R,h1_ocxo_open_loop,16
CNT,1,5068,2,67182535248,67342551248,rp2040_timer0,100010000,R,h1_ocxo_open_loop,16
CNT,1,5069,2,67358535168,67518551264,rp2040_timer0,100010060,R,h1_ocxo_open_loop,16
CNT,1,5070,2,67534535232,67694551280,rp2040_timer0,100010030,R,h1_ocxo_open_loop,16
CNT,1,5071,2,67710535232,67870551248,rp2040_timer0,100010010,R,h1_ocxo_open_loop,16
CNT,1,5072,2,67886535184,68046551264,rp2040_timer0,100010050,R,h1_ocxo_open_loop,16
CNT,1,5073,2,68062535184,68222551248,rp2040_timer0,100010040,R,h1_ocxo_open_loop,16
CNT,1,5074,2,68238535232,68398551264,rp2040_timer0,100010020,R,h1_ocxo_open_loop,16
CNT,1,5075,2,68414535248,68574551232,rp2040_timer0,100009990,R,h1_ocxo_open_loop,16
CNT,1,5076,2,68590535216,68750551248,rp2040_timer0,100010020,R,h1_ocxo_open_loop,16
CNT,1,5077,2,47058448,207074512,rp2040_timer0,100010040,R,h1_ocxo_open_loop,16
CNT,1,5078,2,223058432,383074480,rp2040_timer0,100010030,R,h1_ocxo_open_loop,16
CNT,1,5079,2,399058480,559074528,rp2040_timer0,100010030,R,h1_ocxo_open_loop,16
CNT,1,5080,2,575058448,735074512,rp2040_timer0,100010040,R,h1_ocxo_open_loop,16
CNT,1,5081,2,751058480,911074480,rp2040_timer0,100010000,R,h1_ocxo_open_loop,16
CNT,1,5082,2,927058464,1087074544,rp2040_timer0,100010050,R,h1_ocxo_open_loop,16
CNT,1,5083,2,1103058496,1263074544,rp2040_timer0,100010030,R,h1_ocxo_open_loop,16
CNT,1,5084,2,1279058480,1439074528,rp2040_timer0,100010030,R,h1_ocxo_open_loop,16
CNT,1,5085,2,1455058480,1615074544,rp2040_timer0,100010040,R,h1_ocxo_open_loop,16
CNT,1,5086,2,1631058480,1791074528,rp2040_timer0,100010030,R,h1_ocxo_open_loop,16
CNT,1,5087,2,1807058448,1967074496,rp2040_timer0,100010030,R,h1_ocxo_open_loop,16
CNT,1,5088,2,1983058496,2143074512,rp2040_timer0,100010010,R,h1_ocxo_open_loop,16
CNT,1,5089,2,2159058448,2319074512,rp2040_timer0,100010040,R,h1_ocxo_open_loop,16
CNT,1,5090,2,2335058448,2495074496,rp2040_timer0,100010030,R,h1_ocxo_open_loop,16
CNT,1,5091,2,2511058448,2671074480,rp2040_timer0,100010020,R,h1_ocxo_open_loop,16
CNT,1,5092,2,2687058464,2847074496,rp2040_timer0,100010020,R,h1_ocxo_open_loop,16
CNT,1,5093,2,2863058464,3023074496,rp2040_timer0,100010020,R,h1_ocxo_open_loop,16
CNT,1,5094,2,3039058448,3199074496,rp2040_timer0,100010030,R,h1_ocxo_open_loop,16
CNT,1,5095,2,3215058464,3375074528,rp2040_timer0,100010040,R,h1_ocxo_open_loop,16
CNT,1,5096,2,3391058448,3551074512,rp2040_timer0,100010040,R,h1_ocxo_open_loop,16
CNT,1,5097,2,3567058496,3727074528,rp2040_timer0,100010020,R,h1_ocxo_open_loop,16
CNT,1,5098,2,3743058448,3903074480,rp2040_timer0,100010020,R,h1_ocxo_open_loop,16
CNT,1,5099,2,3919058496,4079074496,rp2040_timer0,100010000,R,h1_ocxo_open_loop,16
CNT,1,5100,2,4095058432,4255074480,rp2040_timer0,100010030,R,h1_ocxo_open_loop,16
CNT,1,5101,2,4271058464,4431074512,rp2040_timer0,100010030,R,h1_ocxo_open_loop,16
CNT,1,5102,2,4447058512,4607074496,rp2040_timer0,100009990,R,h1_ocxo_open_loop,16
CNT,1,5103,2,4623058448,4783074480,rp2040_timer0,100010020,R,h1_ocxo_open_loop,16
CNT,1,5104,2,4799058464,4959074496,rp2040_timer0,100010020,R,h1_ocxo_open_loop,16
CNT,1,5105,2,4975058464,5135074496,rp2040_timer0,100010020,R,h1_ocxo_open_loop,16
CNT,1,5106,2,5151058464,5311074544,rp2040_timer0,100010050,R,h1_ocxo_open_loop,16
CNT,1,5107,2,5327058496,5487074464,rp2040_timer0,100009980,R,h1_ocxo_open_loop,16
CNT,1,5108,2,5503058448,5663074544,rp2040_timer0,100010060,R,h1_ocxo_open_loop,16
CNT,1,5109,2,5679058448,5839074512,rp2040_timer0,100010040,R,h1_ocxo_open_loop,16
CNT,1,5110,2,5855058480,6015074512,rp2040_timer0,100010020,R,h1_ocxo_open_loop,16
CNT,1,5111,2,6031058464,6191074528,rp2040_timer0,100010040,R,h1_ocxo_open_loop,16
CNT,1,5112,2,6207058480,6367074544,rp2040_timer0,100010040,R,h1_ocxo_open_loop,16
CNT,1,5113,2,6383058432,6543074512,rp2040_timer0,100010050,R,h1_ocxo_open_loop,16
CNT,1,5114,2,6559058448,6719074544,rp2040_timer0,100010060,R,h1_ocxo_open_loop,16
CNT,1,5115,2,6735058480,6895074496,rp2040_timer0,100010010,R,h1_ocxo_open_loop,16
CNT,1,5116,2,6911058480,7071074544,rp2040_timer0,100010040,R,h1_ocxo_open_loop,16
CNT,1,5117,2,7087058496,7247074512,rp2040_timer0,100010010,R,h1_ocxo_open_loop,16
CNT,1,5118,2,7263058496,7423074480,rp2040_timer0,100009990,R,h1_ocxo_open_loop,16
CNT,1,5119,2,7439058432,7599074496,rp2040_timer0,100010040,R,h1_ocxo_open_loop,16
CNT,1,5120,2,7615058448,7775074480,rp2040_timer0,100010020,R,h1_ocxo_open_loop,16
CNT,1,5121,2,7791058496,7951074480,rp2040_timer0,100009990,R,h1_ocxo_open_loop,16
CNT,1,5122,2,7967058480,8127074496,rp2040_timer0,100010010,R,h1_ocxo_open_loop,16
CNT,1,5123,2,8143058464,8303074528,rp2040_timer0,100010040,R,h1_ocxo_open_loop,16
CNT,1,5124,2,8319058496,8479074528,rp2040_timer0,100010020,R,h1_ocxo_open_loop,16
CNT,1,5125,2,8495058512,8655074480,rp2040_timer0,100009980,R,h1_ocxo_open_loop,16
CNT,1,5126,2,8671058480,8831074464,rp2040_timer0,100009990,R,h1_ocxo_open_loop,16
CNT,1,5127,2,8847058480,9007074480,rp2040_timer0,100010000,R,h1_ocxo_open_loop,16
CNT,1,5128,2,9023058512,9183074544,rp2040_timer0,100010020,R,h1_ocxo_open_loop,16
CNT,1,5129,2,9199058464,9359074464,rp2040_timer0,100010000,R,h1_ocxo_open_loop,16
CNT,1,5130,2,9375058496,9535074496,rp2040_timer0,100010000,R,h1_ocxo_open_loop,16
CNT,1,5131,2,9551058448,9711074528,rp2040_timer0,100010050,R,h1_ocxo_open_loop,16
CNT,1,5132,2,9727058448,9887074544,rp2040_timer0,100010060,R,h1_ocxo_open_loop,16
CNT,1,5133,2,9903058464,10063074544,rp2040_timer0,100010050,R,h1_ocxo_open_loop,16
CNT,1,5134,2,10079058432,10239074512,rp2040_timer0,100010050,R,h1_ocxo_open_loop,16
CNT,1,5135,2,10255058464,10415074464,rp2040_timer0,100010000,R,h1_ocxo_open_loop,16
CNT,1,5136,2,10431058464,10591074528,rp2040_timer0,100010040,R,h1_ocxo_open_loop,16
CNT,1,5137,2,10607058512,10767074544,rp2040_timer0,100010020,R,h1_ocxo_open_loop,16
CNT,1,5138,2,10783058448,10943074544,rp2040_timer0,100010060,R,h1_ocxo_open_loop,16
CNT,1,5139,2,10959058464,11119074496,rp2040_timer0,100010020,R,h1_ocxo_open_loop,16
CNT,1,5140,2,11135058448,11295074544,rp2040_timer0,100010060,R,h1_ocxo_open_loop,16
CNT,1,5141,2,11311058448,11471074544,rp2040_timer0,100010060,R,h1_ocxo_open_loop,16
CNT,1,5142,2,11487058496,11647074480,rp2040_timer0,100009990,R,h1_ocxo_open_loop,16
CNT,1,5143,2,11663058480,11823074544,rp2040_timer0,100010040,R,h1_ocxo_open_loop,16
CNT,1,5144,2,11839058432,11999074544,rp2040_timer0,100010070,R,h1_ocxo_open_loop,16
CNT,1,5145,2,12015058432,12175074464,rp2040_timer0,100010020,R,h1_ocxo_open_loop,16
CNT,1,5146,2,12191058512,12351074512,rp2040_timer0,100010000,R,h1_ocxo_open_loop,16
CNT,1,5147,2,12367058464,12527074528,rp2040_timer0,100010040,R,h1_ocxo_open_loop,16
CNT,1,5148,2,12543058448,12703074512,rp2040_timer0,100010040,R,h1_ocxo_open_loop,16
CNT,1,5149,2,12719058432,12879074480,rp2040_timer0,100010030,R,h1_ocxo_open_loop,16
CNT,1,5150,2,12895058448,13055074528,rp2040_timer0,100010050,R,h1_ocxo_open_loop,16
CNT,1,5151,2,13071058448,13231074512,rp2040_timer0,100010040,R,h1_ocxo_open_loop,16
CNT,1,5152,2,13247058480,13407074496,rp2040_timer0,100010010,R,h1_ocxo_open_loop,16
CNT,1,5153,2,13423058496,13583074480,rp2040_timer0,100009990,R,h1_ocxo_open_loop,16
CNT,1,5154,2,13599058448,13759074512,rp2040_timer0,100010040,R,h1_ocxo_open_loop,16
CNT,1,5155,2,13775058480,13935074496,rp2040_timer0,100010010,R,h1_ocxo_open_loop,16
CNT,1,5156,2,13951058448,14111074544,rp2040_timer0,100010060,R,h1_ocxo_open_loop,16
CNT,1,5157,2,14127058480,14287074544,rp2040_timer0,100010040,R,h1_ocxo_open_loop,16
CNT,1,5158,2,14303058480,14463074480,rp2040_timer0,100010000,R,h1_ocxo_open_loop,16
CNT,1,5159,2,14479058448,14639074480,rp2040_timer0,100010020,R,h1_ocxo_open_loop,16
CNT,1,5160,2,14655058448,14815074528,rp2040_timer0,100010050,R,h1_ocxo_open_loop,16
CNT,1,5161,2,14831058480,14991074512,rp2040_timer0,100010020,R,h1_ocxo_open_loop,16
CNT,1,5162,2,15007058464,15167074464,rp2040_timer0,100010000,R,h1_ocxo_open_loop,16
CNT,1,5163,2,15183058496,15343074480,rp2040_timer0,100009990,R,h1_ocxo_open_loop,16
CNT,1,5164,2,15359058480,15519074480,rp2040_timer0,100010000,R,h1_ocxo_open_loop,16
CNT,1,5165,2,15535058464,15695074512,rp2040_timer0,100010030,R,h1_ocxo_open_loop,16
CNT,1,5166,2,15711058496,15871074512,rp2040_timer0,100010010,R,h1_ocxo_open_loop,16
CNT,1,5167,2,15887058464,16047074480,rp2040_timer0,100010010,R,h1_ocxo_open_loop,16
CNT,1,5168,2,16063058448,16223074528,rp2040_timer0,100010050,R,h1_ocxo_open_loop,16
CNT,1,5169,2,16239058496,16399074544,rp2040_timer0,100010030,R,h1_ocxo_open_loop,16
CNT,1,5170,2,16415058512,16575074496,rp2040_timer0,100009990,R,h1_ocxo_open_loop,16
CNT,1,5171,2,16591058464,16751074512,rp2040_timer0,100010030,R,h1_ocxo_open_loop,16
CNT,1,5172,2,16767058448,16927074512,rp2040_timer0,100010040,R,h1_ocxo_open_loop,16
CNT,1,5173,2,16943058496,17103074512,rp2040_timer0,100010010,R,h1_ocxo_open_loop,16
CNT,1,5174,2,17119058496,17279074528,rp2040_timer0,100010020,R,h1_ocxo_open_loop,16
CNT,1,5175,2,17295058464,17455074544,rp2040_timer0,100010050,R,h1_ocxo_open_loop,16
CNT,1,5176,2,17471058512,17631074464,rp2040_timer0,100009970,R,h1_ocxo_open_loop,16
CNT,1,5177,2,17647058448,17807074544,rp2040_timer0,100010060,R,h1_ocxo_open_loop,16
CNT,1,5178,2,17823058448,17983074528,rp2040_timer0,100010050,R,h1_ocxo_open_loop,16
CNT,1,5179,2,17999058448,18159074544,rp2040_timer0,100010060,R,h1_ocxo_open_loop,16
CNT,1,5180,2,18175058432,18335074544,rp2040_timer0,100010070,R,h1_ocxo_open_loop,16
CNT,1,5181,2,18351058448,18511074496,rp2040_timer0,100010030,R,h1_ocxo_open_loop,16
CNT,1,5182,2,18527058496,18687074544,rp2040_timer0,100010030,R,h1_ocxo_open_loop,16
CNT,1,5183,2,18703058448,18863074544,rp2040_timer0,100010060,R,h1_ocxo_open_loop,16
CNT,1,5184,2,18879058432,19039074512,rp2040_timer0,100010050,R,h1_ocxo_open_loop,16
CNT,1,5185,2,19055058496,19215074528,rp2040_timer0,100010020,R,h1_ocxo_open_loop,16
CNT,1,5186,2,19231058432,19391074528,rp2040_timer0,100010060,R,h1_ocxo_open_loop,16
CNT,1,5187,2,19407058464,19567074496,rp2040_timer0,100010020,R,h1_ocxo_open_loop,16
CNT,1,5188,2,19583058432,19743074496,rp2040_timer0,100010040,R,h1_ocxo_open_loop,16
CNT,1,5189,2,19759058464,19919074480,rp2040_timer0,100010010,R,h1_ocxo_open_loop,16
CNT,1,5190,2,19935058464,20095074528,rp2040_timer0,100010040,R,h1_ocxo_open_loop,16
CNT,1,5191,2,20111058464,20271074512,rp2040_timer0,100010030,R,h1_ocxo_open_loop,16
CNT,1,5192,2,20287058512,20447074496,rp2040_timer0,100009990,R,h1_ocxo_open_loop,16
CNT,1,5193,2,20463058464,20623074528,rp2040_timer0,100010040,R,h1_ocxo_open_loop,16
CNT,1,5194,2,20639058448,20799074496,rp2040_timer0,100010030,R,h1_ocxo_open_loop,16
CNT,1,5195,2,20815058464,20975074512,rp2040_timer0,100010030,R,h1_ocxo_open_loop,16
CNT,1,5196,2,20991058480,21151074512,rp2040_timer0,100010020,R,h1_ocxo_open_loop,16
CNT,1,5197,2,21167058432,21327074512,rp2040_timer0,100010050,R,h1_ocxo_open_loop,16
CNT,1,5198,2,21343058432,21503074496,rp2040_timer0,100010040,R,h1_ocxo_open_loop,16
CNT,1,5199,2,21519058512,21679074496,rp2040_timer0,100009990,R,h1_ocxo_open_loop,16
CNT,1,5200,2,21695058512,21855074592,rp2040_timer0,100010050,R,h1_ocxo_open_loop,16
CNT,1,5201,2,21871058480,22031074496,rp2040_timer0,100010010,R,h1_ocxo_open_loop,16
CNT,1,5202,2,22047058464,22207074528,rp2040_timer0,100010040,R,h1_ocxo_open_loop,16
CNT,1,5203,2,22223058464,22383074512,rp2040_timer0,100010030,R,h1_ocxo_open_loop,16
CNT,1,5204,2,22399058464,22559074496,rp2040_timer0,100010020,R,h1_ocxo_open_loop,16
CNT,1,5205,2,22575058480,22735074480,rp2040_timer0,100010000,R,h1_ocxo_open_loop,16
CNT,1,5206,2,22751058496,22911074544,rp2040_timer0,100010030,R,h1_ocxo_open_loop,16
CNT,1,5207,2,22927058480,23087074480,rp2040_timer0,100010000,R,h1_ocxo_open_loop,16
CNT,1,5208,2,23103058464,23263074528,rp2040_timer0,100010040,R,h1_ocxo_open_loop,16
CNT,1,5209,2,23279058464,23439074464,rp2040_timer0,100010000,R,h1_ocxo_open_loop,16
CNT,1,5210,2,23455058496,23615074544,rp2040_timer0,100010030,R,h1_ocxo_open_loop,16
CNT,1,5211,2,23631058432,23791074496,rp2040_timer0,100010040,R,h1_ocxo_open_loop,16
CNT,1,5212,2,23807058464,23967074480,rp2040_timer0,100010010,R,h1_ocxo_open_loop,16
CNT,1,5213,2,23983058512,24143074480,rp2040_timer0,100009980,R,h1_ocxo_open_loop,16
CNT,1,5214,2,24159058432,24319074496,rp2040_timer0,100010040,R,h1_ocxo_open_loop,16
CNT,1,5215,2,24335058480,24495074512,rp2040_timer0,100010020,R,h1_ocxo_open_loop,16
CNT,1,5216,2,24511058432,24671074528,rp2040_timer0,100010060,R,h1_ocxo_open_loop,16
CNT,1,5217,2,24687058512,24847074528,rp2040_timer0,100010010,R,h1_ocxo_open_loop,16
CNT,1,5218,2,24863058512,25023074480,rp2040_timer0,100009980,R,h1_ocxo_open_loop,16
CNT,1,5219,2,25039058448,25199074496,rp2040_timer0,100010030,R,h1_ocxo_open_loop,16
CNT,1,5220,2,25215058464,25375074512,rp2040_timer0,100010030,R,h1_ocxo_open_loop,16
CNT,1,5221,2,25391058448,25551074496,rp2040_timer0,100010030,R,h1_ocxo_open_loop,16
CNT,1,5222,2,25567058480,25727074528,rp2040_timer0,100010030,R,h1_ocxo_open_loop,16
CNT,1,5223,2,25743058496,25903074512,rp2040_timer0,100010010,R,h1_ocxo_open_loop,16
CNT,1,5224,2,25919058464,26079074480,rp2040_timer0,100010010,R,h1_ocxo_open_loop,16
CNT,1,5225,2,26095058464,26255074512,rp2040_timer0,100010030,R,h1_ocxo_open_loop,16
CNT,1,5226,2,26271058512,26431074528,rp2040_timer0,100010010,R,h1_ocxo_open_loop,16
CNT,1,5227,2,26447058464,26607074480,rp2040_timer0,100010010,R,h1_ocxo_open_loop,16
CNT,1,5228,2,26623058480,26783074528,rp2040_timer0,100010030,R,h1_ocxo_open_loop,16
CNT,1,5229,2,26799058496,26959074544,rp2040_timer0,100010030,R,h1_ocxo_open_loop,16
CNT,1,5230,2,26975058512,27135074480,rp2040_timer0,100009980,R,h1_ocxo_open_loop,16
CNT,1,5231,2,27151058480,27311074480,rp2040_timer0,100010000,R,h1_ocxo_open_loop,16
CNT,1,5232,2,27327058480,27487074528,rp2040_timer0,100010030,R,h1_ocxo_open_loop,16
CNT,1,5233,2,27503058432,27663074528,rp2040_timer0,100010060,R,h1_ocxo_open_loop,16
CNT,1,5234,2,27679058432,27839074512,rp2040_timer0,100010050,R,h1_ocxo_open_loop,16
CNT,1,5235,2,27855058512,28015074496,rp2040_timer0,100009990,R,h1_ocxo_open_loop,16
CNT,1,5236,2,28031058496,28191074480,rp2040_timer0,100009990,R,h1_ocxo_open_loop,16
CNT,1,5237,2,28207058448,28367074544,rp2040_timer0,100010060,R,h1_ocxo_open_loop,16
CNT,1,5238,2,28383058496,28543074512,rp2040_timer0,100010010,R,h1_ocxo_open_loop,16
CNT,1,5239,2,28559058496,28719074480,rp2040_timer0,100009990,R,h1_ocxo_open_loop,16
CNT,1,5240,2,28735058496,28895074496,rp2040_timer0,100010000,R,h1_ocxo_open_loop,16
CNT,1,5241,2,28911058512,29071074496,rp2040_timer0,100009990,R,h1_ocxo_open_loop,16
CNT,1,5242,2,29087058464,29247074480,rp2040_timer0,100010010,R,h1_ocxo_open_loop,16
CNT,1,5243,2,29263058496,29423074480,rp2040_timer0,100009990,R,h1_ocxo_open_loop,16
CNT,1,5244,2,29439058448,29599074512,rp2040_timer0,100010040,R,h1_ocxo_open_loop,16
CNT,1,5245,2,29615058432,29775074480,rp2040_timer0,100010030,R,h1_ocxo_open_loop,16
CNT,1,5246,2,29791058464,29951074496,rp2040_timer0,100010020,R,h1_ocxo_open_loop,16
CNT,1,5247,2,29967058512,30127074496,rp2040_timer0,100009990,R,h1_ocxo_open_loop,16
CNT,1,5248,2,30143058464,30303074496,rp2040_timer0,100010020,R,h1_ocxo_open_loop,16
CNT,1,5249,2,30319058448,30479074512,rp2040_timer0,100010040,R,h1_ocxo_open_loop,16
CNT,1,5250,2,30495058512,30655074544,rp2040_timer0,100010020,R,h1_ocxo_open_loop,16
CNT,1,5251,2,30671058512,30831074480,rp2040_timer0,100009980,R,h1_ocxo_open_loop,16
CNT,1,5252,2,30847058448,31007074544,rp2040_timer0,100010060,R,h1_ocxo_open_loop,16
CNT,1,5253,2,31023058464,31183074464,rp2040_timer0,100010000,R,h1_ocxo_open_loop,16
CNT,1,5254,2,31199058480,31359074480,rp2040_timer0,100010000,R,h1_ocxo_open_loop,16
CNT,1,5255,2,31375058448,31535074480,rp2040_timer0,100010020,R,h1_ocxo_open_loop,16
CNT,1,5256,2,31551058464,31711074480,rp2040_timer0,100010010,R,h1_ocxo_open_loop,16
CNT,1,5257,2,31727058496,31887074496,rp2040_timer0,100010000,R,h1_ocxo_open_loop,16
CNT,1,5258,2,31903058512,32063074528,rp2040_timer0,100010010,R,h1_ocxo_open_loop,16
CNT,1,5259,2,32079058480,32239074480,rp2040_timer0,100010000,R,h1_ocxo_open_loop,16
CNT,1,5260,2,32255058464,32415074528,rp2040_timer0,100010040,R,h1_ocxo_open_loop,16
CNT,1,5261,2,32431058512,32591074512,rp2040_timer0,100010000,R,h1_ocxo_open_loop,16
CNT,1,5262,2,32607058480,32767074528,rp2040_timer0,100010030,R,h1_ocxo_open_loop,16
CNT,1,5263,2,32783058448,32943074480,rp2040_timer0,100010020,R,h1_ocxo_open_loop,16
CNT,1,5264,2,32959058432,33119074480,rp2040_timer0,100010030,R,h1_ocxo_open_loop,16
CNT,1,5265,2,33135058496,33295074496,rp2040_timer0,100010000,R,h1_ocxo_open_loop,16
CNT,1,5266,2,33311058480,33471074544,rp2040_timer0,100010040,R,h1_ocxo_open_loop,16
CNT,1,5267,2,33487058448,33647074496,rp2040_timer0,100010030,R,h1_ocxo_open_loop,16
CNT,1,5268,2,33663058512,33823074528,rp2040_timer0,100010010,R,h1_ocxo_open_loop,16
CNT,1,5269,2,33839058448,33999074512,rp2040_timer0,100010040,R,h1_ocxo_open_loop,16
CNT,1,5270,2,34015058512,34175074464,rp2040_timer0,100009970,R,h1_ocxo_open_loop,16
CNT,1,5271,2,34191058448,34351074544,rp2040_timer0,100010060,R,h1_ocxo_open_loop,16
CNT,1,5272,2,34367058464,34527074528,rp2040_timer0,100010040,R,h1_ocxo_open_loop,16
CNT,1,5273,2,34543058432,34703074512,rp2040_timer0,100010050,R,h1_ocxo_open_loop,16
CNT,1,5274,2,34719058432,34879074528,rp2040_timer0,100010060,R,h1_ocxo_open_loop,16
CNT,1,5275,2,34895058464,35055074512,rp2040_timer0,100010030,R,h1_ocxo_open_loop,16
CNT,1,5276,2,35071058464,35231074496,rp2040_timer0,100010020,R,h1_ocxo_open_loop,16
CNT,1,5277,2,35247058432,35407074496,rp2040_timer0,100010040,R,h1_ocxo_open_loop,16
CNT,1,5278,2,35423058496,35583074512,rp2040_timer0,100010010,R,h1_ocxo_open_loop,16
CNT,1,5279,2,35599058512,35759074480,rp2040_timer0,100009980,R,h1_ocxo_open_loop,16
CNT,1,5280,2,35775058464,35935074528,rp2040_timer0,100010040,R,h1_ocxo_open_loop,16
CNT,1,5281,2,35951058512,36111074512,rp2040_timer0,100010000,R,h1_ocxo_open_loop,16
CNT,1,5282,2,36127058496,36287074512,rp2040_timer0,100010010,R,h1_ocxo_open_loop,16
CNT,1,5283,2,36303058512,36463074480,rp2040_timer0,100009980,R,h1_ocxo_open_loop,16
CNT,1,5284,2,36479058480,36639074480,rp2040_timer0,100010000,R,h1_ocxo_open_loop,16
CNT,1,5285,2,36655058464,36815074544,rp2040_timer0,100010050,R,h1_ocxo_open_loop,16
CNT,1,5286,2,36831058464,36991074544,rp2040_timer0,100010050,R,h1_ocxo_open_loop,16
CNT,1,5287,2,37007058480,37167074512,rp2040_timer0,100010020,R,h1_ocxo_open_loop,16
CNT,1,5288,2,37183058448,37343074480,rp2040_timer0,100010020,R,h1_ocxo_open_loop,16
CNT,1,5289,2,37359058464,37519074480,rp2040_timer0,100010010,R,h1_ocxo_open_loop,16
CNT,1,5290,2,37535058448,37695074528,rp2040_timer0,100010050,R,h1_ocxo_open_loop,16
CNT,1,5291,2,37711058496,37871074496,rp2040_timer0,100010000,R,h1_ocxo_open_loop,16
CNT,1,5292,2,37887058496,38047074496,rp2040_timer0,100010000,R,h1_ocxo_open_loop,16
CNT,1,5293,2,38063058480,38223074528,rp2040_timer0,100010030,R,h1_ocxo_open_loop,16
CNT,1,5294,2,38239058496,38399074512,rp2040_timer0,100010010,R,h1_ocxo_open_loop,16
CNT,1,5295,2,38415058464,38575074528,rp2040_timer0,100010040,R,h1_ocxo_open_loop,16
CNT,1,5296,2,38591058448,38751074496,rp2040_timer0,100010030,R,h1_ocxo_open_loop,16
CNT,1,5297,2,38767058448,38927074544,rp2040_timer0,100010060,R,h1_ocxo_open_loop,16
CNT,1,5298,2,38943058496,39103074544,rp2040_timer0,100010030,R,h1_ocxo_open_loop,16
CNT,1,5299,2,39119058432,39279074512,rp2040_timer0,100010050,R,h1_ocxo_open_loop,16
CNT,1,5300,2,39295058480,39455074512,rp2040_timer0,100010020,R,h1_ocxo_open_loop,16
CNT,1,5301,2,39471058512,39631074528,rp2040_timer0,100010010,R,h1_ocxo_open_loop,16
CNT,1,5302,2,39647058480,39807074496,rp2040_timer0,100010010,R,h1_ocxo_open_loop,16
CNT,1,5303,2,39823058496,39983074528,rp2040_timer0,100010020,R,h1_ocxo_open_loop,16
CNT,1,5304,2,39999058496,40159074496,rp2040_timer0,100010000,R,h1_ocxo_open_loop,16
CNT,1,5305,2,40175058480,40335074528,rp2040_timer0,100010030,R,h1_ocxo_open_loop,16
CNT,1,5306,2,40351058496,40511074528,rp2040_timer0,100010020,R,h1_ocxo_open_loop,16
CNT,1,5307,2,40527058448,40687074480,rp2040_timer0,100010020,R,h1_ocxo_open_loop,16
CNT,1,5308,2,40703058480,40863074480,rp2040_timer0,100010000,R,h1_ocxo_open_loop,16
CNT,1,5309,2,40879058464,41039074496,rp2040_timer0,100010020,R,h1_ocxo_open_loop,16
CNT,1,5310,2,41055058432,41215074512,rp2040_timer0,100010050,R,h1_ocxo_open_loop,16
CNT,1,5311,2,41231058464,41391074528,rp2040_timer0,100010040,R,h1_ocxo_open_loop,16
CNT,1,5312,2,41407058448,41567074544,rp2040_timer0,100010060,R,h1_ocxo_open_loop,16
CNT,1,5313,2,41583058432,41743074544,rp2040_timer0,100010070,R,h1_ocxo_open_loop,16
CNT,1,5314,2,41759058480,41919074512,rp2040_timer0,100010020,R,h1_ocxo_open_loop,16
CNT,1,5315,2,41935058480,42095074544,rp2040_timer0,100010040,R,h1_ocxo_open_loop,16
CNT,1,5316,2,42111058432,42271074528,rp2040_timer0,100010060,R,h1_ocxo_open_loop,16
CNT,1,5317,2,42287058448,42447074512,rp2040_timer0,100010040,R,h1_ocxo_open_loop,16
CNT,1,5318,2,42463058432,42623074512,rp2040_timer0,100010050,R,h1_ocxo_open_loop,16
CNT,1,5319,2,42639058480,42799074496,rp2040_timer0,100010010,R,h1_ocxo_open_loop,16
CNT,1,5320,2,42815058448,42975074528,rp2040_timer0,100010050,R,h1_ocxo_open_loop,16
CNT,1,5321,2,42991058512,43151074544,rp2040_timer0,100010020,R,h1_ocxo_open_loop,16
CNT,1,5322,2,43167058512,43327074544,rp2040_timer0,100010020,R,h1_ocxo_open_loop,16
CNT,1,5323,2,43343058448,43503074480,rp2040_timer0,100010020,R,h1_ocxo_open_loop,16
CNT,1,5324,2,43519058480,43679074544,rp2040_timer0,100010040,R,h1_ocxo_open_loop,16
CNT,1,5325,2,43695058480,43855074512,rp2040_timer0,100010020,R,h1_ocxo_open_loop,16
CNT,1,5326,2,43871058496,44031074464,rp2040_timer0,100009980,R,h1_ocxo_open_loop,16
CNT,1,5327,2,44047058480,44207074528,rp2040_timer0,100010030,R,h1_ocxo_open_loop,16
CNT,1,5328,2,44223058432,44383074480,rp2040_timer0,100010030,R,h1_ocxo_open_loop,16
CNT,1,5329,2,44399058464,44559074496,rp2040_timer0,100010020,R,h1_ocxo_open_loop,16
CNT,1,5330,2,44575058448,44735074480,rp2040_timer0,100010020,R,h1_ocxo_open_loop,16
CNT,1,5331,2,44751058512,44911074528,rp2040_timer0,100010010,R,h1_ocxo_open_loop,16
CNT,1,5332,2,44927058448,45087074496,rp2040_timer0,100010030,R,h1_ocxo_open_loop,16
CNT,1,5333,2,45103058464,45263074512,rp2040_timer0,100010030,R,h1_ocxo_open_loop,16
CNT,1,5334,2,45279058512,45439074480,rp2040_timer0,100009980,R,h1_ocxo_open_loop,16
CNT,1,5335,2,45455058464,45615074544,rp2040_timer0,100010050,R,h1_ocxo_open_loop,16
CNT,1,5336,2,45631058512,45791074528,rp2040_timer0,100010010,R,h1_ocxo_open_loop,16
CNT,1,5337,2,45807058448,45967074528,rp2040_timer0,100010050,R,h1_ocxo_open_loop,16
CNT,1,5338,2,45983058464,46143074496,rp2040_timer0,100010020,R,h1_ocxo_open_loop,16
CNT,1,5339,2,46159058464,46319074464,rp2040_timer0,100010000,R,h1_ocxo_open_loop,16
CNT,1,5340,2,46335058512,46495074464,rp2040_timer0,100009970,R,h1_ocxo_open_loop,16
CNT,1,5341,2,46511058496,46671074496,rp2040_timer0,100010000,R,h1_ocxo_open_loop,16
CNT,1,5342,2,46687058512,46847074544,rp2040_timer0,100010020,R,h1_ocxo_open_loop,16
CNT,1,5343,2,46863058448,47023074496,rp2040_timer0,100010030,R,h1_ocxo_open_loop,16
CNT,1,5344,2,47039058480,47199074528,rp2040_timer0,100010030,R,h1_ocxo_open_loop,16
CNT,1,5345,2,47215058464,47375074544,rp2040_timer0,100010050,R,h1_ocxo_open_loop,16
CNT,1,5346,2,47391058480,47551074528,rp2040_timer0,100010030,R,h1_ocxo_open_loop,16
CNT,1,5347,2,47567058464,47727074512,rp2040_timer0,100010030,R,h1_ocxo_open_loop,16
CNT,1,5348,2,47743058448,47903074544,rp2040_timer0,100010060,R,h1_ocxo_open_loop,16
CNT,1,5349,2,47919058512,48079074464,rp2040_timer0,100009970,R,h1_ocxo_open_loop,16
CNT,1,5350,2,48095058432,48255074528,rp2040_timer0,100010060,R,h1_ocxo_open_loop,16
CNT,1,5351,2,48271058480,48431074480,rp2040_timer0,100010000,R,h1_ocxo_open_loop,16
CNT,1,5352,2,48447058512,48607074528,rp2040_timer0,100010010,R,h1_ocxo_open_loop,16
CNT,1,5353,2,48623058480,48783074480,rp2040_timer0,100010000,R,h1_ocxo_open_loop,16
CNT,1,5354,2,48799058496,48959074528,rp2040_timer0,100010020,R,h1_ocxo_open_loop,16
CNT,1,5355,2,48975058512,49135074512,rp2040_timer0,100010000,R,h1_ocxo_open_loop,16
CNT,1,5356,2,49151058512,49311074512,rp2040_timer0,100010000,R,h1_ocxo_open_loop,16
CNT,1,5357,2,49327058432,49487074496,rp2040_timer0,100010040,R,h1_ocxo_open_loop,16
CNT,1,5358,2,49503058512,49663074528,rp2040_timer0,100010010,R,h1_ocxo_open_loop,16
CNT,1,5359,2,49679058448,49839074512,rp2040_timer0,100010040,R,h1_ocxo_open_loop,16
CNT,1,5360,2,49855058480,50015074528,rp2040_timer0,100010030,R,h1_ocxo_open_loop,16
CNT,1,5361,2,50031058496,50191074480,rp2040_timer0,100009990,R,h1_ocxo_open_loop,16
CNT,1,5362,2,50207058512,50367074544,rp2040_timer0,100010020,R,h1_ocxo_open_loop,16
CNT,1,5363,2,50383058448,50543074528,rp2040_timer0,100010050,R,h1_ocxo_open_loop,16
CNT,1,5364,2,50559058496,50719074480,rp2040_timer0,100009990,R,h1_ocxo_open_loop,16
CNT,1,5365,2,50735058480,50895074464,rp2040_timer0,100009990,R,h1_ocxo_open_loop,16
CNT,1,5366,2,50911058432,51071074528,rp2040_timer0,100010060,R,h1_ocxo_open_loop,16
CNT,1,5367,2,51087058448,51247074496,rp2040_timer0,100010030,R,h1_ocxo_open_loop,16
CNT,1,5368,2,51263058448,51423074528,rp2040_timer0,100010050,R,h1_ocxo_open_loop,16
CNT,1,5369,2,51439058464,51599074528,rp2040_timer0,100010040,R,h1_ocxo_open_loop,16
CNT,1,5370,2,51615058512,51775074544,rp2040_timer0,100010020,R,h1_ocxo_open_loop,16
CNT,1,5371,2,51791058480,51951074480,rp2040_timer0,100010000,R,h1_ocxo_open_loop,16
CNT,1,5372,2,51967058464,52127074528,rp2040_timer0,100010040,R,h1_ocxo_open_loop,16
CNT,1,5373,2,52143058496,52303074464,rp2040_timer0,100009980,R,h1_ocxo_open_loop,16
CNT,1,5374,2,52319058480,52479074528,rp2040_timer0,100010030,R,h1_ocxo_open_loop,16
CNT,1,5375,2,52495058432,52655074528,rp2040_timer0,100010060,R,h1_ocxo_open_loop,16
CNT,1,5376,2,52671058496,52831074528,rp2040_timer0,100010020,R,h1_ocxo_open_loop,16
CNT,1,5377,2,52847058480,53007074496,rp2040_timer0,100010010,R,h1_ocxo_open_loop,16
CNT,1,5378,2,53023058512,53183074512,rp2040_timer0,100010000,R,h1_ocxo_open_loop,16
CNT,1,5379,2,53199058480,53359074544,rp2040_timer0,100010040,R,h1_ocxo_open_loop,16
CNT,1,5380,2,53375058496,53535074512,rp2040_timer0,100010010,R,h1_ocxo_open_loop,16
CNT,1,5381,2,53551058464,53711074544,rp2040_timer0,100010050,R,h1_ocxo_open_loop,16
CNT,1,5382,2,53727058448,53887074480,rp2040_timer0,100010020,R,h1_ocxo_open_loop,16
CNT,1,5383,2,53903058464,54063074544,rp2040_timer0,100010050,R,h1_ocxo_open_loop,16
CNT,1,5384,2,54079058496,54239074528,rp2040_timer0,100010020,R,h1_ocxo_open_loop,16
CNT,1,5385,2,54255058480,54415074496,rp2040_timer0,100010010,R,h1_ocxo_open_loop,16
CNT,1,5386,2,54431058464,54591074480,rp2040_timer0,100010010,R,h1_ocxo_open_loop,16
CNT,1,5387,2,54607058480,54767074528,rp2040_timer0,100010030,R,h1_ocxo_open_loop,16
CNT,1,5388,2,54783058464,54943074464,rp2040_timer0,100010000,R,h1_ocxo_open_loop,16
CNT,1,5389,2,54959058512,55119074496,rp2040_timer0,100009990,R,h1_ocxo_open_loop,16
CNT,1,5390,2,55135058464,55295074464,rp2040_timer0,100010000,R,h1_ocxo_open_loop,16
CNT,1,5391,2,55311058480,55471074528,rp2040_timer0,100010030,R,h1_ocxo_open_loop,16
CNT,1,5392,2,55487058448,55647074496,rp2040_timer0,100010030,R,h1_ocxo_open_loop,16
CNT,1,5393,2,55663058448,55823074496,rp2040_timer0,100010030,R,h1_ocxo_open_loop,16
CNT,1,5394,2,55839058496,55999074544,rp2040_timer0,100010030,R,h1_ocxo_open_loop,16
CNT,1,5395,2,56015058512,56175074544,rp2040_timer0,100010020,R,h1_ocxo_open_loop,16
CNT,1,5396,2,56191058480,56351074480,rp2040_timer0,100010000,R,h1_ocxo_open_loop,16
CNT,1,5397,2,56367058496,56527074480,rp2040_timer0,100009990,R,h1_ocxo_open_loop,16
CNT,1,5398,2,56543058512,56703074496,rp2040_timer0,100009990,R,h1_ocxo_open_loop,16
CNT,1,5399,2,56719058496,56879074496,rp2040_timer0,100010000,R,h1_ocxo_open_loop,16
CNT,1,5400,2,56895058448,57055074480,rp2040_timer0,100010020,R,h1_ocxo_open_loop,16
CNT,1,5401,2,57071058496,57231074528,rp2040_timer0,100010020,R,h1_ocxo_open_loop,16
CNT,1,5402,2,57247058480,57407074544,rp2040_timer0,100010040,R,h1_ocxo_open_loop,16
CNT,1,5403,2,57423058464,57583074544,rp2040_timer0,100010050,R,h1_ocxo_open_loop,16
CNT,1,5404,2,57599058496,57759074480,rp2040_timer0,100009990,R,h1_ocxo_open_loop,16
CNT,1,5405,2,57775058448,57935074512,rp2040_timer0,100010040,R,h1_ocxo_open_loop,16
CNT,1,5406,2,57951058512,58111074544,rp2040_timer0,100010020,R,h1_ocxo_open_loop,16
CNT,1,5407,2,58127058432,58287074512,rp2040_timer0,100010050,R,h1_ocxo_open_loop,16
CNT,1,5408,2,58303058480,58463074480,rp2040_timer0,100010000,R,h1_ocxo_open_loop,16
CNT,1,5409,2,58479058512,58639074496,rp2040_timer0,100009990,R,h1_ocxo_open_loop,16
CNT,1,5410,2,58655058464,58815074512,rp2040_timer0,100010030,R,h1_ocxo_open_loop,16
CNT,1,5411,2,58831058448,58991074528,rp2040_timer0,100010050,R,h1_ocxo_open_loop,16
CNT,1,5412,2,59007058496,59167074480,rp2040_timer0,100009990,R,h1_ocxo_open_loop,16
CNT,1,5413,2,59183058480,59343074480,rp2040_timer0,100010000,R,h1_ocxo_open_loop,16
CNT,1,5414,2,59359058496,59519074544,rp2040_timer0,100010030,R,h1_ocxo_open_loop,16
CNT,1,5415,2,59535058464,59695074528,rp2040_timer0,100010040,R,h1_ocxo_open_loop,16
CNT,1,5416,2,59711058464,59871074528,rp2040_timer0,100010040,R,h1_ocxo_open_loop,16
CNT,1,5417,2,59887058496,60047074528,rp2040_timer0,100010020,R,h1_ocxo_open_loop,16
CNT,1,5418,2,60063058512,60223074528,rp2040_timer0,100010010,R,h1_ocxo_open_loop,16
CNT,1,5419,2,60239058464,60399074480,rp2040_timer0,100010010,R,h1_ocxo_open_loop,16
CNT,1,5420,2,60415058464,60575074544,rp2040_timer0,100010050,R,h1_ocxo_open_loop,16
CNT,1,5421,2,60591058480,60751074496,rp2040_timer0,100010010,R,h1_ocxo_open_loop,16
CNT,1,5422,2,60767058432,60927074544,rp2040_timer0,100010070,R,h1_ocxo_open_loop,16
CNT,1,5423,2,60943058448,61103074512,rp2040_timer0,100010040,R,h1_ocxo_open_loop,16
CNT,1,5424,2,61119058448,61279074528,rp2040_timer0,100010050,R,h1_ocxo_open_loop,16
CNT,1,5425,2,61295058464,61455074496,rp2040_timer0,100010020,R,h1_ocxo_open_loop,16
CNT,1,5426,2,61471058496,61631074544,rp2040_timer0,100010030,R,h1_ocxo_open_loop,16
CNT,1,5427,2,61647058496,61807074464,rp2040_timer0,100009980,R,h1_ocxo_open_loop,16
CNT,1,5428,2,61823058480,61983074544,rp2040_timer0,100010040,R,h1_ocxo_open_loop,16
CNT,1,5429,2,61999058464,62159074544,rp2040_timer0,100010050,R,h1_ocxo_open_loop,16
CNT,1,5430,2,62175058448,62335074528,rp2040_timer0,100010050,R,h1_ocxo_open_loop,16
CNT,1,5431,2,62351058480,62511074544,rp2040_timer0,100010040,R,h1_ocxo_open_loop,16
CNT,1,5432,2,62527058464,62687074512,rp2040_timer0,100010030,R,h1_ocxo_open_loop,16
CNT,1,5433,2,62703058448,62863074496,rp2040_timer0,100010030,R,h1_ocxo_open_loop,16
CNT,1,5434,2,62879058512,63039074512,rp2040_timer0,100010000,R,h1_ocxo_open_loop,16
CNT,1,5435,2,63055058496,63215074544,rp2040_timer0,100010030,R,h1_ocxo_open_loop,16
CNT,1,5436,2,63231058480,63391074496,rp2040_timer0,100010010,R,h1_ocxo_open_loop,16
CNT,1,5437,2,63407058448,63567074528,rp2040_timer0,100010050,R,h1_ocxo_open_loop,16
CNT,1,5438,2,63583058480,63743074512,rp2040_timer0,100010020,R,h1_ocxo_open_loop,16
CNT,1,5439,2,63759058512,63919074512,rp2040_timer0,100010000,R,h1_ocxo_open_loop,16
CNT,1,5440,2,63935058480,64095074480,rp2040_timer0,100010000,R,h1_ocxo_open_loop,16
CNT,1,5441,2,64111058464,64271074544,rp2040_timer0,100010050,R,h1_ocxo_open_loop,16
CNT,1,5442,2,64287058480,64447074464,rp2040_timer0,100009990,R,h1_ocxo_open_loop,16
CNT,1,5443,2,64463058512,64623074480,rp2040_timer0,100009980,R,h1_ocxo_open_loop,16
CNT,1,5444,2,64639058448,64799074512,rp2040_timer0,100010040,R,h1_ocxo_open_loop,16
CNT,1,5445,2,64815058496,64975074464,rp2040_timer0,100009980,R,h1_ocxo_open_loop,16
CNT,1,5446,2,64991058512,65151074480,rp2040_timer0,100009980,R,h1_ocxo_open_loop,16
CNT,1,5447,2,65167058448,65327074480,rp2040_timer0,100010020,R,h1_ocxo_open_loop,16
CNT,1,5448,2,65343058432,65503074528,rp2040_timer0,100010060,R,h1_ocxo_open_loop,16
CNT,1,5449,2,65519058448,65679074544,rp2040_timer0,100010060,R,h1_ocxo_open_loop,16
CNT,1,5450,2,65695058512,65855074480,rp2040_timer0,100009980,R,h1_ocxo_open_loop,16
CNT,1,5451,2,65871058496,66031074480,rp2040_timer0,100009990,R,h1_ocxo_open_loop,16
CNT,1,5452,2,66047058512,66207074512,rp2040_timer0,100010000,R,h1_ocxo_open_loop,16
CNT,1,5453,2,66223058512,66383074464,rp2040_timer0,100009970,R,h1_ocxo_open_loop,16
CNT,1,5454,2,66399058448,66559074544,rp2040_timer0,100010060,R,h1_ocxo_open_loop,16
CNT,1,5455,2,66575058496,66735074480,rp2040_timer0,100009990,R,h1_ocxo_open_loop,16
CNT,1,5456,2,66751058496,66911074512,rp2040_timer0,100010010,R,h1_ocxo_open_loop,16
CNT,1,5457,2,66927058432,67087074528,rp2040_timer0,100010060,R,h1_ocxo_open_loop,16
CNT,1,5458,2,67103058448,67263074480,rp2040_timer0,100010020,R,h1_ocxo_open_loop,16
CNT,1,5459,2,67279058496,67439074528,rp2040_timer0,100010020,R,h1_ocxo_open_loop,16
CNT,1,5460,2,67455058464,67615074528,rp2040_timer0,100010040,R,h1_ocxo_open_loop,16
CNT,1,5461,2,67631058480,67791074528,rp2040_timer0,100010030,R,h1_ocxo_open_loop,16
CNT,1,5462,2,67807058432,67967074528,rp2040_timer0,100010060,R,h1_ocxo_open_loop,16
CNT,1,5463,2,67983058480,68143074496,rp2040_timer0,100010010,R,h1_ocxo_open_loop,16
CNT,1,5464,2,68159058464,68319074544,rp2040_timer0,100010050,R,h1_ocxo_open_loop,16
CNT,1,5465,2,68335058512,68495074544,rp2040_timer0,100010020,R,h1_ocxo_open_loop,16
CNT,1,5466,2,68511058464,68671074480,rp2040_timer0,100010010,R,h1_ocxo_open_loop,16
CNT,1,5467,2,68687058480,68847074480,rp2040_timer0,100010000,R,h1_ocxo_open_loop,16
CNT,1,5468,2,143581760,303597760,rp2040_timer0,100010000,R,h1_ocxo_open_loop,16
CNT,1,5469,2,319581728,479597728,rp2040_timer0,100010000,R,h1_ocxo_open_loop,16
CNT,1,5470,2,495581776,655597808,rp2040_timer0,100010020,R,h1_ocxo_open_loop,16
CNT,1,5471,2,671581760,831597760,rp2040_timer0,100010000,R,h1_ocxo_open_loop,16
CNT,1,5472,2,847581712,1007597792,rp2040_timer0,100010050,R,h1_ocxo_open_loop,16
CNT,1,5473,2,1023581760,1183597776,rp2040_timer0,100010010,R,h1_ocxo_open_loop,16
CNT,1,5474,2,1199581776,1359597792,rp2040_timer0,100010010,R,h1_ocxo_open_loop,16
CNT,1,5475,2,1375581776,1535597760,rp2040_timer0,100009990,R,h1_ocxo_open_loop,16
CNT,1,5476,2,1551581760,1711597792,rp2040_timer0,100010020,R,h1_ocxo_open_loop,16
CNT,1,5477,2,1727581728,1887597792,rp2040_timer0,100010040,R,h1_ocxo_open_loop,16
CNT,1,5478,2,1903581712,2063597776,rp2040_timer0,100010040,R,h1_ocxo_open_loop,16
CNT,1,5479,2,2079581760,2239597792,rp2040_timer0,100010020,R,h1_ocxo_open_loop,16
CNT,1,5480,2,2255581728,2415597792,rp2040_timer0,100010040,R,h1_ocxo_open_loop,16
CNT,1,5481,2,2431581776,2591597808,rp2040_timer0,100010020,R,h1_ocxo_open_loop,16
CNT,1,5482,2,2607581712,2767597776,rp2040_timer0,100010040,R,h1_ocxo_open_loop,16
CNT,1,5483,2,2783581776,2943597776,rp2040_timer0,100010000,R,h1_ocxo_open_loop,16
CNT,1,5484,2,2959581728,3119597808,rp2040_timer0,100010050,R,h1_ocxo_open_loop,16
CNT,1,5485,2,3135581728,3295597792,rp2040_timer0,100010040,R,h1_ocxo_open_loop,16
CNT,1,5486,2,3311581744,3471597776,rp2040_timer0,100010020,R,h1_ocxo_open_loop,16
CNT,1,5487,2,3487581776,3647597808,rp2040_timer0,100010020,R,h1_ocxo_open_loop,16
CNT,1,5488,2,3663581760,3823597808,rp2040_timer0,100010030,R,h1_ocxo_open_loop,16
CNT,1,5489,2,3839581712,3999597808,rp2040_timer0,100010060,R,h1_ocxo_open_loop,16
CNT,1,5490,2,4015581728,4175597776,rp2040_timer0,100010030,R,h1_ocxo_open_loop,16
CNT,1,5491,2,4191581728,4351597776,rp2040_timer0,100010030,R,h1_ocxo_open_loop,16
CNT,1,5492,2,4367581712,4527597760,rp2040_timer0,100010030,R,h1_ocxo_open_loop,16
CNT,1,5493,2,4543581712,4703597776,rp2040_timer0,100010040,R,h1_ocxo_open_loop,16
CNT,1,5494,2,4719581744,4879597760,rp2040_timer0,100010010,R,h1_ocxo_open_loop,16
CNT,1,5495,2,4895581760,5055597808,rp2040_timer0,100010030,R,h1_ocxo_open_loop,16
CNT,1,5496,2,5071581760,5231597776,rp2040_timer0,100010010,R,h1_ocxo_open_loop,16
CNT,1,5497,2,5247581744,5407597728,rp2040_timer0,100009990,R,h1_ocxo_open_loop,16
CNT,1,5498,2,5423581760,5583597808,rp2040_timer0,100010030,R,h1_ocxo_open_loop,16
CNT,1,5499,2,5599581728,5759597760,rp2040_timer0,100010020,R,h1_ocxo_open_loop,16
CNT,1,5500,2,5775581728,5935597776,rp2040_timer0,100010030,R,h1_ocxo_open_loop,16
CNT,1,5501,2,5951581712,6111597808,rp2040_timer0,100010060,R,h1_ocxo_open_loop,16
CNT,1,5502,2,6127581776,6287597792,rp2040_timer0,100010010,R,h1_ocxo_open_loop,16
CNT,1,5503,2,6303581744,6463597744,rp2040_timer0,100010000,R,h1_ocxo_open_loop,16
CNT,1,5504,2,6479581728,6639597808,rp2040_timer0,100010050,R,h1_ocxo_open_loop,16
CNT,1,5505,2,6655581744,6815597760,rp2040_timer0,100010010,R,h1_ocxo_open_loop,16
CNT,1,5506,2,6831581696,6991597760,rp2040_timer0,100010040,R,h1_ocxo_open_loop,16
CNT,1,5507,2,7007581776,7167597808,rp2040_timer0,100010020,R,h1_ocxo_open_loop,16
CNT,1,5508,2,7183581760,7343597792,rp2040_timer0,100010020,R,h1_ocxo_open_loop,16
CNT,1,5509,2,7359581696,7519597776,rp2040_timer0,100010050,R,h1_ocxo_open_loop,16
CNT,1,5510,2,7535581696,7695597744,rp2040_timer0,100010030,R,h1_ocxo_open_loop,16
CNT,1,5511,2,7711581728,7871597808,rp2040_timer0,100010050,R,h1_ocxo_open_loop,16
CNT,1,5512,2,7887581728,8047597744,rp2040_timer0,100010010,R,h1_ocxo_open_loop,16
CNT,1,5513,2,8063581744,8223597808,rp2040_timer0,100010040,R,h1_ocxo_open_loop,16
CNT,1,5514,2,8239581744,8399597760,rp2040_timer0,100010010,R,h1_ocxo_open_loop,16
CNT,1,5515,2,8415581728,8575597744,rp2040_timer0,100010010,R,h1_ocxo_open_loop,16
CNT,1,5516,2,8591581696,8751597744,rp2040_timer0,100010030,R,h1_ocxo_open_loop,16
CNT,1,5517,2,8767581776,8927597760,rp2040_timer0,100009990,R,h1_ocxo_open_loop,16
CNT,1,5518,2,8943581744,9103597744,rp2040_timer0,100010000,R,h1_ocxo_open_loop,16
CNT,1,5519,2,9119581728,9279597808,rp2040_timer0,100010050,R,h1_ocxo_open_loop,16
CNT,1,5520,2,9295581776,9455597760,rp2040_timer0,100009990,R,h1_ocxo_open_loop,16
CNT,1,5521,2,9471581776,9631597744,rp2040_timer0,100009980,R,h1_ocxo_open_loop,16
CNT,1,5522,2,9647581744,9807597792,rp2040_timer0,100010030,R,h1_ocxo_open_loop,16
CNT,1,5523,2,9823581744,9983597760,rp2040_timer0,100010010,R,h1_ocxo_open_loop,16
CNT,1,5524,2,9999581760,10159597776,rp2040_timer0,100010010,R,h1_ocxo_open_loop,16
CNT,1,5525,2,10175581760,10335597776,rp2040_timer0,100010010,R,h1_ocxo_open_loop,16
CNT,1,5526,2,10351581712,10511597776,rp2040_timer0,100010040,R,h1_ocxo_open_loop,16
CNT,1,5527,2,10527581712,10687597792,rp2040_timer0,100010050,R,h1_ocxo_open_loop,16
CNT,1,5528,2,10703581792,10863597744,rp2040_timer0,100009970,R,h1_ocxo_open_loop,16
CNT,1,5529,2,10879581744,11039597776,rp2040_timer0,100010020,R,h1_ocxo_open_loop,16
CNT,1,5530,2,11055581744,11215597760,rp2040_timer0,100010010,R,h1_ocxo_open_loop,16
CNT,1,5531,2,11231581744,11391597744,rp2040_timer0,100010000,R,h1_ocxo_open_loop,16
CNT,1,5532,2,11407581776,11567597776,rp2040_timer0,100010000,R,h1_ocxo_open_loop,16
CNT,1,5533,2,11583581728,11743597744,rp2040_timer0,100010010,R,h1_ocxo_open_loop,16
CNT,1,5534,2,11759581696,11919597808,rp2040_timer0,100010070,R,h1_ocxo_open_loop,16
CNT,1,5535,2,11935581728,12095597744,rp2040_timer0,100010010,R,h1_ocxo_open_loop,16
CNT,1,5536,2,12111581712,12271597744,rp2040_timer0,100010020,R,h1_ocxo_open_loop,16
CNT,1,5537,2,12287581744,12447597744,rp2040_timer0,100010000,R,h1_ocxo_open_loop,16
CNT,1,5538,2,12463581776,12623597808,rp2040_timer0,100010020,R,h1_ocxo_open_loop,16
CNT,1,5539,2,12639581760,12799597808,rp2040_timer0,100010030,R,h1_ocxo_open_loop,16
CNT,1,5540,2,12815581744,12975597792,rp2040_timer0,100010030,R,h1_ocxo_open_loop,16
CNT,1,5541,2,12991581728,13151597792,rp2040_timer0,100010040,R,h1_ocxo_open_loop,16
CNT,1,5542,2,13167581728,13327597760,rp2040_timer0,100010020,R,h1_ocxo_open_loop,16
CNT,1,5543,2,13343581696,13503597808,rp2040_timer0,100010070,R,h1_ocxo_open_loop,16
CNT,1,5544,2,13519581728,13679597776,rp2040_timer0,100010030,R,h1_ocxo_open_loop,16
CNT,1,5545,2,13695581776,13855597744,rp2040_timer0,100009980,R,h1_ocxo_open_loop,16
CNT,1,5546,2,13871581776,14031597760,rp2040_timer0,100009990,R,h1_ocxo_open_loop,16
CNT,1,5547,2,14047581776,14207597760,rp2040_timer0,100009990,R,h1_ocxo_open_loop,16
CNT,1,5548,2,14223581712,14383597760,rp2040_timer0,100010030,R,h1_ocxo_open_loop,16
CNT,1,5549,2,14399581776,14559597792,rp2040_timer0,100010010,R,h1_ocxo_open_loop,16
CNT,1,5550,2,14575581744,14735597808,rp2040_timer0,100010040,R,h1_ocxo_open_loop,16
CNT,1,5551,2,14751581744,14911597808,rp2040_timer0,100010040,R,h1_ocxo_open_loop,16
CNT,1,5552,2,14927581744,15087597792,rp2040_timer0,100010030,R,h1_ocxo_open_loop,16
CNT,1,5553,2,15103581776,15263597776,rp2040_timer0,100010000,R,h1_ocxo_open_loop,16
CNT,1,5554,2,15279581712,15439597744,rp2040_timer0,100010020,R,h1_ocxo_open_loop,16
CNT,1,5555,2,15455581728,15615597792,rp2040_timer0,100010040,R,h1_ocxo_open_loop,16
CNT,1,5556,2,15631581760,15791597792,rp2040_timer0,100010020,R,h1_ocxo_open_loop,16
CNT,1,5557,2,15807581760,15967597792,rp2040_timer0,100010020,R,h1_ocxo_open_loop,16
CNT,1,5558,2,15983581760,16143597808,rp2040_timer0,100010030,R,h1_ocxo_open_loop,16
CNT,1,5559,2,16159581712,16319597776,rp2040_timer0,100010040,R,h1_ocxo_open_loop,16
CNT,1,5560,2,16335581776,16495597760,rp2040_timer0,100009990,R,h1_ocxo_open_loop,16
CNT,1,5561,2,16511581712,16671597776,rp2040_timer0,100010040,R,h1_ocxo_open_loop,16
CNT,1,5562,2,16687581760,16847597808,rp2040_timer0,100010030,R,h1_ocxo_open_loop,16
CNT,1,5563,2,16863581744,17023597792,rp2040_timer0,100010030,R,h1_ocxo_open_loop,16
CNT,1,5564,2,17039581760,17199597776,rp2040_timer0,100010010,R,h1_ocxo_open_loop,16
CNT,1,5565,2,17215581712,17375597808,rp2040_timer0,100010060,R,h1_ocxo_open_loop,16
CNT,1,5566,2,17391581760,17551597808,rp2040_timer0,100010030,R,h1_ocxo_open_loop,16
CNT,1,5567,2,17567581728,17727597776,rp2040_timer0,100010030,R,h1_ocxo_open_loop,16
CNT,1,5568,2,17743581712,17903597760,rp2040_timer0,100010030,R,h1_ocxo_open_loop,16
CNT,1,5569,2,17919581728,18079597808,rp2040_timer0,100010050,R,h1_ocxo_open_loop,16
CNT,1,5570,2,18095581760,18255597728,rp2040_timer0,100009980,R,h1_ocxo_open_loop,16
CNT,1,5571,2,18271581728,18431597744,rp2040_timer0,100010010,R,h1_ocxo_open_loop,16
CNT,1,5572,2,18447581712,18607597744,rp2040_timer0,100010020,R,h1_ocxo_open_loop,16
CNT,1,5573,2,18623581744,18783597744,rp2040_timer0,100010000,R,h1_ocxo_open_loop,16
CNT,1,5574,2,18799581744,18959597744,rp2040_timer0,100010000,R,h1_ocxo_open_loop,16
CNT,1,5575,2,18975581728,19135597792,rp2040_timer0,100010040,R,h1_ocxo_open_loop,16
CNT,1,5576,2,19151581696,19311597776,rp2040_timer0,100010050,R,h1_ocxo_open_loop,16
CNT,1,5577,2,19327581712,19487597760,rp2040_timer0,100010030,R,h1_ocxo_open_loop,16
CNT,1,5578,2,19503581744,19663597792,rp2040_timer0,100010030,R,h1_ocxo_open_loop,16
CNT,1,5579,2,19679581728,19839597776,rp2040_timer0,100010030,R,h1_ocxo_open_loop,16
CNT,1,5580,2,19855581760,20015597760,rp2040_timer0,100010000,R,h1_ocxo_open_loop,16
CNT,1,5581,2,20031581744,20191597744,rp2040_timer0,100010000,R,h1_ocxo_open_loop,16
CNT,1,5582,2,20207581712,20367597760,rp2040_timer0,100010030,R,h1_ocxo_open_loop,16
CNT,1,5583,2,20383581728,20543597744,rp2040_timer0,100010010,R,h1_ocxo_open_loop,16
CNT,1,5584,2,20559581728,20719597808,rp2040_timer0,100010050,R,h1_ocxo_open_loop,16
CNT,1,5585,2,20735581776,20895597760,rp2040_timer0,100009990,R,h1_ocxo_open_loop,16
CNT,1,5586,2,20911581744,21071597760,rp2040_timer0,100010010,R,h1_ocxo_open_loop,16
CNT,1,5587,2,21087581744,21247597728,rp2040_timer0,100009990,R,h1_ocxo_open_loop,16
CNT,1,5588,2,21263581744,21423597760,rp2040_timer0,100010010,R,h1_ocxo_open_loop,16
CNT,1,5589,2,21439581712,21599597776,rp2040_timer0,100010040,R,h1_ocxo_open_loop,16
CNT,1,5590,2,21615581760,21775597760,rp2040_timer0,100010000,R,h1_ocxo_open_loop,16
CNT,1,5591,2,21791581712,21951597808,rp2040_timer0,100010060,R,h1_ocxo_open_loop,16
CNT,1,5592,2,21967581760,22127597760,rp2040_timer0,100010000,R,h1_ocxo_open_loop,16
CNT,1,5593,2,22143581728,22303597792,rp2040_timer0,100010040,R,h1_ocxo_open_loop,16
CNT,1,5594,2,22319581760,22479597792,rp2040_timer0,100010020,R,h1_ocxo_open_loop,16
CNT,1,5595,2,22495581696,22655597792,rp2040_timer0,100010060,R,h1_ocxo_open_loop,16
CNT,1,5596,2,22671581712,22831597728,rp2040_timer0,100010010,R,h1_ocxo_open_loop,16
CNT,1,5597,2,22847581712,23007597776,rp2040_timer0,100010040,R,h1_ocxo_open_loop,16
CNT,1,5598,2,23023581744,23183597760,rp2040_timer0,100010010,R,h1_ocxo_open_loop,16
CNT,1,5599,2,23199581728,23359597792,rp2040_timer0,100010040,R,h1_ocxo_open_loop,16
CNT,1,5600,2,23375581760,23535597728,rp2040_timer0,100009980,R,h1_ocxo_open_loop,16
CNT,1,5601,2,23551581744,23711597744,rp2040_timer0,100010000,R,h1_ocxo_open_loop,16
CNT,1,5602,2,23727581696,23887597808,rp2040_timer0,100010070,R,h1_ocxo_open_loop,16
CNT,1,5603,2,23903581776,24063597760,rp2040_timer0,100009990,R,h1_ocxo_open_loop,16
CNT,1,5604,2,24079581760,24239597808,rp2040_timer0,100010030,R,h1_ocxo_open_loop,16
CNT,1,5605,2,24255581744,24415597776,rp2040_timer0,100010020,R,h1_ocxo_open_loop,16
CNT,1,5606,2,24431581744,24591597744,rp2040_timer0,100010000,R,h1_ocxo_open_loop,16
CNT,1,5607,2,24607581696,24767597760,rp2040_timer0,100010040,R,h1_ocxo_open_loop,16
CNT,1,5608,2,24783581776,24943597744,rp2040_timer0,100009980,R,h1_ocxo_open_loop,16
CNT,1,5609,2,24959581696,25119597792,rp2040_timer0,100010060,R,h1_ocxo_open_loop,16
CNT,1,5610,2,25135581744,25295597792,rp2040_timer0,100010030,R,h1_ocxo_open_loop,16
CNT,1,5611,2,25311581696,25471597760,rp2040_timer0,100010040,R,h1_ocxo_open_loop,16
CNT,1,5612,2,25487581696,25647597808,rp2040_timer0,100010070,R,h1_ocxo_open_loop,16
CNT,1,5613,2,25663581776,25823597760,rp2040_timer0,100009990,R,h1_ocxo_open_loop,16
CNT,1,5614,2,25839581728,25999597792,rp2040_timer0,100010040,R,h1_ocxo_open_loop,16
CNT,1,5615,2,26015581744,26175597808,rp2040_timer0,100010040,R,h1_ocxo_open_loop,16
CNT,1,5616,2,26191581744,26351597728,rp2040_timer0,100009990,R,h1_ocxo_open_loop,16
CNT,1,5617,2,26367581712,26527597760,rp2040_timer0,100010030,R,h1_ocxo_open_loop,16
CNT,1,5618,2,26543581760,26703597808,rp2040_timer0,100010030,R,h1_ocxo_open_loop,16
CNT,1,5619,2,26719581776,26879597744,rp2040_timer0,100009980,R,h1_ocxo_open_loop,16
CNT,1,5620,2,26895581712,27055597760,rp2040_timer0,100010030,R,h1_ocxo_open_loop,16
CNT,1,5621,2,27071581728,27231597808,rp2040_timer0,100010050,R,h1_ocxo_open_loop,16
CNT,1,5622,2,27247581728,27407597776,rp2040_timer0,100010030,R,h1_ocxo_open_loop,16
CNT,1,5623,2,27423581728,27583597776,rp2040_timer0,100010030,R,h1_ocxo_open_loop,16
CNT,1,5624,2,27599581712,27759597808,rp2040_timer0,100010060,R,h1_ocxo_open_loop,16
CNT,1,5625,2,27775581776,27935597744,rp2040_timer0,100009980,R,h1_ocxo_open_loop,16
CNT,1,5626,2,27951581712,28111597744,rp2040_timer0,100010020,R,h1_ocxo_open_loop,16
CNT,1,5627,2,28127581712,28287597808,rp2040_timer0,100010060,R,h1_ocxo_open_loop,16
CNT,1,5628,2,28303581776,28463597792,rp2040_timer0,100010010,R,h1_ocxo_open_loop,16
CNT,1,5629,2,28479581760,28639597808,rp2040_timer0,100010030,R,h1_ocxo_open_loop,16
CNT,1,5630,2,28655581712,28815597776,rp2040_timer0,100010040,R,h1_ocxo_open_loop,16
CNT,1,5631,2,28831581760,28991597808,rp2040_timer0,100010030,R,h1_ocxo_open_loop,16
CNT,1,5632,2,29007581696,29167597744,rp2040_timer0,100010030,R,h1_ocxo_open_loop,16
CNT,1,5633,2,29183581760,29343597760,rp2040_timer0,100010000,R,h1_ocxo_open_loop,16
CNT,1,5634,2,29359581728,29519597792,rp2040_timer0,100010040,R,h1_ocxo_open_loop,16
CNT,1,5635,2,29535581760,29695597760,rp2040_timer0,100010000,R,h1_ocxo_open_loop,16
CNT,1,5636,2,29711581744,29871597760,rp2040_timer0,100010010,R,h1_ocxo_open_loop,16
CNT,1,5637,2,29887581712,30047597808,rp2040_timer0,100010060,R,h1_ocxo_open_loop,16
CNT,1,5638,2,30063581712,30223597776,rp2040_timer0,100010040,R,h1_ocxo_open_loop,16
CNT,1,5639,2,30239581760,30399597808,rp2040_timer0,100010030,R,h1_ocxo_open_loop,16
CNT,1,5640,2,30415581712,30575597760,rp2040_timer0,100010030,R,h1_ocxo_open_loop,16
CNT,1,5641,2,30591581760,30751597808,rp2040_timer0,100010030,R,h1_ocxo_open_loop,16
CNT,1,5642,2,30767581760,30927597792,rp2040_timer0,100010020,R,h1_ocxo_open_loop,16
CNT,1,5643,2,30943581776,31103597808,rp2040_timer0,100010020,R,h1_ocxo_open_loop,16
CNT,1,5644,2,31119581776,31279597744,rp2040_timer0,100009980,R,h1_ocxo_open_loop,16
CNT,1,5645,2,31295581760,31455597760,rp2040_timer0,100010000,R,h1_ocxo_open_loop,16
CNT,1,5646,2,31471581760,31631597776,rp2040_timer0,100010010,R,h1_ocxo_open_loop,16
CNT,1,5647,2,31647581696,31807597744,rp2040_timer0,100010030,R,h1_ocxo_open_loop,16
CNT,1,5648,2,31823581728,31983597776,rp2040_timer0,100010030,R,h1_ocxo_open_loop,16
CNT,1,5649,2,31999581760,32159597776,rp2040_timer0,100010010,R,h1_ocxo_open_loop,16
CNT,1,5650,2,32175581760,32335597760,rp2040_timer0,100010000,R,h1_ocxo_open_loop,16
CNT,1,5651,2,32351581712,32511597744,rp2040_timer0,100010020,R,h1_ocxo_open_loop,16
CNT,1,5652,2,32527581760,32687597776,rp2040_timer0,100010010,R,h1_ocxo_open_loop,16
CNT,1,5653,2,32703581712,32863597776,rp2040_timer0,100010040,R,h1_ocxo_open_loop,16
CNT,1,5654,2,32879581712,33039597808,rp2040_timer0,100010060,R,h1_ocxo_open_loop,16
CNT,1,5655,2,33055581712,33215597744,rp2040_timer0,100010020,R,h1_ocxo_open_loop,16
CNT,1,5656,2,33231581776,33391597744,rp2040_timer0,100009980,R,h1_ocxo_open_loop,16
CNT,1,5657,2,33407581760,33567597744,rp2040_timer0,100009990,R,h1_ocxo_open_loop,16
CNT,1,5658,2,33583581744,33743597744,rp2040_timer0,100010000,R,h1_ocxo_open_loop,16
CNT,1,5659,2,33759581728,33919597808,rp2040_timer0,100010050,R,h1_ocxo_open_loop,16
CNT,1,5660,2,33935581728,34095597808,rp2040_timer0,100010050,R,h1_ocxo_open_loop,16
CNT,1,5661,2,34111581744,34271597808,rp2040_timer0,100010040,R,h1_ocxo_open_loop,16
CNT,1,5662,2,34287581712,34447597744,rp2040_timer0,100010020,R,h1_ocxo_open_loop,16
CNT,1,5663,2,34463581728,34623597792,rp2040_timer0,100010040,R,h1_ocxo_open_loop,16
CNT,1,5664,2,34639581744,34799597792,rp2040_timer0,100010030,R,h1_ocxo_open_loop,16
CNT,1,5665,2,34815581776,34975597744,rp2040_timer0,100009980,R,h1_ocxo_open_loop,16
CNT,1,5666,2,34991581712,35151597744,rp2040_timer0,100010020,R,h1_ocxo_open_loop,16
CNT,1,5667,2,35167581696,35327597776,rp2040_timer0,100010050,R,h1_ocxo_open_loop,16
CNT,1,5668,2,35343581744,35503597744,rp2040_timer0,100010000,R,h1_ocxo_open_loop,16
CNT,1,5669,2,35519581744,35679597808,rp2040_timer0,100010040,R,h1_ocxo_open_loop,16
CNT,1,5670,2,35695581696,35855597792,rp2040_timer0,100010060,R,h1_ocxo_open_loop,16
CNT,1,5671,2,35871581728,36031597744,rp2040_timer0,100010010,R,h1_ocxo_open_loop,16
CNT,1,5672,2,36047581696,36207597808,rp2040_timer0,100010070,R,h1_ocxo_open_loop,16
CNT,1,5673,2,36223581744,36383597808,rp2040_timer0,100010040,R,h1_ocxo_open_loop,16
CNT,1,5674,2,36399581776,36559597776,rp2040_timer0,100010000,R,h1_ocxo_open_loop,16
CNT,1,5675,2,36575581712,36735597744,rp2040_timer0,100010020,R,h1_ocxo_open_loop,16
CNT,1,5676,2,36751581776,36911597744,rp2040_timer0,100009980,R,h1_ocxo_open_loop,16
CNT,1,5677,2,36927581728,37087597792,rp2040_timer0,100010040,R,h1_ocxo_open_loop,16
CNT,1,5678,2,37103581696,37263597792,rp2040_timer0,100010060,R,h1_ocxo_open_loop,16
CNT,1,5679,2,37279581728,37439597760,rp2040_timer0,100010020,R,h1_ocxo_open_loop,16
CNT,1,5680,2,37455581760,37615597792,rp2040_timer0,100010020,R,h1_ocxo_open_loop,16
CNT,1,5681,2,37631581744,37791597760,rp2040_timer0,100010010,R,h1_ocxo_open_loop,16
CNT,1,5682,2,37807581760,37967597776,rp2040_timer0,100010010,R,h1_ocxo_open_loop,16
CNT,1,5683,2,37983581760,38143597792,rp2040_timer0,100010020,R,h1_ocxo_open_loop,16
CNT,1,5684,2,38159581744,38319597744,rp2040_timer0,100010000,R,h1_ocxo_open_loop,16
CNT,1,5685,2,38335581728,38495597792,rp2040_timer0,100010040,R,h1_ocxo_open_loop,16
CNT,1,5686,2,38511581712,38671597760,rp2040_timer0,100010030,R,h1_ocxo_open_loop,16
CNT,1,5687,2,38687581744,38847597792,rp2040_timer0,100010030,R,h1_ocxo_open_loop,16
CNT,1,5688,2,38863581760,39023597776,rp2040_timer0,100010010,R,h1_ocxo_open_loop,16
CNT,1,5689,2,39039581776,39199597808,rp2040_timer0,100010020,R,h1_ocxo_open_loop,16
CNT,1,5690,2,39215581696,39375597744,rp2040_timer0,100010030,R,h1_ocxo_open_loop,16
CNT,1,5691,2,39391581728,39551597792,rp2040_timer0,100010040,R,h1_ocxo_open_loop,16
CNT,1,5692,2,39567581728,39727597776,rp2040_timer0,100010030,R,h1_ocxo_open_loop,16
CNT,1,5693,2,39743581744,39903597760,rp2040_timer0,100010010,R,h1_ocxo_open_loop,16
CNT,1,5694,2,39919581776,40079597760,rp2040_timer0,100009990,R,h1_ocxo_open_loop,16
CNT,1,5695,2,40095581712,40255597776,rp2040_timer0,100010040,R,h1_ocxo_open_loop,16
CNT,1,5696,2,40271581728,40431597808,rp2040_timer0,100010050,R,h1_ocxo_open_loop,16
CNT,1,5697,2,40447581744,40607597792,rp2040_timer0,100010030,R,h1_ocxo_open_loop,16
CNT,1,5698,2,40623581728,40783597760,rp2040_timer0,100010020,R,h1_ocxo_open_loop,16
CNT,1,5699,2,40799581712,40959597760,rp2040_timer0,100010030,R,h1_ocxo_open_loop,16
CNT,1,5700,2,40975581728,41135597808,rp2040_timer0,100010050,R,h1_ocxo_open_loop,16
CNT,1,5701,2,41151581776,41311597760,rp2040_timer0,100009990,R,h1_ocxo_open_loop,16
CNT,1,5702,2,41327581760,41487597728,rp2040_timer0,100009980,R,h1_ocxo_open_loop,16
CNT,1,5703,2,41503581728,41663597760,rp2040_timer0,100010020,R,h1_ocxo_open_loop,16
CNT,1,5704,2,41679581728,41839597792,rp2040_timer0,100010040,R,h1_ocxo_open_loop,16
CNT,1,5705,2,41855581760,42015597744,rp2040_timer0,100009990,R,h1_ocxo_open_loop,16
CNT,1,5706,2,42031581728,42191597760,rp2040_timer0,100010020,R,h1_ocxo_open_loop,16
CNT,1,5707,2,42207581760,42367597792,rp2040_timer0,100010020,R,h1_ocxo_open_loop,16
CNT,1,5708,2,42383581744,42543597744,rp2040_timer0,100010000,R,h1_ocxo_open_loop,16
CNT,1,5709,2,42559581712,42719597792,rp2040_timer0,100010050,R,h1_ocxo_open_loop,16
CNT,1,5710,2,42735581728,42895597744,rp2040_timer0,100010010,R,h1_ocxo_open_loop,16
CNT,1,5711,2,42911581728,43071597792,rp2040_timer0,100010040,R,h1_ocxo_open_loop,16
CNT,1,5712,2,43087581760,43247597792,rp2040_timer0,100010020,R,h1_ocxo_open_loop,16
CNT,1,5713,2,43263581728,43423597728,rp2040_timer0,100010000,R,h1_ocxo_open_loop,16
CNT,1,5714,2,43439581728,43599597760,rp2040_timer0,100010020,R,h1_ocxo_open_loop,16
CNT,1,5715,2,43615581712,43775597808,rp2040_timer0,100010060,R,h1_ocxo_open_loop,16
CNT,1,5716,2,43791581744,43951597760,rp2040_timer0,100010010,R,h1_ocxo_open_loop,16
CNT,1,5717,2,43967581760,44127597792,rp2040_timer0,100010020,R,h1_ocxo_open_loop,16
CNT,1,5718,2,44143581760,44303597808,rp2040_timer0,100010030,R,h1_ocxo_open_loop,16
CNT,1,5719,2,44319581744,44479597744,rp2040_timer0,100010000,R,h1_ocxo_open_loop,16
CNT,1,5720,2,44495581728,44655597776,rp2040_timer0,100010030,R,h1_ocxo_open_loop,16
CNT,1,5721,2,44671581712,44831597728,rp2040_timer0,100010010,R,h1_ocxo_open_loop,16
CNT,1,5722,2,44847581728,45007597808,rp2040_timer0,100010050,R,h1_ocxo_open_loop,16
CNT,1,5723,2,45023581744,45183597792,rp2040_timer0,100010030,R,h1_ocxo_open_loop,16
CNT,1,5724,2,45199581744,45359597808,rp2040_timer0,100010040,R,h1_ocxo_open_loop,16
CNT,1,5725,2,45375581760,45535597776,rp2040_timer0,100010010,R,h1_ocxo_open_loop,16
CNT,1,5726,2,45551581712,45711597776,rp2040_timer0,100010040,R,h1_ocxo_open_loop,16
CNT,1,5727,2,45727581760,45887597744,rp2040_timer0,100009990,R,h1_ocxo_open_loop,16
CNT,1,5728,2,45903581696,46063597760,rp2040_timer0,100010040,R,h1_ocxo_open_loop,16
CNT,1,5729,2,46079581712,46239597776,rp2040_timer0,100010040,R,h1_ocxo_open_loop,16
CNT,1,5730,2,46255581760,46415597776,rp2040_timer0,100010010,R,h1_ocxo_open_loop,16
CNT,1,5731,2,46431581712,46591597808,rp2040_timer0,100010060,R,h1_ocxo_open_loop,16
CNT,1,5732,2,46607581744,46767597776,rp2040_timer0,100010020,R,h1_ocxo_open_loop,16
CNT,1,5733,2,46783581728,46943597792,rp2040_timer0,100010040,R,h1_ocxo_open_loop,16
CNT,1,5734,2,46959581728,47119597808,rp2040_timer0,100010050,R,h1_ocxo_open_loop,16
CNT,1,5735,2,47135581760,47295597776,rp2040_timer0,100010010,R,h1_ocxo_open_loop,16
CNT,1,5736,2,47311581712,47471597760,rp2040_timer0,100010030,R,h1_ocxo_open_loop,16
CNT,1,5737,2,47487581776,47647597760,rp2040_timer0,100009990,R,h1_ocxo_open_loop,16
CNT,1,5738,2,47663581728,47823597760,rp2040_timer0,100010020,R,h1_ocxo_open_loop,16
CNT,1,5739,2,47839581728,47999597792,rp2040_timer0,100010040,R,h1_ocxo_open_loop,16
CNT,1,5740,2,48015581744,48175597792,rp2040_timer0,100010030,R,h1_ocxo_open_loop,16
CNT,1,5741,2,48191581696,48351597808,rp2040_timer0,100010070,R,h1_ocxo_open_loop,16
CNT,1,5742,2,48367581824,48527597728,rp2040_timer0,100009940,R,h1_ocxo_open_loop,16
CNT,1,5743,2,48543581760,48703597776,rp2040_timer0,100010010,R,h1_ocxo_open_loop,16
CNT,1,5744,2,48719581728,48879597760,rp2040_timer0,100010020,R,h1_ocxo_open_loop,16
CNT,1,5745,2,48895581776,49055597808,rp2040_timer0,100010020,R,h1_ocxo_open_loop,16
CNT,1,5746,2,49071581696,49231597776,rp2040_timer0,100010050,R,h1_ocxo_open_loop,16
CNT,1,5747,2,49247581712,49407597760,rp2040_timer0,100010030,R,h1_ocxo_open_loop,16
CNT,1,5748,2,49423581728,49583597792,rp2040_timer0,100010040,R,h1_ocxo_open_loop,16
CNT,1,5749,2,49599581712,49759597776,rp2040_timer0,100010040,R,h1_ocxo_open_loop,16
CNT,1,5750,2,49775581776,49935597744,rp2040_timer0,100009980,R,h1_ocxo_open_loop,16
CNT,1,5751,2,49951581744,50111597776,rp2040_timer0,100010020,R,h1_ocxo_open_loop,16
CNT,1,5752,2,50127581760,50287597744,rp2040_timer0,100009990,R,h1_ocxo_open_loop,16
CNT,1,5753,2,50303581744,50463597776,rp2040_timer0,100010020,R,h1_ocxo_open_loop,16
CNT,1,5754,2,50479581712,50639597744,rp2040_timer0,100010020,R,h1_ocxo_open_loop,16
CNT,1,5755,2,50655581744,50815597776,rp2040_timer0,100010020,R,h1_ocxo_open_loop,16
CNT,1,5756,2,50831581760,50991597792,rp2040_timer0,100010020,R,h1_ocxo_open_loop,16
CNT,1,5757,2,51007581728,51167597792,rp2040_timer0,100010040,R,h1_ocxo_open_loop,16
CNT,1,5758,2,51183581712,51343597744,rp2040_timer0,100010020,R,h1_ocxo_open_loop,16
CNT,1,5759,2,51359581712,51519597744,rp2040_timer0,100010020,R,h1_ocxo_open_loop,16
CNT,1,5760,2,51535581712,51695597808,rp2040_timer0,100010060,R,h1_ocxo_open_loop,16
CNT,1,5761,2,51711581744,51871597728,rp2040_timer0,100009990,R,h1_ocxo_open_loop,16
CNT,1,5762,2,51887581776,52047597776,rp2040_timer0,100010000,R,h1_ocxo_open_loop,16
CNT,1,5763,2,52063581744,52223597792,rp2040_timer0,100010030,R,h1_ocxo_open_loop,16
CNT,1,5764,2,52239581760,52399597808,rp2040_timer0,100010030,R,h1_ocxo_open_loop,16
CNT,1,5765,2,52415581744,52575597792,rp2040_timer0,100010030,R,h1_ocxo_open_loop,16
CNT,1,5766,2,52591581728,52751597760,rp2040_timer0,100010020,R,h1_ocxo_open_loop,16
CNT,1,5767,2,52767581776,52927597744,rp2040_timer0,100009980,R,h1_ocxo_open_loop,16
CNT,1,5768,2,52943581712,53103597776,rp2040_timer0,100010040,R,h1_ocxo_open_loop,16
CNT,1,5769,2,53119581776,53279597760,rp2040_timer0,100009990,R,h1_ocxo_open_loop,16
CNT,1,5770,2,53295581712,53455597776,rp2040_timer0,100010040,R,h1_ocxo_open_loop,16
CNT,1,5771,2,53471581744,53631597792,rp2040_timer0,100010030,R,h1_ocxo_open_loop,16
CNT,1,5772,2,53647581712,53807597808,rp2040_timer0,100010060,R,h1_ocxo_open_loop,16
CNT,1,5773,2,53823581744,53983597744,rp2040_timer0,100010000,R,h1_ocxo_open_loop,16
CNT,1,5774,2,53999581696,54159597808,rp2040_timer0,100010070,R,h1_ocxo_open_loop,16
CNT,1,5775,2,54175581776,54335597744,rp2040_timer0,100009980,R,h1_ocxo_open_loop,16
CNT,1,5776,2,54351581712,54511597760,rp2040_timer0,100010030,R,h1_ocxo_open_loop,16
CNT,1,5777,2,54527581744,54687597744,rp2040_timer0,100010000,R,h1_ocxo_open_loop,16
CNT,1,5778,2,54703581776,54863597808,rp2040_timer0,100010020,R,h1_ocxo_open_loop,16
CNT,1,5779,2,54879581760,55039597776,rp2040_timer0,100010010,R,h1_ocxo_open_loop,16
CNT,1,5780,2,55055581728,55215597792,rp2040_timer0,100010040,R,h1_ocxo_open_loop,16
CNT,1,5781,2,55231581712,55391597776,rp2040_timer0,100010040,R,h1_ocxo_open_loop,16
CNT,1,5782,2,55407581696,55567597744,rp2040_timer0,100010030,R,h1_ocxo_open_loop,16
CNT,1,5783,2,55583581712,55743597792,rp2040_timer0,100010050,R,h1_ocxo_open_loop,16
CNT,1,5784,2,55759581696,55919597792,rp2040_timer0,100010060,R,h1_ocxo_open_loop,16
CNT,1,5785,2,55935581728,56095597760,rp2040_timer0,100010020,R,h1_ocxo_open_loop,16
CNT,1,5786,2,56111581728,56271597744,rp2040_timer0,100010010,R,h1_ocxo_open_loop,16
CNT,1,5787,2,56287581760,56447597776,rp2040_timer0,100010010,R,h1_ocxo_open_loop,16
CNT,1,5788,2,56463581696,56623597760,rp2040_timer0,100010040,R,h1_ocxo_open_loop,16
CNT,1,5789,2,56639581776,56799597760,rp2040_timer0,100009990,R,h1_ocxo_open_loop,16
CNT,1,5790,2,56815581744,56975597776,rp2040_timer0,100010020,R,h1_ocxo_open_loop,16
CNT,1,5791,2,56991581744,57151597760,rp2040_timer0,100010010,R,h1_ocxo_open_loop,16
CNT,1,5792,2,57167581728,57327597744,rp2040_timer0,100010010,R,h1_ocxo_open_loop,16
CNT,1,5793,2,57343581776,57503597776,rp2040_timer0,100010000,R,h1_ocxo_open_loop,16
CNT,1,5794,2,57519581728,57679597792,rp2040_timer0,100010040,R,h1_ocxo_open_loop,16
CNT,1,5795,2,57695581728,57855597792,rp2040_timer0,100010040,R,h1_ocxo_open_loop,16
CNT,1,5796,2,57871581776,58031597792,rp2040_timer0,100010010,R,h1_ocxo_open_loop,16
CNT,1,5797,2,58047581696,58207597776,rp2040_timer0,100010050,R,h1_ocxo_open_loop,16
CNT,1,5798,2,58223581776,58383597776,rp2040_timer0,100010000,R,h1_ocxo_open_loop,16
CNT,1,5799,2,58399581712,58559597776,rp2040_timer0,100010040,R,h1_ocxo_open_loop,16
CNT,1,5800,2,58575581712,58735597808,rp2040_timer0,100010060,R,h1_ocxo_open_loop,16
CNT,1,5801,2,58751581728,58911597776,rp2040_timer0,100010030,R,h1_ocxo_open_loop,16
CNT,1,5802,2,58927581776,59087597808,rp2040_timer0,100010020,R,h1_ocxo_open_loop,16
CNT,1,5803,2,59103581760,59263597776,rp2040_timer0,100010010,R,h1_ocxo_open_loop,16
CNT,1,5804,2,59279581760,59439597808,rp2040_timer0,100010030,R,h1_ocxo_open_loop,16
CNT,1,5805,2,59455581744,59615597744,rp2040_timer0,100010000,R,h1_ocxo_open_loop,16
CNT,1,5806,2,59631581760,59791597776,rp2040_timer0,100010010,R,h1_ocxo_open_loop,16
CNT,1,5807,2,59807581744,59967597744,rp2040_timer0,100010000,R,h1_ocxo_open_loop,16
CNT,1,5808,2,59983581712,60143597808,rp2040_timer0,100010060,R,h1_ocxo_open_loop,16
CNT,1,5809,2,60159581744,60319597760,rp2040_timer0,100010010,R,h1_ocxo_open_loop,16
CNT,1,5810,2,60335581744,60495597808,rp2040_timer0,100010040,R,h1_ocxo_open_loop,16
CNT,1,5811,2,60511581776,60671597808,rp2040_timer0,100010020,R,h1_ocxo_open_loop,16
CNT,1,5812,2,60687581776,60847597776,rp2040_timer0,100010000,R,h1_ocxo_open_loop,16
CNT,1,5813,2,60863581712,61023597744,rp2040_timer0,100010020,R,h1_ocxo_open_loop,16
CNT,1,5814,2,61039581712,61199597776,rp2040_timer0,100010040,R,h1_ocxo_open_loop,16
CNT,1,5815,2,61215581728,61375597760,rp2040_timer0,100010020,R,h1_ocxo_open_loop,16
CNT,1,5816,2,61391581760,61551597744,rp2040_timer0,100009990,R,h1_ocxo_open_loop,16
CNT,1,5817,2,61567581712,61727597776,rp2040_timer0,100010040,R,h1_ocxo_open_loop,16
CNT,1,5818,2,61743581776,61903597744,rp2040_timer0,100009980,R,h1_ocxo_open_loop,16
CNT,1,5819,2,61919581744,62079597760,rp2040_timer0,100010010,R,h1_ocxo_open_loop,16
CNT,1,5820,2,62095581712,62255597792,rp2040_timer0,100010050,R,h1_ocxo_open_loop,16
CNT,1,5821,2,62271581712,62431597760,rp2040_timer0,100010030,R,h1_ocxo_open_loop,16
CNT,1,5822,2,62447581728,62607597776,rp2040_timer0,100010030,R,h1_ocxo_open_loop,16
CNT,1,5823,2,62623581712,62783597728,rp2040_timer0,100010010,R,h1_ocxo_open_loop,16
CNT,1,5824,2,62799581712,62959597776,rp2040_timer0,100010040,R,h1_ocxo_open_loop,16
CNT,1,5825,2,62975581696,63135597728,rp2040_timer0,100010020,R,h1_ocxo_open_loop,16
CNT,1,5826,2,63151581760,63311597744,rp2040_timer0,100009990,R,h1_ocxo_open_loop,16
CNT,1,5827,2,63327581744,63487597808,rp2040_timer0,100010040,R,h1_ocxo_open_loop,16
CNT,1,5828,2,63503581696,63663597744,rp2040_timer0,100010030,R,h1_ocxo_open_loop,16
CNT,1,5829,2,63679581712,63839597808,rp2040_timer0,100010060,R,h1_ocxo_open_loop,16
CNT,1,5830,2,63855581776,64015597776,rp2040_timer0,100010000,R,h1_ocxo_open_loop,16
CNT,1,5831,2,64031581760,64191597744,rp2040_timer0,100009990,R,h1_ocxo_open_loop,16
CNT,1,5832,2,64207581728,64367597792,rp2040_timer0,100010040,R,h1_ocxo_open_loop,16
CNT,1,5833,2,64383581712,64543597744,rp2040_timer0,100010020,R,h1_ocxo_open_loop,16
CNT,1,5834,2,64559581760,64719597760,rp2040_timer0,100010000,R,h1_ocxo_open_loop,16
CNT,1,5835,2,64735581776,64895597744,rp2040_timer0,100009980,R,h1_ocxo_open_loop,16
CNT,1,5836,2,64911581760,65071597776,rp2040_timer0,100010010,R,h1_ocxo_open_loop,16
CNT,1,5837,2,65087581712,65247597776,rp2040_timer0,100010040,R,h1_ocxo_open_loop,16
CNT,1,5838,2,65263581760,65423597776,rp2040_timer0,100010010,R,h1_ocxo_open_loop,16
CNT,1,5839,2,65439581712,65599597744,rp2040_timer0,100010020,R,h1_ocxo_open_loop,16
CNT,1,5840,2,65615581728,65775597808,rp2040_timer0,100010050,R,h1_ocxo_open_loop,16
CNT,1,5841,2,65791581776,65951597808,rp2040_timer0,100010020,R,h1_ocxo_open_loop,16
CNT,1,5842,2,65967581776,66127597792,rp2040_timer0,100010010,R,h1_ocxo_open_loop,16
CNT,1,5843,2,66143581760,66303597760,rp2040_timer0,100010000,R,h1_ocxo_open_loop,16
CNT,1,5844,2,66319581744,66479597792,rp2040_timer0,100010030,R,h1_ocxo_open_loop,16
CNT,1,5845,2,66495581728,66655597744,rp2040_timer0,100010010,R,h1_ocxo_open_loop,16
CNT,1,5846,2,66671581712,66831597760,rp2040_timer0,100010030,R,h1_ocxo_open_loop,16
CNT,1,5847,2,66847581728,67007597808,rp2040_timer0,100010050,R,h1_ocxo_open_loop,16
CNT,1,5848,2,67023581760,67183597776,rp2040_timer0,100010010,R,h1_ocxo_open_loop,16
CNT,1,5849,2,67199581776,67359597776,rp2040_timer0,100010000,R,h1_ocxo_open_loop,16
CNT,1,5850,2,67375581712,67535597760,rp2040_timer0,100010030,R,h1_ocxo_open_loop,16
CNT,1,5851,2,67551581744,67711597792,rp2040_timer0,100010030,R,h1_ocxo_open_loop,16
CNT,1,5852,2,67727581728,67887597760,rp2040_timer0,100010020,R,h1_ocxo_open_loop,16
CNT,1,5853,2,67903581728,68063597760,rp2040_timer0,100010020,R,h1_ocxo_open_loop,16
CNT,1,5854,2,68079581728,68239597792,rp2040_timer0,100010040,R,h1_ocxo_open_loop,16
CNT,1,5855,2,68255581728,68415597760,rp2040_timer0,100010020,R,h1_ocxo_open_loop,16
CNT,1,5856,2,68431581696,68591597744,rp2040_timer0,100010030,R,h1_ocxo_open_loop,16
CNT,1,5857,2,68607581712,68767597760,rp2040_timer0,100010030,R,h1_ocxo_open_loop,16
CNT,1,5858,2,64104976,224121072,rp2040_timer0,100010060,R,h1_ocxo_open_loop,16
CNT,1,5859,2,240104960,400121040,rp2040_timer0,100010050,R,h1_ocxo_open_loop,16
CNT,1,5860,2,416105040,576121056,rp2040_timer0,100010010,R,h1_ocxo_open_loop,16
CNT,1,5861,2,592105024,752121040,rp2040_timer0,100010010,R,h1_ocxo_open_loop,16
CNT,1,5862,2,768104976,928121072,rp2040_timer0,100010060,R,h1_ocxo_open_loop,16
CNT,1,5863,2,944105008,1104121072,rp2040_timer0,100010040,R,h1_ocxo_open_loop,16
CNT,1,5864,2,1120105072,1280121040,rp2040_timer0,100009980,R,h1_ocxo_open_loop,16
CNT,1,5865,2,1296104992,1456121040,rp2040_timer0,100010030,R,h1_ocxo_open_loop,16
CNT,1,5866,2,1472104976,1632121008,rp2040_timer0,100010020,R,h1_ocxo_open_loop,16
CNT,1,5867,2,1648105040,1808121024,rp2040_timer0,100009990,R,h1_ocxo_open_loop,16
CNT,1,5868,2,1824104992,1984121072,rp2040_timer0,100010050,R,h1_ocxo_open_loop,16
CNT,1,5869,2,2000105040,2160121056,rp2040_timer0,100010010,R,h1_ocxo_open_loop,16
CNT,1,5870,2,2176104976,2336121056,rp2040_timer0,100010050,R,h1_ocxo_open_loop,16
CNT,1,5871,2,2352104992,2512121056,rp2040_timer0,100010040,R,h1_ocxo_open_loop,16
CNT,1,5872,2,2528105024,2688121072,rp2040_timer0,100010030,R,h1_ocxo_open_loop,16
CNT,1,5873,2,2704105008,2864121008,rp2040_timer0,100010000,R,h1_ocxo_open_loop,16
CNT,1,5874,2,2880105008,3040121072,rp2040_timer0,100010040,R,h1_ocxo_open_loop,16
CNT,1,5875,2,3056105024,3216121024,rp2040_timer0,100010000,R,h1_ocxo_open_loop,16
CNT,1,5876,2,3232105024,3392120992,rp2040_timer0,100009980,R,h1_ocxo_open_loop,16
CNT,1,5877,2,3408104976,3568121056,rp2040_timer0,100010050,R,h1_ocxo_open_loop,16
CNT,1,5878,2,3584105008,3744121056,rp2040_timer0,100010030,R,h1_ocxo_open_loop,16
CNT,1,5879,2,3760105040,3920121008,rp2040_timer0,100009980,R,h1_ocxo_open_loop,16
CNT,1,5880,2,3936105072,4096121040,rp2040_timer0,100009980,R,h1_ocxo_open_loop,16
CNT,1,5881,2,4112105040,4272121072,rp2040_timer0,100010020,R,h1_ocxo_open_loop,16
CNT,1,5882,2,4288105024,4448121008,rp2040_timer0,100009990,R,h1_ocxo_open_loop,16
CNT,1,5883,2,4464105008,4624121056,rp2040_timer0,100010030,R,h1_ocxo_open_loop,16
CNT,1,5884,2,4640105040,4800121056,rp2040_timer0,100010010,R,h1_ocxo_open_loop,16
CNT,1,5885,2,4816105040,4976121024,rp2040_timer0,100009990,R,h1_ocxo_open_loop,16
CNT,1,5886,2,4992105040,5152121024,rp2040_timer0,100009990,R,h1_ocxo_open_loop,16
CNT,1,5887,2,5168104992,5328121040,rp2040_timer0,100010030,R,h1_ocxo_open_loop,16
CNT,1,5888,2,5344104992,5504121008,rp2040_timer0,100010010,R,h1_ocxo_open_loop,16
CNT,1,5889,2,5520104976,5680121072,rp2040_timer0,100010060,R,h1_ocxo_open_loop,16
CNT,1,5890,2,5696105040,5856121024,rp2040_timer0,100009990,R,h1_ocxo_open_loop,16
CNT,1,5891,2,5872104992,6032120992,rp2040_timer0,100010000,R,h1_ocxo_open_loop,16
CNT,1,5892,2,6048104960,6208121056,rp2040_timer0,100010060,R,h1_ocxo_open_loop,16
CNT,1,5893,2,6224105024,6384121040,rp2040_timer0,100010010,R,h1_ocxo_open_loop,16
CNT,1,5894,2,6400105024,6560121056,rp2040_timer0,100010020,R,h1_ocxo_open_loop,16
CNT,1,5895,2,6576104992,6736121024,rp2040_timer0,100010020,R,h1_ocxo_open_loop,16
CNT,1,5896,2,6752104976,6912121056,rp2040_timer0,100010050,R,h1_ocxo_open_loop,16
CNT,1,5897,2,6928105008,7088121072,rp2040_timer0,100010040,R,h1_ocxo_open_loop,16
CNT,1,5898,2,7104105008,7264121072,rp2040_timer0,100010040,R,h1_ocxo_open_loop,16
CNT,1,5899,2,7280105008,7440121072,rp2040_timer0,100010040,R,h1_ocxo_open_loop,16
CNT,1,5900,2,7456105024,7616121008,rp2040_timer0,100009990,R,h1_ocxo_open_loop,16
CNT,1,5901,2,7632104976,7792121072,rp2040_timer0,100010060,R,h1_ocxo_open_loop,16
CNT,1,5902,2,7808105024,7968121040,rp2040_timer0,100010010,R,h1_ocxo_open_loop,16
CNT,1,5903,2,7984105040,8144121008,rp2040_timer0,100009980,R,h1_ocxo_open_loop,16
CNT,1,5904,2,8160104960,8320121024,rp2040_timer0,100010040,R,h1_ocxo_open_loop,16
CNT,1,5905,2,8336104992,8496121008,rp2040_timer0,100010010,R,h1_ocxo_open_loop,16
CNT,1,5906,2,8512105040,8672121072,rp2040_timer0,100010020,R,h1_ocxo_open_loop,16
CNT,1,5907,2,8688104976,8848121008,rp2040_timer0,100010020,R,h1_ocxo_open_loop,16
CNT,1,5908,2,8864104992,9024121024,rp2040_timer0,100010020,R,h1_ocxo_open_loop,16
CNT,1,5909,2,9040104992,9200121008,rp2040_timer0,100010010,R,h1_ocxo_open_loop,16
CNT,1,5910,2,9216104960,9376121072,rp2040_timer0,100010070,R,h1_ocxo_open_loop,16
CNT,1,5911,2,9392105008,9552121072,rp2040_timer0,100010040,R,h1_ocxo_open_loop,16
CNT,1,5912,2,9568104992,9728121024,rp2040_timer0,100010020,R,h1_ocxo_open_loop,16
CNT,1,5913,2,9744105008,9904121024,rp2040_timer0,100010010,R,h1_ocxo_open_loop,16
CNT,1,5914,2,9920105008,10080121024,rp2040_timer0,100010010,R,h1_ocxo_open_loop,16
CNT,1,5915,2,10096105040,10256121072,rp2040_timer0,100010020,R,h1_ocxo_open_loop,16
CNT,1,5916,2,10272104992,10432120992,rp2040_timer0,100010000,R,h1_ocxo_open_loop,16
CNT,1,5917,2,10448105008,10608121040,rp2040_timer0,100010020,R,h1_ocxo_open_loop,16
CNT,1,5918,2,10624105024,10784121072,rp2040_timer0,100010030,R,h1_ocxo_open_loop,16
CNT,1,5919,2,10800105024,10960121024,rp2040_timer0,100010000,R,h1_ocxo_open_loop,16
CNT,1,5920,2,10976105040,11136121040,rp2040_timer0,100010000,R,h1_ocxo_open_loop,16
CNT,1,5921,2,11152105024,11312120992,rp2040_timer0,100009980,R,h1_ocxo_open_loop,16
CNT,1,5922,2,11328105024,11488121024,rp2040_timer0,100010000,R,h1_ocxo_open_loop,16
CNT,1,5923,2,11504105040,11664121008,rp2040_timer0,100009980,R,h1_ocxo_open_loop,16
CNT,1,5924,2,11680104976,11840121056,rp2040_timer0,100010050,R,h1_ocxo_open_loop,16
CNT,1,5925,2,11856105040,12016121008,rp2040_timer0,100009980,R,h1_ocxo_open_loop,16
CNT,1,5926,2,12032104960,12192121056,rp2040_timer0,100010060,R,h1_ocxo_open_loop,16
CNT,1,5927,2,12208104976,12368121056,rp2040_timer0,100010050,R,h1_ocxo_open_loop,16
CNT,1,5928,2,12384105008,12544121072,rp2040_timer0,100010040,R,h1_ocxo_open_loop,16
CNT,1,5929,2,12560105008,12720121072,rp2040_timer0,100010040,R,h1_ocxo_open_loop,16
CNT,1,5930,2,12736104976,12896121072,rp2040_timer0,100010060,R,h1_ocxo_open_loop,16
CNT,1,5931,2,12912105040,13072121008,rp2040_timer0,100009980,R,h1_ocxo_open_loop,16
CNT,1,5932,2,13088104960,13248121040,rp2040_timer0,100010050,R,h1_ocxo_open_loop,16
CNT,1,5933,2,13264105040,13424121040,rp2040_timer0,100010000,R,h1_ocxo_open_loop,16
CNT,1,5934,2,13440105040,13600121024,rp2040_timer0,100009990,R,h1_ocxo_open_loop,16
CNT,1,5935,2,13616104976,13776121008,rp2040_timer0,100010020,R,h1_ocxo_open_loop,16
CNT,1,5936,2,13792104976,13952121008,rp2040_timer0,100010020,R,h1_ocxo_open_loop,16
CNT,1,5937,2,13968104992,14128121056,rp2040_timer0,100010040,R,h1_ocxo_open_loop,16
CNT,1,5938,2,14144104976,14304121072,rp2040_timer0,100010060,R,h1_ocxo_open_loop,16
CNT,1,5939,2,14320104960,14480121024,rp2040_timer0,100010040,R,h1_ocxo_open_loop,16
CNT,1,5940,2,14496105008,14656121056,rp2040_timer0,100010030,R,h1_ocxo_open_loop,16
CNT,1,5941,2,14672104992,14832121008,rp2040_timer0,100010010,R,h1_ocxo_open_loop,16
CNT,1,5942,2,14848105008,15008121072,rp2040_timer0,100010040,R,h1_ocxo_open_loop,16
CNT,1,5943,2,15024104992,15184121040,rp2040_timer0,100010030,R,h1_ocxo_open_loop,16
CNT,1,5944,2,15200105008,15360121040,rp2040_timer0,100010020,R,h1_ocxo_open_loop,16
CNT,1,5945,2,15376105008,15536120992,rp2040_timer0,100009990,R,h1_ocxo_open_loop,16
CNT,1,5946,2,15552105008,15712121056,rp2040_timer0,100010030,R,h1_ocxo_open_loop,16
CNT,1,5947,2,15728104976,15888121008,rp2040_timer0,100010020,R,h1_ocxo_open_loop,16
CNT,1,5948,2,15904105008,16064121024,rp2040_timer0,100010010,R,h1_ocxo_open_loop,16
CNT,1,5949,2,16080104960,16240121056,rp2040_timer0,100010060,R,h1_ocxo_open_loop,16
CNT,1,5950,2,16256104992,16416121008,rp2040_timer0,100010010,R,h1_ocxo_open_loop,16
CNT,1,5951,2,16432105024,16592121008,rp2040_timer0,100009990,R,h1_ocxo_open_loop,16
CNT,1,5952,2,16608104992,16768121008,rp2040_timer0,100010010,R,h1_ocxo_open_loop,16
CNT,1,5953,2,16784105024,16944121072,rp2040_timer0,100010030,R,h1_ocxo_open_loop,16
CNT,1,5954,2,16960105008,17120121072,rp2040_timer0,100010040,R,h1_ocxo_open_loop,16
CNT,1,5955,2,17136104992,17296121056,rp2040_timer0,100010040,R,h1_ocxo_open_loop,16
CNT,1,5956,2,17312105040,17472121056,rp2040_timer0,100010010,R,h1_ocxo_open_loop,16
CNT,1,5957,2,17488104976,17648121088,rp2040_timer0,100010070,R,h1_ocxo_open_loop,16
CNT,1,5958,2,17664104960,17824121008,rp2040_timer0,100010030,R,h1_ocxo_open_loop,16
CNT,1,5959,2,17840104976,18000121072,rp2040_timer0,100010060,R,h1_ocxo_open_loop,16
CNT,1,5960,2,18016105024,18176121072,rp2040_timer0,100010030,R,h1_ocxo_open_loop,16
CNT,1,5961,2,18192104976,18352121024,rp2040_timer0,100010030,R,h1_ocxo_open_loop,16
CNT,1,5962,2,18368104960,18528121056,rp2040_timer0,100010060,R,h1_ocxo_open_loop,16
CNT,1,5963,2,18544104976,18704121040,rp2040_timer0,100010040,R,h1_ocxo_open_loop,16
CNT,1,5964,2,18720104960,18880121024,rp2040_timer0,100010040,R,h1_ocxo_open_loop,16
CNT,1,5965,2,18896105008,19056121024,rp2040_timer0,100010010,R,h1_ocxo_open_loop,16
CNT,1,5966,2,19072105024,19232121008,rp2040_timer0,100009990,R,h1_ocxo_open_loop,16
CNT,1,5967,2,19248104960,19408121056,rp2040_timer0,100010060,R,h1_ocxo_open_loop,16
CNT,1,5968,2,19424104992,19584121072,rp2040_timer0,100010050,R,h1_ocxo_open_loop,16
CNT,1,5969,2,19600105008,19760120992,rp2040_timer0,100009990,R,h1_ocxo_open_loop,16
CNT,1,5970,2,19776104976,19936121008,rp2040_timer0,100010020,R,h1_ocxo_open_loop,16
CNT,1,5971,2,19952105008,20112121008,rp2040_timer0,100010000,R,h1_ocxo_open_loop,16
CNT,1,5972,2,20128104976,20288121040,rp2040_timer0,100010040,R,h1_ocxo_open_loop,16
CNT,1,5973,2,20304105024,20464121008,rp2040_timer0,100009990,R,h1_ocxo_open_loop,16
CNT,1,5974,2,20480105008,20640121040,rp2040_timer0,100010020,R,h1_ocxo_open_loop,16
CNT,1,5975,2,20656105008,20816121024,rp2040_timer0,100010010,R,h1_ocxo_open_loop,16
CNT,1,5976,2,20832105008,20992121056,rp2040_timer0,100010030,R,h1_ocxo_open_loop,16
CNT,1,5977,2,21008104992,21168121008,rp2040_timer0,100010010,R,h1_ocxo_open_loop,16
CNT,1,5978,2,21184104992,21344121056,rp2040_timer0,100010040,R,h1_ocxo_open_loop,16
CNT,1,5979,2,21360105008,21520121056,rp2040_timer0,100010030,R,h1_ocxo_open_loop,16
CNT,1,5980,2,21536105024,21696121072,rp2040_timer0,100010030,R,h1_ocxo_open_loop,16
CNT,1,5981,2,21712104976,21872121056,rp2040_timer0,100010050,R,h1_ocxo_open_loop,16
CNT,1,5982,2,21888105024,22048121056,rp2040_timer0,100010020,R,h1_ocxo_open_loop,16
CNT,1,5983,2,22064105024,22224121040,rp2040_timer0,100010010,R,h1_ocxo_open_loop,16
CNT,1,5984,2,22240105008,22400121024,rp2040_timer0,100010010,R,h1_ocxo_open_loop,16
CNT,1,5985,2,22416104992,22576121040,rp2040_timer0,100010030,R,h1_ocxo_open_loop,16
CNT,1,5986,2,22592105040,22752121008,rp2040_timer0,100009980,R,h1_ocxo_open_loop,16
CNT,1,5987,2,22768105008,22928121008,rp2040_timer0,100010000,R,h1_ocxo_open_loop,16
CNT,1,5988,2,22944105024,23104121072,rp2040_timer0,100010030,R,h1_ocxo_open_loop,16
CNT,1,5989,2,23120105008,23280121056,rp2040_timer0,100010030,R,h1_ocxo_open_loop,16
CNT,1,5990,2,23296105024,23456121024,rp2040_timer0,100010000,R,h1_ocxo_open_loop,16
CNT,1,5991,2,23472105024,23632121024,rp2040_timer0,100010000,R,h1_ocxo_open_loop,16
CNT,1,5992,2,23648104976,23808121024,rp2040_timer0,100010030,R,h1_ocxo_open_loop,16
CNT,1,5993,2,23824104992,23984121040,rp2040_timer0,100010030,R,h1_ocxo_open_loop,16
CNT,1,5994,2,24000105008,24160121040,rp2040_timer0,100010020,R,h1_ocxo_open_loop,16
CNT,1,5995,2,24176104976,24336121008,rp2040_timer0,100010020,R,h1_ocxo_open_loop,16
CNT,1,5996,2,24352104992,24512121056,rp2040_timer0,100010040,R,h1_ocxo_open_loop,16
CNT,1,5997,2,24528104976,24688121072,rp2040_timer0,100010060,R,h1_ocxo_open_loop,16
CNT,1,5998,2,24704105024,24864121008,rp2040_timer0,100009990,R,h1_ocxo_open_loop,16
CNT,1,5999,2,24880105008,25040121072,rp2040_timer0,100010040,R,h1_ocxo_open_loop,16
CNT,1,6000,2,25056104976,25216121008,rp2040_timer0,100010020,R,h1_ocxo_open_loop,16
CNT,1,6001,2,25232104976,25392121040,rp2040_timer0,100010040,R,h1_ocxo_open_loop,16
CNT,1,6002,2,25408105024,25568121072,rp2040_timer0,100010030,R,h1_ocxo_open_loop,16
CNT,1,6003,2,25584105024,25744121056,rp2040_timer0,100010020,R,h1_ocxo_open_loop,16
CNT,1,6004,2,25760105024,25920121072,rp2040_timer0,100010030,R,h1_ocxo_open_loop,16
CNT,1,6005,2,25936105008,26096121024,rp2040_timer0,100010010,R,h1_ocxo_open_loop,16
CNT,1,6006,2,26112105040,26272121008,rp2040_timer0,100009980,R,h1_ocxo_open_loop,16
CNT,1,6007,2,26288105024,26448120992,rp2040_timer0,100009980,R,h1_ocxo_open_loop,16
CNT,1,6008,2,26464104992,26624121072,rp2040_timer0,100010050,R,h1_ocxo_open_loop,16
CNT,1,6009,2,26640105040,26800121056,rp2040_timer0,100010010,R,h1_ocxo_open_loop,16
CNT,1,6010,2,26816104992,26976121056,rp2040_timer0,100010040,R,h1_ocxo_open_loop,16
CNT,1,6011,2,26992104976,27152121008,rp2040_timer0,100010020,R,h1_ocxo_open_loop,16
CNT,1,6012,2,27168104992,27328121008,rp2040_timer0,100010010,R,h1_ocxo_open_loop,16
CNT,1,6013,2,27344105040,27504120992,rp2040_timer0,100009970,R,h1_ocxo_open_loop,16
CNT,1,6014,2,27520104992,27680121056,rp2040_timer0,100010040,R,h1_ocxo_open_loop,16
CNT,1,6015,2,27696104992,27856121024,rp2040_timer0,100010020,R,h1_ocxo_open_loop,16
CNT,1,6016,2,27872105008,28032121008,rp2040_timer0,100010000,R,h1_ocxo_open_loop,16
CNT,1,6017,2,28048104992,28208121040,rp2040_timer0,100010030,R,h1_ocxo_open_loop,16
CNT,1,6018,2,28224104976,28384121056,rp2040_timer0,100010050,R,h1_ocxo_open_loop,16
CNT,1,6019,2,28400105040,28560121072,rp2040_timer0,100010020,R,h1_ocxo_open_loop,16
CNT,1,6020,2,28576104976,28736121024,rp2040_timer0,100010030,R,h1_ocxo_open_loop,16
CNT,1,6021,2,28752105040,28912121040,rp2040_timer0,100010000,R,h1_ocxo_open_loop,16
CNT,1,6022,2,28928104960,29088121024,rp2040_timer0,100010040,R,h1_ocxo_open_loop,16
CNT,1,6023,2,29104104976,29264121040,rp2040_timer0,100010040,R,h1_ocxo_open_loop,16
CNT,1,6024,2,29280104976,29440121040,rp2040_timer0,100010040,R,h1_ocxo_open_loop,16
CNT,1,6025,2,29456105024,29616121040,rp2040_timer0,100010010,R,h1_ocxo_open_loop,16
CNT,1,6026,2,29632104960,29792121072,rp2040_timer0,100010070,R,h1_ocxo_open_loop,16
CNT,1,6027,2,29808104976,29968121056,rp2040_timer0,100010050,R,h1_ocxo_open_loop,16
CNT,1,6028,2,29984105040,30144121040,rp2040_timer0,100010000,R,h1_ocxo_open_loop,16
CNT,1,6029,2,30160105008,30320121024,rp2040_timer0,100010010,R,h1_ocxo_open_loop,16
CNT,1,6030,2,30336105008,30496121024,rp2040_timer0,100010010,R,h1_ocxo_open_loop,16
CNT,1,6031,2,30512105024,30672121024,rp2040_timer0,100010000,R,h1_ocxo_open_loop,16
CNT,1,6032,2,30688104960,30848121072,rp2040_timer0,100010070,R,h1_ocxo_open_loop,16
CNT,1,6033,2,30864105024,31024121072,rp2040_timer0,100010030,R,h1_ocxo_open_loop,16
CNT,1,6034,2,31040104992,31200121008,rp2040_timer0,100010010,R,h1_ocxo_open_loop,16
CNT,1,6035,2,31216105008,31376121072,rp2040_timer0,100010040,R,h1_ocxo_open_loop,16
CNT,1,6036,2,31392105008,31552121056,rp2040_timer0,100010030,R,h1_ocxo_open_loop,16
CNT,1,6037,2,31568104960,31728121024,rp2040_timer0,100010040,R,h1_ocxo_open_loop,16
CNT,1,6038,2,31744105040,31904121008,rp2040_timer0,100009980,R,h1_ocxo_open_loop,16
CNT,1,6039,2,31920104960,32080121040,rp2040_timer0,100010050,R,h1_ocxo_open_loop,16
CNT,1,6040,2,32096105040,32256121008,rp2040_timer0,100009980,R,h1_ocxo_open_loop,16
CNT,1,6041,2,32272105008,32432121056,rp2040_timer0,100010030,R,h1_ocxo_open_loop,16
CNT,1,6042,2,32448105040,32608121072,rp2040_timer0,100010020,R,h1_ocxo_open_loop,16
CNT,1,6043,2,32624104992,32784121040,rp2040_timer0,100010030,R,h1_ocxo_open_loop,16
CNT,1,6044,2,32800104992,32960121072,rp2040_timer0,100010050,R,h1_ocxo_open_loop,16
CNT,1,6045,2,32976105008,33136121040,rp2040_timer0,100010020,R,h1_ocxo_open_loop,16
CNT,1,6046,2,33152105040,33312121040,rp2040_timer0,100010000,R,h1_ocxo_open_loop,16
CNT,1,6047,2,33328105008,33488121056,rp2040_timer0,100010030,R,h1_ocxo_open_loop,16
CNT,1,6048,2,33504105040,33664121040,rp2040_timer0,100010000,R,h1_ocxo_open_loop,16
CNT,1,6049,2,33680104960,33840121072,rp2040_timer0,100010070,R,h1_ocxo_open_loop,16
CNT,1,6050,2,33856104992,34016121008,rp2040_timer0,100010010,R,h1_ocxo_open_loop,16
CNT,1,6051,2,34032104992,34192121040,rp2040_timer0,100010030,R,h1_ocxo_open_loop,16
CNT,1,6052,2,34208105008,34368121072,rp2040_timer0,100010040,R,h1_ocxo_open_loop,16
CNT,1,6053,2,34384104976,34544121040,rp2040_timer0,100010040,R,h1_ocxo_open_loop,16
CNT,1,6054,2,34560104992,34720121056,rp2040_timer0,100010040,R,h1_ocxo_open_loop,16
CNT,1,6055,2,34736105008,34896121008,rp2040_timer0,100010000,R,h1_ocxo_open_loop,16
CNT,1,6056,2,34912105040,35072121072,rp2040_timer0,100010020,R,h1_ocxo_open_loop,16
CNT,1,6057,2,35088105024,35248121040,rp2040_timer0,100010010,R,h1_ocxo_open_loop,16
CNT,1,6058,2,35264104976,35424121024,rp2040_timer0,100010030,R,h1_ocxo_open_loop,16
CNT,1,6059,2,35440105040,35600121008,rp2040_timer0,100009980,R,h1_ocxo_open_loop,16
CNT,1,6060,2,35616104976,35776121072,rp2040_timer0,100010060,R,h1_ocxo_open_loop,16
CNT,1,6061,2,35792105040,35952121008,rp2040_timer0,100009980,R,h1_ocxo_open_loop,16
CNT,1,6062,2,35968105008,36128121040,rp2040_timer0,100010020,R,h1_ocxo_open_loop,16
CNT,1,6063,2,36144105024,36304121072,rp2040_timer0,100010030,R,h1_ocxo_open_loop,16
CNT,1,6064,2,36320104992,36480121024,rp2040_timer0,100010020,R,h1_ocxo_open_loop,16
CNT,1,6065,2,36496105024,36656121056,rp2040_timer0,100010020,R,h1_ocxo_open_loop,16
CNT,1,6066,2,36672104976,36832121040,rp2040_timer0,100010040,R,h1_ocxo_open_loop,16
CNT,1,6067,2,36848105008,37008121072,rp2040_timer0,100010040,R,h1_ocxo_open_loop,16
CNT,1,6068,2,37024104976,37184121056,rp2040_timer0,100010050,R,h1_ocxo_open_loop,16
CNT,1,6069,2,37200104976,37360121024,rp2040_timer0,100010030,R,h1_ocxo_open_loop,16
CNT,1,6070,2,37376105008,37536121040,rp2040_timer0,100010020,R,h1_ocxo_open_loop,16
CNT,1,6071,2,37552105040,37712121024,rp2040_timer0,100009990,R,h1_ocxo_open_loop,16
CNT,1,6072,2,37728105024,37888121024,rp2040_timer0,100010000,R,h1_ocxo_open_loop,16
CNT,1,6073,2,37904104992,38064121024,rp2040_timer0,100010020,R,h1_ocxo_open_loop,16
CNT,1,6074,2,38080104992,38240121072,rp2040_timer0,100010050,R,h1_ocxo_open_loop,16
CNT,1,6075,2,38256104992,38416121072,rp2040_timer0,100010050,R,h1_ocxo_open_loop,16
CNT,1,6076,2,38432104992,38592120992,rp2040_timer0,100010000,R,h1_ocxo_open_loop,16
CNT,1,6077,2,38608104992,38768121040,rp2040_timer0,100010030,R,h1_ocxo_open_loop,16
CNT,1,6078,2,38784104976,38944121024,rp2040_timer0,100010030,R,h1_ocxo_open_loop,16
CNT,1,6079,2,38960105008,39120121072,rp2040_timer0,100010040,R,h1_ocxo_open_loop,16
CNT,1,6080,2,39136105040,39296121024,rp2040_timer0,100009990,R,h1_ocxo_open_loop,16
CNT,1,6081,2,39312105008,39472121008,rp2040_timer0,100010000,R,h1_ocxo_open_loop,16
CNT,1,6082,2,39488104960,39648121024,rp2040_timer0,100010040,R,h1_ocxo_open_loop,16
CNT,1,6083,2,39664105040,39824121024,rp2040_timer0,100009990,R,h1_ocxo_open_loop,16
CNT,1,6084,2,39840104992,40000121024,rp2040_timer0,100010020,R,h1_ocxo_open_loop,16
CNT,1,6085,2,40016105040,40176121008,rp2040_timer0,100009980,R,h1_ocxo_open_loop,16
CNT,1,6086,2,40192105024,40352121024,rp2040_timer0,100010000,R,h1_ocxo_open_loop,16
CNT,1,6087,2,40368104992,40528121008,rp2040_timer0,100010010,R,h1_ocxo_open_loop,16
CNT,1,6088,2,40544105024,40704121056,rp2040_timer0,100010020,R,h1_ocxo_open_loop,16
CNT,1,6089,2,40720105008,40880121056,rp2040_timer0,100010030,R,h1_ocxo_open_loop,16
CNT,1,6090,2,40896104960,41056121024,rp2040_timer0,100010040,R,h1_ocxo_open_loop,16
CNT,1,6091,2,41072104992,41232121008,rp2040_timer0,100010010,R,h1_ocxo_open_loop,16
CNT,1,6092,2,41248104960,41408121024,rp2040_timer0,100010040,R,h1_ocxo_open_loop,16
CNT,1,6093,2,41424105024,41584121072,rp2040_timer0,100010030,R,h1_ocxo_open_loop,16
CNT,1,6094,2,41600105040,41760121024,rp2040_timer0,100009990,R,h1_ocxo_open_loop,16
CNT,1,6095,2,41776104976,41936121072,rp2040_timer0,100010060,R,h1_ocxo_open_loop,16
CNT,1,6096,2,41952104992,42112121008,rp2040_timer0,100010010,R,h1_ocxo_open_loop,16
CNT,1,6097,2,42128105040,42288121024,rp2040_timer0,100009990,R,h1_ocxo_open_loop,16
CNT,1,6098,2,42304105040,42464121040,rp2040_timer0,100010000,R,h1_ocxo_open_loop,16
CNT,1,6099,2,42480104992,42640121024,rp2040_timer0,100010020,R,h1_ocxo_open_loop,16
CNT,1,6100,2,42656104976,42816121072,rp2040_timer0,100010060,R,h1_ocxo_open_loop,16
CNT,1,6101,2,42832104976,42992121008,rp2040_timer0,100010020,R,h1_ocxo_open_loop,16
CNT,1,6102,2,43008105040,43168121040,rp2040_timer0,100010000,R,h1_ocxo_open_loop,16
CNT,1,6103,2,43184105040,43344121056,rp2040_timer0,100010010,R,h1_ocxo_open_loop,16
CNT,1,6104,2,43360104960,43520121040,rp2040_timer0,100010050,R,h1_ocxo_open_loop,16
CNT,1,6105,2,43536104960,43696121040,rp2040_timer0,100010050,R,h1_ocxo_open_loop,16
CNT,1,6106,2,43712105008,43872121024,rp2040_timer0,100010010,R,h1_ocxo_open_loop,16
CNT,1,6107,2,43888105040,44048121024,rp2040_timer0,100009990,R,h1_ocxo_open_loop,16
CNT,1,6108,2,44064105008,44224121008,rp2040_timer0,100010000,R,h1_ocxo_open_loop,16
CNT,1,6109,2,44240104976,44400121056,rp2040_timer0,100010050,R,h1_ocxo_open_loop,16
CNT,1,6110,2,44416105024,44576121024,rp2040_timer0,100010000,R,h1_ocxo_open_loop,16
CNT,1,6111,2,44592105008,44752121072,rp2040_timer0,100010040,R,h1_ocxo_open_loop,16
CNT,1,6112,2,44768105024,44928121040,rp2040_timer0,100010010,R,h1_ocxo_open_loop,16
CNT,1,6113,2,44944105024,45104121072,rp2040_timer0,100010030,R,h1_ocxo_open_loop,16
CNT,1,6114,2,45120104960,45280121008,rp2040_timer0,100010030,R,h1_ocxo_open_loop,16
CNT,1,6115,2,45296105008,45456121024,rp2040_timer0,100010010,R,h1_ocxo_open_loop,16
CNT,1,6116,2,45472104992,45632121040,rp2040_timer0,100010030,R,h1_ocxo_open_loop,16
CNT,1,6117,2,45648105008,45808121056,rp2040_timer0,100010030,R,h1_ocxo_open_loop,16
CNT,1,6118,2,45824105024,45984121072,rp2040_timer0,100010030,R,h1_ocxo_open_loop,16
CNT,1,6119,2,46000105008,46160121056,rp2040_timer0,100010030,R,h1_ocxo_open_loop,16
CNT,1,6120,2,46176104992,46336121056,rp2040_timer0,100010040,R,h1_ocxo_open_loop,16
CNT,1,6121,2,46352105024,46512121056,rp2040_timer0,100010020,R,h1_ocxo_open_loop,16
CNT,1,6122,2,46528105040,46688121024,rp2040_timer0,100009990,R,h1_ocxo_open_loop,16
CNT,1,6123,2,46704104992,46864120992,rp2040_timer0,100010000,R,h1_ocxo_open_loop,16
CNT,1,6124,2,46880104976,47040121072,rp2040_timer0,100010060,R,h1_ocxo_open_loop,16
CNT,1,6125,2,47056105040,47216121040,rp2040_timer0,100010000,R,h1_ocxo_open_loop,16
CNT,1,6126,2,47232105024,47392121008,rp2040_timer0,100009990,R,h1_ocxo_open_loop,16
CNT,1,6127,2,47408104976,47568121072,rp2040_timer0,100010060,R,h1_ocxo_open_loop,16
CNT,1,6128,2,47584104992,47744121024,rp2040_timer0,100010020,R,h1_ocxo_open_loop,16
CNT,1,6129,2,47760105008,47920121008,rp2040_timer0,100010000,R,h1_ocxo_open_loop,16
CNT,1,6130,2,47936105024,48096121024,rp2040_timer0,100010000,R,h1_ocxo_open_loop,16
CNT,1,6131,2,48112104992,48272121008,rp2040_timer0,100010010,R,h1_ocxo_open_loop,16
CNT,1,6132,2,48288104992,48448121072,rp2040_timer0,100010050,R,h1_ocxo_open_loop,16
CNT,1,6133,2,48464105024,48624121040,rp2040_timer0,100010010,R,h1_ocxo_open_loop,16
CNT,1,6134,2,48640105024,48800121056,rp2040_timer0,100010020,R,h1_ocxo_open_loop,16
CNT,1,6135,2,48816104992,48976121040,rp2040_timer0,100010030,R,h1_ocxo_open_loop,16
CNT,1,6136,2,48992104976,49152121040,rp2040_timer0,100010040,R,h1_ocxo_open_loop,16
CNT,1,6137,2,49168105024,49328121024,rp2040_timer0,100010000,R,h1_ocxo_open_loop,16
CNT,1,6138,2,49344104976,49504121008,rp2040_timer0,100010020,R,h1_ocxo_open_loop,16
CNT,1,6139,2,49520104960,49680121040,rp2040_timer0,100010050,R,h1_ocxo_open_loop,16
CNT,1,6140,2,49696105040,49856121024,rp2040_timer0,100009990,R,h1_ocxo_open_loop,16
CNT,1,6141,2,49872104960,50032121056,rp2040_timer0,100010060,R,h1_ocxo_open_loop,16
CNT,1,6142,2,50048105008,50208121056,rp2040_timer0,100010030,R,h1_ocxo_open_loop,16
CNT,1,6143,2,50224104992,50384121072,rp2040_timer0,100010050,R,h1_ocxo_open_loop,16
CNT,1,6144,2,50400105024,50560121072,rp2040_timer0,100010030,R,h1_ocxo_open_loop,16
CNT,1,6145,2,50576105008,50736121040,rp2040_timer0,100010020,R,h1_ocxo_open_loop,16
CNT,1,6146,2,50752104976,50912121056,rp2040_timer0,100010050,R,h1_ocxo_open_loop,16
CNT,1,6147,2,50928105040,51088121008,rp2040_timer0,100009980,R,h1_ocxo_open_loop,16
CNT,1,6148,2,51104104976,51264121040,rp2040_timer0,100010040,R,h1_ocxo_open_loop,16
CNT,1,6149,2,51280105008,51440121024,rp2040_timer0,100010010,R,h1_ocxo_open_loop,16
CNT,1,6150,2,51456105008,51616121056,rp2040_timer0,100010030,R,h1_ocxo_open_loop,16
CNT,1,6151,2,51632105024,51792121040,rp2040_timer0,100010010,R,h1_ocxo_open_loop,16
CNT,1,6152,2,51808104976,51968120992,rp2040_timer0,100010010,R,h1_ocxo_open_loop,16
CNT,1,6153,2,51984104992,52144121072,rp2040_timer0,100010050,R,h1_ocxo_open_loop,16
CNT,1,6154,2,52160105040,52320121008,rp2040_timer0,100009980,R,h1_ocxo_open_loop,16
CNT,1,6155,2,52336104992,52496121056,rp2040_timer0,100010040,R,h1_ocxo_open_loop,16
CNT,1,6156,2,52512104992,52672121040,rp2040_timer0,100010030,R,h1_ocxo_open_loop,16
CNT,1,6157,2,52688104992,52848121072,rp2040_timer0,100010050,R,h1_ocxo_open_loop,16
CNT,1,6158,2,52864105040,53024121008,rp2040_timer0,100009980,R,h1_ocxo_open_loop,16
CNT,1,6159,2,53040104976,53200121040,rp2040_timer0,100010040,R,h1_ocxo_open_loop,16
CNT,1,6160,2,53216104960,53376121024,rp2040_timer0,100010040,R,h1_ocxo_open_loop,16
CNT,1,6161,2,53392104992,53552121056,rp2040_timer0,100010040,R,h1_ocxo_open_loop,16
CNT,1,6162,2,53568105024,53728121008,rp2040_timer0,100009990,R,h1_ocxo_open_loop,16
CNT,1,6163,2,53744104992,53904121008,rp2040_timer0,100010010,R,h1_ocxo_open_loop,16
CNT,1,6164,2,53920104992,54080121072,rp2040_timer0,100010050,R,h1_ocxo_open_loop,16
CNT,1,6165,2,54096104992,54256121072,rp2040_timer0,100010050,R,h1_ocxo_open_loop,16
CNT,1,6166,2,54272104960,54432121072,rp2040_timer0,100010070,R,h1_ocxo_open_loop,16
CNT,1,6167,2,54448104976,54608121024,rp2040_timer0,100010030,R,h1_ocxo_open_loop,16
CNT,1,6168,2,54624105024,54784121072,rp2040_timer0,100010030,R,h1_ocxo_open_loop,16
CNT,1,6169,2,54800105024,54960121024,rp2040_timer0,100010000,R,h1_ocxo_open_loop,16
CNT,1,6170,2,54976105040,55136121072,rp2040_timer0,100010020,R,h1_ocxo_open_loop,16
CNT,1,6171,2,55152104992,55312121008,rp2040_timer0,100010010,R,h1_ocxo_open_loop,16
CNT,1,6172,2,55328105008,55488121008,rp2040_timer0,100010000,R,h1_ocxo_open_loop,16
CNT,1,6173,2,55504104976,55664121072,rp2040_timer0,100010060,R,h1_ocxo_open_loop,16
CNT,1,6174,2,55680104992,55840121056,rp2040_timer0,100010040,R,h1_ocxo_open_loop,16
CNT,1,6175,2,55856104992,56016121056,rp2040_timer0,100010040,R,h1_ocxo_open_loop,16
CNT,1,6176,2,56032105024,56192121056,rp2040_timer0,100010020,R,h1_ocxo_open_loop,16
CNT,1,6177,2,56208104992,56368121024,rp2040_timer0,100010020,R,h1_ocxo_open_loop,16
CNT,1,6178,2,56384104976,56544121072,rp2040_timer0,100010060,R,h1_ocxo_open_loop,16
CNT,1,6179,2,56560105024,56720121040,rp2040_timer0,100010010,R,h1_ocxo_open_loop,16
CNT,1,6180,2,56736104992,56896121024,rp2040_timer0,100010020,R,h1_ocxo_open_loop,16
CNT,1,6181,2,56912104992,57072121008,rp2040_timer0,100010010,R,h1_ocxo_open_loop,16
CNT,1,6182,2,57088104960,57248121056,rp2040_timer0,100010060,R,h1_ocxo_open_loop,16
CNT,1,6183,2,57264104960,57424121024,rp2040_timer0,100010040,R,h1_ocxo_open_loop,16
CNT,1,6184,2,57440105024,57600121008,rp2040_timer0,100009990,R,h1_ocxo_open_loop,16
CNT,1,6185,2,57616105008,57776121072,rp2040_timer0,100010040,R,h1_ocxo_open_loop,16
CNT,1,6186,2,57792105024,57952121040,rp2040_timer0,100010010,R,h1_ocxo_open_loop,16
CNT,1,6187,2,57968104976,58128121072,rp2040_timer0,100010060,R,h1_ocxo_open_loop,16
CNT,1,6188,2,58144104976,58304121072,rp2040_timer0,100010060,R,h1_ocxo_open_loop,16
CNT,1,6189,2,58320104976,58480121008,rp2040_timer0,100010020,R,h1_ocxo_open_loop,16
CNT,1,6190,2,58496104960,58656121040,rp2040_timer0,100010050,R,h1_ocxo_open_loop,16
CNT,1,6191,2,58672104976,58832121024,rp2040_timer0,100010030,R,h1_ocxo_open_loop,16
CNT,1,6192,2,58848104992,59008121072,rp2040_timer0,100010050,R,h1_ocxo_open_loop,16
CNT,1,6193,2,59024104992,59184121040,rp2040_timer0,100010030,R,h1_ocxo_open_loop,16
CNT,1,6194,2,59200105024,59360121008,rp2040_timer0,100009990,R,h1_ocxo_open_loop,16
CNT,1,6195,2,59376105024,59536121008,rp2040_timer0,100009990,R,h1_ocxo_open_loop,16
CNT,1,6196,2,59552104960,59712121072,rp2040_timer0,90919154,R,h1_ocxo_open_loop,528
CNT,1,6197,2,59728105024,59888121072,rp2040_timer0,100010030,R,h1_ocxo_open_loop,16
CNT,1,6198,2,59904105040,60064121024,rp2040_timer0,100009990,R,h1_ocxo_open_loop,16
CNT,1,6199,2,60080105040,60240121056,rp2040_timer0,100010010,R,h1_ocxo_open_loop,16
CNT,1,6200,2,60256104976,60416121072,rp2040_timer0,100010060,R,h1_ocxo_open_loop,16
CNT,1,6201,2,60432104976,60592121056,rp2040_timer0,100010050,R,h1_ocxo_open_loop,16
CNT,1,6202,2,60608105024,60768121008,rp2040_timer0,100009990,R,h1_ocxo_open_loop,16
CNT,1,6203,2,60784105040,60944120992,rp2040_timer0,100009970,R,h1_ocxo_open_loop,16
CNT,1,6204,2,60960104992,61120121056,rp2040_timer0,100010040,R,h1_ocxo_open_loop,16
CNT,1,6205,2,61136104976,61296121040,rp2040_timer0,100010040,R,h1_ocxo_open_loop,16
CNT,1,6206,2,61312105008,61472121072,rp2040_timer0,100010040,R,h1_ocxo_open_loop,16
CNT,1,6207,2,61488105040,61648121072,rp2040_timer0,100010020,R,h1_ocxo_open_loop,16
CNT,1,6208,2,61664104992,61824121008,rp2040_timer0,100010010,R,h1_ocxo_open_loop,16
CNT,1,6209,2,61840105008,62000121024,rp2040_timer0,100010010,R,h1_ocxo_open_loop,16
CNT,1,6210,2,62016105040,62176121008,rp2040_timer0,100009980,R,h1_ocxo_open_loop,16
CNT,1,6211,2,62192105008,62352120992,rp2040_timer0,100009990,R,h1_ocxo_open_loop,16
CNT,1,6212,2,62368104976,62528121008,rp2040_timer0,100010020,R,h1_ocxo_open_loop,16
CNT,1,6213,2,62544105008,62704121008,rp2040_timer0,100010000,R,h1_ocxo_open_loop,16
CNT,1,6214,2,62720104960,62880121008,rp2040_timer0,100010030,R,h1_ocxo_open_loop,16
CNT,1,6215,2,62896104992,63056121024,rp2040_timer0,100010020,R,h1_ocxo_open_loop,16
CNT,1,6216,2,63072105040,63232121008,rp2040_timer0,100009980,R,h1_ocxo_open_loop,16
CNT,1,6217,2,63248105024,63408121072,rp2040_timer0,100010030,R,h1_ocxo_open_loop,16
CNT,1,6218,2,63424105024,63584121008,rp2040_timer0,100009990,R,h1_ocxo_open_loop,16
CNT,1,6219,2,63600104992,63760121008,rp2040_timer0,9090909,R,h1_ocxo_open_loop,528
CNT,1,6220,2,63776105008,63936121008,rp2040_timer0,0,R,h1_ocxo_open_loop,528
CNT,1,6221,2,63952105008,64112121008,rp2040_timer0,0,R,h1_ocxo_open_loop,528
CNT,1,6222,2,64128105008,64288121008,rp2040_timer0,0,R,h1_ocxo_open_loop,528
CNT,1,6223,2,64304104992,64464121008,rp2040_timer0,0,R,h1_ocxo_open_loop,528
CNT,1,6224,2,64480104992,64640121008,rp2040_timer0,0,R,h1_ocxo_open_loop,528
CNT,1,6225,2,64656105040,64816121056,rp2040_timer0,0,R,h1_ocxo_open_loop,528
CNT,1,6226,2,64832104992,64992121008,rp2040_timer0,0,R,h1_ocxo_open_loop,528
CNT,1,6227,2,65008104992,65168121056,rp2040_timer0,0,R,h1_ocxo_open_loop,528
CNT,1,6228,2,65184104992,65344121008,rp2040_timer0,0,R,h1_ocxo_open_loop,528
CNT,1,6229,2,65360104976,65520121008,rp2040_timer0,0,R,h1_ocxo_open_loop,528
CNT,1,6230,2,65536105024,65696121040,rp2040_timer0,0,R,h1_ocxo_open_loop,528
CNT,1,6231,2,65712105024,65872121040,rp2040_timer0,0,R,h1_ocxo_open_loop,528
CNT,1,6232,2,65888104960,66048120992,rp2040_timer0,0,R,h1_ocxo_open_loop,528
CNT,1,6233,2,66064105040,66224121072,rp2040_timer0,9090910,R,h1_ocxo_open_loop,528
CNT,1,6234,2,66240104976,66400121072,rp2040_timer0,27272743,R,h1_ocxo_open_loop,528
CNT,1,6235,2,66416104976,66576121040,rp2040_timer0,18181825,R,h1_ocxo_open_loop,528
CNT,1,6236,2,66592105040,66752121040,rp2040_timer0,0,R,h1_ocxo_open_loop,528
CNT,1,6237,2,66768104976,66928121040,rp2040_timer0,0,R,h1_ocxo_open_loop,528
CNT,1,6238,2,66944104960,67104121072,rp2040_timer0,63636407,R,h1_ocxo_open_loop,528
CNT,1,6239,2,67120104976,67280121056,rp2040_timer0,100010050,R,h1_ocxo_open_loop,16
CNT,1,6240,2,67296105008,67456121056,rp2040_timer0,100010030,R,h1_ocxo_open_loop,16
CNT,1,6241,2,67472105024,67632121024,rp2040_timer0,100010000,R,h1_ocxo_open_loop,16
CNT,1,6242,2,67648105008,67808121024,rp2040_timer0,100010010,R,h1_ocxo_open_loop,16
CNT,1,6243,2,67824105040,67984121056,rp2040_timer0,100010010,R,h1_ocxo_open_loop,16
CNT,1,6244,2,68000105024,68160121008,rp2040_timer0,100009990,R,h1_ocxo_open_loop,16
CNT,1,6245,2,68176104976,68336121056,rp2040_timer0,100010050,R,h1_ocxo_open_loop,16
CNT,1,6246,2,68352105024,68512120992,rp2040_timer0,100009980,R,h1_ocxo_open_loop,16
CNT,1,6247,2,68528104992,68688121056,rp2040_timer0,100010040,R,h1_ocxo_open_loop,16
CNT,1,6248,2,68704104976,68864121072,rp2040_timer0,100010060,R,h1_ocxo_open_loop,16
CNT,1,6249,2,160628304,320644336,rp2040_timer0,100010020,R,h1_ocxo_open_loop,16
CNT,1,6250,2,336628256,496644336,rp2040_timer0,100010050,R,h1_ocxo_open_loop,16
CNT,1,6251,2,512628256,672644272,rp2040_timer0,100010010,R,h1_ocxo_open_loop,16
CNT,1,6252,2,688628272,848644272,rp2040_timer0,100010000,R,h1_ocxo_open_loop,16
CNT,1,6253,2,864628240,1024644320,rp2040_timer0,100010050,R,h1_ocxo_open_loop,16
CNT,1,6254,2,1040628288,1200644272,rp2040_timer0,100009990,R,h1_ocxo_open_loop,16
CNT,1,6255,2,1216628272,1376644272,rp2040_timer0,100010000,R,h1_ocxo_open_loop,16
CNT,1,6256,2,1392628256,1552644288,rp2040_timer0,100010020,R,h1_ocxo_open_loop,16
CNT,1,6257,2,1568628272,1728644272,rp2040_timer0,100010000,R,h1_ocxo_open_loop,16
CNT,1,6258,2,1744628288,1904644272,rp2040_timer0,100009990,R,h1_ocxo_open_loop,16
CNT,1,6259,2,1920628256,2080644288,rp2040_timer0,100010020,R,h1_ocxo_open_loop,16
CNT,1,6260,2,2096628272,2256644336,rp2040_timer0,100010040,R,h1_ocxo_open_loop,16
CNT,1,6261,2,2272628224,2432644272,rp2040_timer0,100010030,R,h1_ocxo_open_loop,16
CNT,1,6262,2,2448628256,2608644320,rp2040_timer0,100010040,R,h1_ocxo_open_loop,16
CNT,1,6263,2,2624628272,2784644304,rp2040_timer0,100010020,R,h1_ocxo_open_loop,16
CNT,1,6264,2,2800628256,2960644304,rp2040_timer0,100010030,R,h1_ocxo_open_loop,16
CNT,1,6265,2,2976628272,3136644304,rp2040_timer0,100010020,R,h1_ocxo_open_loop,16
CNT,1,6266,2,3152628240,3312644320,rp2040_timer0,100010050,R,h1_ocxo_open_loop,16
CNT,1,6267,2,3328628256,3488644304,rp2040_timer0,100010030,R,h1_ocxo_open_loop,16
CNT,1,6268,2,3504628288,3664644336,rp2040_timer0,100010030,R,h1_ocxo_open_loop,16
CNT,1,6269,2,3680628304,3840644288,rp2040_timer0,100009990,R,h1_ocxo_open_loop,16
CNT,1,6270,2,3856628256,4016644272,rp2040_timer0,100010010,R,h1_ocxo_open_loop,16
CNT,1,6271,2,4032628240,4192644336,rp2040_timer0,100010060,R,h1_ocxo_open_loop,16
CNT,1,6272,2,4208628256,4368644304,rp2040_timer0,100010030,R,h1_ocxo_open_loop,16
CNT,1,6273,2,4384628272,4544644320,rp2040_timer0,100010030,R,h1_ocxo_open_loop,16
CNT,1,6274,2,4560628272,4720644304,rp2040_timer0,100010020,R,h1_ocxo_open_loop,16
CNT,1,6275,2,4736628224,4896644320,rp2040_timer0,100010060,R,h1_ocxo_open_loop,16
CNT,1,6276,2,4912628240,5072644288,rp2040_timer0,100010030,R,h1_ocxo_open_loop,16
CNT,1,6277,2,5088628304,5248644272,rp2040_timer0,100009980,R,h1_ocxo_open_loop,16
CNT,1,6278,2,5264628256,5424644304,rp2040_timer0,100010030,R,h1_ocxo_open_loop,16
CNT,1,6279,2,5440628256,5600644336,rp2040_timer0,100010050,R,h1_ocxo_open_loop,16
CNT,1,6280,2,5616628240,5776644288,rp2040_timer0,100010030,R,h1_ocxo_open_loop,16
CNT,1,6281,2,5792628288,5952644336,rp2040_timer0,100010030,R,h1_ocxo_open_loop,16
CNT,1,6282,2,5968628256,6128644288,rp2040_timer0,100010020,R,h1_ocxo_open_loop,16
CNT,1,6283,2,6144628272,6304644320,rp2040_timer0,100010030,R,h1_ocxo_open_loop,16
CNT,1,6284,2,6320628272,6480644336,rp2040_timer0,100010040,R,h1_ocxo_open_loop,16
CNT,1,6285,2,6496628240,6656644320,rp2040_timer0,100010050,R,h1_ocxo_open_loop,16
CNT,1,6286,2,6672628304,6832644272,rp2040_timer0,100009980,R,h1_ocxo_open_loop,16
CNT,1,6287,2,6848628304,7008644336,rp2040_timer0,100010020,R,h1_ocxo_open_loop,16
CNT,1,6288,2,7024628288,7184644272,rp2040_timer0,100009990,R,h1_ocxo_open_loop,16
CNT,1,6289,2,7200628288,7360644336,rp2040_timer0,100010030,R,h1_ocxo_open_loop,16
CNT,1,6290,2,7376628256,7536644320,rp2040_timer0,100010040,R,h1_ocxo_open_loop,16
CNT,1,6291,2,7552628272,7712644304,rp2040_timer0,100010020,R,h1_ocxo_open_loop,16
CNT,1,6292,2,7728628288,7888644336,rp2040_timer0,100010030,R,h1_ocxo_open_loop,16
CNT,1,6293,2,7904628256,8064644272,rp2040_timer0,100010010,R,h1_ocxo_open_loop,16
CNT,1,6294,2,8080628288,8240644272,rp2040_timer0,100009990,R,h1_ocxo_open_loop,16
CNT,1,6295,2,8256628240,8416644272,rp2040_timer0,9100911,R,h1_ocxo_open_loop,528
CNT,1,6296,2,8432628304,8592644272,rp2040_timer0,0,R,h1_ocxo_open_loop,528
CNT,1,6297,2,8608628304,8768644304,rp2040_timer0,0,R,h1_ocxo_open_loop,528
CNT,1,6298,2,8784628272,8944644288,rp2040_timer0,36363639,R,h1_ocxo_open_loop,528
CNT,1,6299,2,8960628304,9120644304,rp2040_timer0,0,R,h1_ocxo_open_loop,528
CNT,1,6300,2,9136628304,9296644288,rp2040_timer0,0,R,h1_ocxo_open_loop,528
CNT,1,6301,2,9312628224,9472644320,rp2040_timer0,36363657,R,h1_ocxo_open_loop,528
CNT,1,6302,2,9488628288,9648644304,rp2040_timer0,27282730,R,h1_ocxo_open_loop,528
CNT,1,6303,2,9664628224,9824644288,rp2040_timer0,0,R,h1_ocxo_open_loop,528
CNT,1,6304,2,9840628256,10000644304,rp2040_timer0,0,R,h1_ocxo_open_loop,528
CNT,1,6305,2,10016628272,10176644320,rp2040_timer0,18181823,R,h1_ocxo_open_loop,528
CNT,1,6306,2,10192628240,10352644288,rp2040_timer0,18181823,R,h1_ocxo_open_loop,528
CNT,1,6307,2,10368628288,10528644288,rp2040_timer0,45464546,R,h1_ocxo_open_loop,528
CNT,1,6308,2,10544628304,10704644320,rp2040_timer0,0,R,h1_ocxo_open_loop,528
CNT,1,6309,2,10720628240,10880644336,rp2040_timer0,36373658,R,h1_ocxo_open_loop,528
CNT,1,6310,2,10896628304,11056644288,rp2040_timer0,100009990,R,h1_ocxo_open_loop,16
CNT,1,6311,2,11072628288,11232644320,rp2040_timer0,100010020,R,h1_ocxo_open_loop,16
CNT,1,6312,2,11248628288,11408644288,rp2040_timer0,90919091,R,h1_ocxo_open_loop,528
CNT,1,6313,2,11424628288,11584644336,rp2040_timer0,63626381,R,h1_ocxo_open_loop,528
CNT,1,6314,2,11600628272,11760644304,rp2040_timer0,81828198,R,h1_ocxo_open_loop,528
CNT,1,6315,2,11776628256,11936644272,rp2040_timer0,90919100,R,h1_ocxo_open_loop,528
CNT,1,6316,2,11952628240,12112644336,rp2040_timer0,100010060,R,h1_ocxo_open_loop,16
CNT,1,6317,2,12128628256,12288644320,rp2040_timer0,90919127,R,h1_ocxo_open_loop,528
CNT,1,6318,2,12304628288,12464644288,rp2040_timer0,100010000,R,h1_ocxo_open_loop,16
CNT,1,6319,2,12480628288,12640644272,rp2040_timer0,100009990,R,h1_ocxo_open_loop,16
CNT,1,6320,2,12656628272,12816644336,rp2040_timer0,100010040,R,h1_ocxo_open_loop,16
CNT,1,6321,2,12832628240,12992644288,rp2040_timer0,100010030,R,h1_ocxo_open_loop,16
CNT,1,6322,2,13008628224,13168644272,rp2040_timer0,100010030,R,h1_ocxo_open_loop,16
CNT,1,6323,2,13184628304,13344644304,rp2040_timer0,100010000,R,h1_ocxo_open_loop,16
CNT,1,6324,2,13360628256,13520644304,rp2040_timer0,100010030,R,h1_ocxo_open_loop,16
CNT,1,6325,2,13536628224,13696644336,rp2040_timer0,100010070,R,h1_ocxo_open_loop,16
CNT,1,6326,2,13712628240,13872644272,rp2040_timer0,100010020,R,h1_ocxo_open_loop,16
CNT,1,6327,2,13888628272,14048644320,rp2040_timer0,100010030,R,h1_ocxo_open_loop,16
CNT,1,6328,2,14064628240,14224644320,rp2040_timer0,100010050,R,h1_ocxo_open_loop,16
CNT,1,6329,2,14240628288,14400644336,rp2040_timer0,100010030,R,h1_ocxo_open_loop,16
CNT,1,6330,2,14416628224,14576644320,rp2040_timer0,100010060,R,h1_ocxo_open_loop,16
CNT,1,6331,2,14592628272,14752644288,rp2040_timer0,100010010,R,h1_ocxo_open_loop,16
CNT,1,6332,2,14768628272,14928644320,rp2040_timer0,100010030,R,h1_ocxo_open_loop,16
CNT,1,6333,2,14944628240,15104644304,rp2040_timer0,100010040,R,h1_ocxo_open_loop,16
CNT,1,6334,2,15120628256,15280644288,rp2040_timer0,100010020,R,h1_ocxo_open_loop,16
CNT,1,6335,2,15296628304,15456644288,rp2040_timer0,100009990,R,h1_ocxo_open_loop,16
CNT,1,6336,2,15472628240,15632644288,rp2040_timer0,100010030,R,h1_ocxo_open_loop,16
CNT,1,6337,2,15648628304,15808644272,rp2040_timer0,100009980,R,h1_ocxo_open_loop,16
CNT,1,6338,2,15824628304,15984644288,rp2040_timer0,100009990,R,h1_ocxo_open_loop,16
CNT,1,6339,2,16000628288,16160644272,rp2040_timer0,100009990,R,h1_ocxo_open_loop,16
CNT,1,6340,2,16176628224,16336644304,rp2040_timer0,100010050,R,h1_ocxo_open_loop,16
CNT,1,6341,2,16352628304,16512644320,rp2040_timer0,100010010,R,h1_ocxo_open_loop,16
CNT,1,6342,2,16528628256,16688644272,rp2040_timer0,100010010,R,h1_ocxo_open_loop,16
CNT,1,6343,2,16704628256,16864644272,rp2040_timer0,100010010,R,h1_ocxo_open_loop,16
CNT,1,6344,2,16880628256,17040644272,rp2040_timer0,100010010,R,h1_ocxo_open_loop,16
CNT,1,6345,2,17056628256,17216644336,rp2040_timer0,100010050,R,h1_ocxo_open_loop,16
CNT,1,6346,2,17232628240,17392644304,rp2040_timer0,100010040,R,h1_ocxo_open_loop,16
CNT,1,6347,2,17408628272,17568644320,rp2040_timer0,72727293,R,h1_ocxo_open_loop,528
CNT,1,6348,2,17584628272,17744644272,rp2040_timer0,0,R,h1_ocxo_open_loop,528
CNT,1,6349,2,17760628256,17920644288,rp2040_timer0,90909108,R,h1_ocxo_open_loop,528
CNT,1,6350,2,17936628224,18096644288,rp2040_timer0,100010040,R,h1_ocxo_open_loop,16
CNT,1,6351,2,18112628240,18272644272,rp2040_timer0,100010020,R,h1_ocxo_open_loop,16
CNT,1,6352,2,18288628272,18448644304,rp2040_timer0,100010020,R,h1_ocxo_open_loop,16
CNT,1,6353,2,18464628272,18624644288,rp2040_timer0,100010010,R,h1_ocxo_open_loop,16
CNT,1,6354,2,18640628272,18800644272,rp2040_timer0,100010000,R,h1_ocxo_open_loop,16
CNT,1,6355,2,18816628288,18976644288,rp2040_timer0,0,R,h1_ocxo_open_loop,528
CNT,1,6356,2,18992628304,19152644336,rp2040_timer0,0,R,h1_ocxo_open_loop,528
CNT,1,6357,2,19168628240,19328644288,rp2040_timer0,0,R,h1_ocxo_open_loop,528
CNT,1,6358,2,19344628272,19504644304,rp2040_timer0,0,R,h1_ocxo_open_loop,528
CNT,1,6359,2,19520628240,19680644320,rp2040_timer0,0,R,h1_ocxo_open_loop,528
CNT,1,6360,2,19696628256,19856644272,rp2040_timer0,0,R,h1_ocxo_open_loop,528
CNT,1,6361,2,19872628256,20032644272,rp2040_timer0,0,R,h1_ocxo_open_loop,528
CNT,1,6362,2,20048628288,20208644320,rp2040_timer0,0,R,h1_ocxo_open_loop,528
CNT,1,6363,2,20224628272,20384644320,rp2040_timer0,0,R,h1_ocxo_open_loop,528
CNT,1,6364,2,20400628304,20560660288,rp2040_timer0,0,R,h1_ocxo_open_loop,528
CNT,1,6365,2,20576628256,20736644272,rp2040_timer0,9090909,R,h1_ocxo_open_loop,528
CNT,1,6366,2,20752628256,20912644304,rp2040_timer0,0,R,h1_ocxo_open_loop,528
CNT,1,6367,2,20928628240,21088644288,rp2040_timer0,63636382,R,h1_ocxo_open_loop,528
CNT,1,6368,2,21104628240,21264644288,rp2040_timer0,100010030,R,h1_ocxo_open_loop,16
CNT,1,6369,2,21280628256,21440644288,rp2040_timer0,90909108,R,h1_ocxo_open_loop,528
CNT,1,6370,2,21456628304,21616644272,rp2040_timer0,100009980,R,h1_ocxo_open_loop,16
CNT,1,6371,2,21632628304,21792644288,rp2040_timer0,90909080,R,h1_ocxo_open_loop,528
CNT,1,6372,2,21808628240,21968644336,rp2040_timer0,100010060,R,h1_ocxo_open_loop,16
CNT,1,6373,2,21984628240,22144644288,rp2040_timer0,100010030,R,h1_ocxo_open_loop,16
CNT,1,6374,2,22160628288,22320644304,rp2040_timer0,100010010,R,h1_ocxo_open_loop,16
CNT,1,6375,2,22336628304,22496644304,rp2040_timer0,100010000,R,h1_ocxo_open_loop,16
CNT,1,6376,2,22512628240,22672644272,rp2040_timer0,100010020,R,h1_ocxo_open_loop,16
CNT,1,6377,2,22688628224,22848644272,rp2040_timer0,90929119,R,h1_ocxo_open_loop,528
CNT,1,6378,2,22864628272,23024644320,rp2040_timer0,0,R,h1_ocxo_open_loop,528
CNT,1,6379,2,23040628288,23200644336,rp2040_timer0,0,R,h1_ocxo_open_loop,528
CNT,1,6380,2,23216628272,23376644288,rp2040_timer0,0,R,h1_ocxo_open_loop,528
CNT,1,6381,2,23392628288,23552644336,rp2040_timer0,0,R,h1_ocxo_open_loop,528
CNT,1,6382,2,23568628304,23728644288,rp2040_timer0,0,R,h1_ocxo_open_loop,528
CNT,1,6383,2,23744628256,23904644272,rp2040_timer0,0,R,h1_ocxo_open_loop,528
CNT,1,6384,2,23920628304,24080644320,rp2040_timer0,0,R,h1_ocxo_open_loop,528
CNT,1,6385,2,24096628256,24256644320,rp2040_timer0,0,R,h1_ocxo_open_loop,528
CNT,1,6386,2,24272628304,24432644288,rp2040_timer0,0,R,h1_ocxo_open_loop,528
CNT,1,6387,2,24448628272,24608644288,rp2040_timer0,0,R,h1_ocxo_open_loop,528
CNT,1,6388,2,24624628288,24784644272,rp2040_timer0,72737265,R,h1_ocxo_open_loop,528
CNT,1,6389,2,24800628272,24960644272,rp2040_timer0,100010000,R,h1_ocxo_open_loop,16
CNT,1,6390,2,24976628240,25136644304,rp2040_timer0,100010040,R,h1_ocxo_open_loop,16
CNT,1,6391,2,25152628256,25312644320,rp2040_timer0,100010040,R,h1_ocxo_open_loop,16
CNT,1,6392,2,25328628304,25488644304,rp2040_timer0,100010000,R,h1_ocxo_open_loop,16
CNT,1,6393,2,25504628240,25664644288,rp2040_timer0,100010030,R,h1_ocxo_open_loop,16
CNT,1,6394,2,25680628272,25840644336,rp2040_timer0,100010040,R,h1_ocxo_open_loop,16
CNT,1,6395,2,25856628256,26016644304,rp2040_timer0,100010030,R,h1_ocxo_open_loop,16
CNT,1,6396,2,26032628240,26192644272,rp2040_timer0,100010020,R,h1_ocxo_open_loop,16
CNT,1,6397,2,26208628224,26368644288,rp2040_timer0,100010040,R,h1_ocxo_open_loop,16
CNT,1,6398,2,26384628288,26544644320,rp2040_timer0,100010020,R,h1_ocxo_open_loop,16
CNT,1,6399,2,26560628256,26720644288,rp2040_timer0,100010020,R,h1_ocxo_open_loop,16
CNT,1,6400,2,26736628256,26896644288,rp2040_timer0,100010020,R,h1_ocxo_open_loop,16
CNT,1,6401,2,26912628272,27072644304,rp2040_timer0,100010020,R,h1_ocxo_open_loop,16
CNT,1,6402,2,27088628288,27248644320,rp2040_timer0,100010020,R,h1_ocxo_open_loop,16
CNT,1,6403,2,27264628256,27424644304,rp2040_timer0,100010030,R,h1_ocxo_open_loop,16
CNT,1,6404,2,27440628256,27600644288,rp2040_timer0,100010020,R,h1_ocxo_open_loop,16
CNT,1,6405,2,27616628272,27776644320,rp2040_timer0,100010030,R,h1_ocxo_open_loop,16
CNT,1,6406,2,27792628272,27952644288,rp2040_timer0,100010010,R,h1_ocxo_open_loop,16
CNT,1,6407,2,27968628272,28128644272,rp2040_timer0,100010000,R,h1_ocxo_open_loop,16
CNT,1,6408,2,28144628256,28304644256,rp2040_timer0,100010000,R,h1_ocxo_open_loop,16
CNT,1,6409,2,28320628256,28480644320,rp2040_timer0,100010040,R,h1_ocxo_open_loop,16
CNT,1,6410,2,28496628272,28656644304,rp2040_timer0,100010020,R,h1_ocxo_open_loop,16
CNT,1,6411,2,28672628304,28832644320,rp2040_timer0,100010010,R,h1_ocxo_open_loop,16
CNT,1,6412,2,28848628272,29008644336,rp2040_timer0,100010040,R,h1_ocxo_open_loop,16
CNT,1,6413,2,29024628272,29184644320,rp2040_timer0,100010030,R,h1_ocxo_open_loop,16
CNT,1,6414,2,29200628240,29360644272,rp2040_timer0,100010020,R,h1_ocxo_open_loop,16
CNT,1,6415,2,29376628272,29536644304,rp2040_timer0,100010020,R,h1_ocxo_open_loop,16
CNT,1,6416,2,29552628224,29712644304,rp2040_timer0,100010050,R,h1_ocxo_open_loop,16
CNT,1,6417,2,29728628304,29888644336,rp2040_timer0,100010020,R,h1_ocxo_open_loop,16
CNT,1,6418,2,29904628288,30064644336,rp2040_timer0,100010030,R,h1_ocxo_open_loop,16
CNT,1,6419,2,30080628304,30240644288,rp2040_timer0,100009990,R,h1_ocxo_open_loop,16
CNT,1,6420,2,30256628272,30416644304,rp2040_timer0,100010020,R,h1_ocxo_open_loop,16
CNT,1,6421,2,30432628272,30592644320,rp2040_timer0,100010030,R,h1_ocxo_open_loop,16
CNT,1,6422,2,30608628272,30768644272,rp2040_timer0,100010000,R,h1_ocxo_open_loop,16
CNT,1,6423,2,30784628240,30944644288,rp2040_timer0,100010030,R,h1_ocxo_open_loop,16
CNT,1,6424,2,30960628240,31120644304,rp2040_timer0,100010040,R,h1_ocxo_open_loop,16
CNT,1,6425,2,31136628288,31296644336,rp2040_timer0,100010030,R,h1_ocxo_open_loop,16
CNT,1,6426,2,31312628272,31472644304,rp2040_timer0,100010020,R,h1_ocxo_open_loop,16
CNT,1,6427,2,31488628272,31648644288,rp2040_timer0,100010010,R,h1_ocxo_open_loop,16
CNT,1,6428,2,31664628272,31824644288,rp2040_timer0,100010010,R,h1_ocxo_open_loop,16
CNT,1,6429,2,31840628224,32000644256,rp2040_timer0,100010020,R,h1_ocxo_open_loop,16
CNT,1,6430,2,32016628240,32176644320,rp2040_timer0,100010050,R,h1_ocxo_open_loop,16
CNT,1,6431,2,32192628256,32352644336,rp2040_timer0,100010050,R,h1_ocxo_open_loop,16
CNT,1,6432,2,32368628256,32528644272,rp2040_timer0,100010010,R,h1_ocxo_open_loop,16
CNT,1,6433,2,32544628240,32704644320,rp2040_timer0,100010050,R,h1_ocxo_open_loop,16
CNT,1,6434,2,32720628240,32880644304,rp2040_timer0,100010040,R,h1_ocxo_open_loop,16
CNT,1,6435,2,32896628256,33056644288,rp2040_timer0,100010020,R,h1_ocxo_open_loop,16
CNT,1,6436,2,33072628240,33232644288,rp2040_timer0,100010030,R,h1_ocxo_open_loop,16
CNT,1,6437,2,33248628304,33408644272,rp2040_timer0,100009980,R,h1_ocxo_open_loop,16
CNT,1,6438,2,33424628256,33584644288,rp2040_timer0,100010020,R,h1_ocxo_open_loop,16
CNT,1,6439,2,33600628240,33760644320,rp2040_timer0,100010050,R,h1_ocxo_open_loop,16
CNT,1,6440,2,33776628288,33936644304,rp2040_timer0,100010010,R,h1_ocxo_open_loop,16
CNT,1,6441,2,33952628272,34112644272,rp2040_timer0,100010000,R,h1_ocxo_open_loop,16
CNT,1,6442,2,34128628304,34288644304,rp2040_timer0,100010000,R,h1_ocxo_open_loop,16
CNT,1,6443,2,34304628304,34464644336,rp2040_timer0,100010020,R,h1_ocxo_open_loop,16
CNT,1,6444,2,34480628288,34640644304,rp2040_timer0,100010010,R,h1_ocxo_open_loop,16
CNT,1,6445,2,34656628272,34816644272,rp2040_timer0,100010000,R,h1_ocxo_open_loop,16
CNT,1,6446,2,34832628352,34992644336,rp2040_timer0,100009990,R,h1_ocxo_open_loop,16
CNT,1,6447,2,35008628272,35168644288,rp2040_timer0,100010010,R,h1_ocxo_open_loop,16
CNT,1,6448,2,35184628288,35344644288,rp2040_timer0,100010000,R,h1_ocxo_open_loop,16
CNT,1,6449,2,35360628288,35520644320,rp2040_timer0,100010020,R,h1_ocxo_open_loop,16
CNT,1,6450,2,35536628256,35696644336,rp2040_timer0,100010050,R,h1_ocxo_open_loop,16
CNT,1,6451,2,35712628224,35872644336,rp2040_timer0,100010070,R,h1_ocxo_open_loop,16
CNT,1,6452,2,35888628304,36048644336,rp2040_timer0,100010020,R,h1_ocxo_open_loop,16
CNT,1,6453,2,36064628272,36224644288,rp2040_timer0,100010010,R,h1_ocxo_open_loop,16
CNT,1,6454,2,36240628240,36400644288,rp2040_timer0,100010030,R,h1_ocxo_open_loop,16
CNT,1,6455,2,36416628272,36576644320,rp2040_timer0,100010030,R,h1_ocxo_open_loop,16
CNT,1,6456,2,36592628224,36752644336,rp2040_timer0,100010070,R,h1_ocxo_open_loop,16
CNT,1,6457,2,36768628224,36928644272,rp2040_timer0,100010030,R,h1_ocxo_open_loop,16
CNT,1,6458,2,36944628224,37104644288,rp2040_timer0,100010040,R,h1_ocxo_open_loop,16
CNT,1,6459,2,37120628256,37280644304,rp2040_timer0,100010030,R,h1_ocxo_open_loop,16
CNT,1,6460,2,37296628304,37456644272,rp2040_timer0,100009980,R,h1_ocxo_open_loop,16
CNT,1,6461,2,37472628240,37632644272,rp2040_timer0,100010020,R,h1_ocxo_open_loop,16
CNT,1,6462,2,37648628240,37808644288,rp2040_timer0,100010030,R,h1_ocxo_open_loop,16
CNT,1,6463,2,37824628240,37984644288,rp2040_timer0,100010030,R,h1_ocxo_open_loop,16
CNT,1,6464,2,38000628256,38160644288,rp2040_timer0,100010020,R,h1_ocxo_open_loop,16
CNT,1,6465,2,38176628240,38336644272,rp2040_timer0,100010020,R,h1_ocxo_open_loop,16
CNT,1,6466,2,38352628304,38512644304,rp2040_timer0,100010000,R,h1_ocxo_open_loop,16
CNT,1,6467,2,38528628288,38688644320,rp2040_timer0,100010020,R,h1_ocxo_open_loop,16
CNT,1,6468,2,38704628240,38864644272,rp2040_timer0,100010020,R,h1_ocxo_open_loop,16
CNT,1,6469,2,38880628272,39040644256,rp2040_timer0,100009990,R,h1_ocxo_open_loop,16
CNT,1,6470,2,39056628272,39216644272,rp2040_timer0,100010000,R,h1_ocxo_open_loop,16
CNT,1,6471,2,39232628272,39392644336,rp2040_timer0,100010040,R,h1_ocxo_open_loop,16
CNT,1,6472,2,39408628224,39568644304,rp2040_timer0,100010050,R,h1_ocxo_open_loop,16
CNT,1,6473,2,39584628272,39744644304,rp2040_timer0,100010020,R,h1_ocxo_open_loop,16
CNT,1,6474,2,39760628240,39920644304,rp2040_timer0,100010040,R,h1_ocxo_open_loop,16
CNT,1,6475,2,39936628256,40096644272,rp2040_timer0,100010010,R,h1_ocxo_open_loop,16
CNT,1,6476,2,40112628256,40272644320,rp2040_timer0,100010040,R,h1_ocxo_open_loop,16
CNT,1,6477,2,40288628304,40448644320,rp2040_timer0,100010010,R,h1_ocxo_open_loop,16
CNT,1,6478,2,40464628240,40624644272,rp2040_timer0,100010020,R,h1_ocxo_open_loop,16
CNT,1,6479,2,40640628288,40800644272,rp2040_timer0,100009990,R,h1_ocxo_open_loop,16
CNT,1,6480,2,40816628224,40976644304,rp2040_timer0,100010050,R,h1_ocxo_open_loop,16
CNT,1,6481,2,40992628272,41152644256,rp2040_timer0,100009990,R,h1_ocxo_open_loop,16
CNT,1,6482,2,41168628288,41328644320,rp2040_timer0,100010020,R,h1_ocxo_open_loop,16
CNT,1,6483,2,41344628304,41504644320,rp2040_timer0,100010010,R,h1_ocxo_open_loop,16
CNT,1,6484,2,41520628256,41680644336,rp2040_timer0,100010050,R,h1_ocxo_open_loop,16
CNT,1,6485,2,41696628272,41856644320,rp2040_timer0,100010030,R,h1_ocxo_open_loop,16
CNT,1,6486,2,41872628240,42032644320,rp2040_timer0,100010050,R,h1_ocxo_open_loop,16
CNT,1,6487,2,42048628288,42208644304,rp2040_timer0,100010010,R,h1_ocxo_open_loop,16
CNT,1,6488,2,42224628288,42384644336,rp2040_timer0,100010030,R,h1_ocxo_open_loop,16
CNT,1,6489,2,42400628272,42560644336,rp2040_timer0,100010040,R,h1_ocxo_open_loop,16
CNT,1,6490,2,42576628288,42736644256,rp2040_timer0,100009980,R,h1_ocxo_open_loop,16
CNT,1,6491,2,42752628240,42912644288,rp2040_timer0,100010030,R,h1_ocxo_open_loop,16
CNT,1,6492,2,42928628224,43088644272,rp2040_timer0,100010030,R,h1_ocxo_open_loop,16
CNT,1,6493,2,43104628240,43264644304,rp2040_timer0,100010040,R,h1_ocxo_open_loop,16
CNT,1,6494,2,43280628272,43440644288,rp2040_timer0,100010010,R,h1_ocxo_open_loop,16
CNT,1,6495,2,43456628272,43616644288,rp2040_timer0,100010010,R,h1_ocxo_open_loop,16
CNT,1,6496,2,43632628240,43792644288,rp2040_timer0,100010030,R,h1_ocxo_open_loop,16
CNT,1,6497,2,43808628304,43968644304,rp2040_timer0,100010000,R,h1_ocxo_open_loop,16
CNT,1,6498,2,43984628272,44144644288,rp2040_timer0,100010010,R,h1_ocxo_open_loop,16
CNT,1,6499,2,44160628256,44320644272,rp2040_timer0,100010010,R,h1_ocxo_open_loop,16
CNT,1,6500,2,44336628288,44496644288,rp2040_timer0,100010000,R,h1_ocxo_open_loop,16
CNT,1,6501,2,44512628240,44672644304,rp2040_timer0,100010040,R,h1_ocxo_open_loop,16
CNT,1,6502,2,44688628272,44848644288,rp2040_timer0,100010010,R,h1_ocxo_open_loop,16
CNT,1,6503,2,44864628272,45024644272,rp2040_timer0,100010000,R,h1_ocxo_open_loop,16
CNT,1,6504,2,45040628272,45200644336,rp2040_timer0,100010040,R,h1_ocxo_open_loop,16
CNT,1,6505,2,45216628288,45376644304,rp2040_timer0,100010010,R,h1_ocxo_open_loop,16
CNT,1,6506,2,45392628256,45552644336,rp2040_timer0,100010050,R,h1_ocxo_open_loop,16
CNT,1,6507,2,45568628304,45728644336,rp2040_timer0,100010020,R,h1_ocxo_open_loop,16
CNT,1,6508,2,45744628288,45904644272,rp2040_timer0,100009990,R,h1_ocxo_open_loop,16
CNT,1,6509,2,45920628272,46080644272,rp2040_timer0,100010000,R,h1_ocxo_open_loop,16
CNT,1,6510,2,46096628224,46256644336,rp2040_timer0,100010070,R,h1_ocxo_open_loop,16
CNT,1,6511,2,46272628256,46432644288,rp2040_timer0,100010020,R,h1_ocxo_open_loop,16
CNT,1,6512,2,46448628240,46608644320,rp2040_timer0,100010050,R,h1_ocxo_open_loop,16
CNT,1,6513,2,46624628240,46784644336,rp2040_timer0,100010060,R,h1_ocxo_open_loop,16
CNT,1,6514,2,46800628240,46960644272,rp2040_timer0,100010020,R,h1_ocxo_open_loop,16
CNT,1,6515,2,46976628272,47136644272,rp2040_timer0,100010000,R,h1_ocxo_open_loop,16
CNT,1,6516,2,47152628224,47312644288,rp2040_timer0,100010040,R,h1_ocxo_open_loop,16
CNT,1,6517,2,47328628272,47488644272,rp2040_timer0,100010000,R,h1_ocxo_open_loop,16
CNT,1,6518,2,47504628304,47664644288,rp2040_timer0,100009990,R,h1_ocxo_open_loop,16
CNT,1,6519,2,47680628272,47840644304,rp2040_timer0,100010020,R,h1_ocxo_open_loop,16
CNT,1,6520,2,47856628288,48016644304,rp2040_timer0,100010010,R,h1_ocxo_open_loop,16
CNT,1,6521,2,48032628256,48192644288,rp2040_timer0,100010020,R,h1_ocxo_open_loop,16
CNT,1,6522,2,48208628240,48368644288,rp2040_timer0,100010030,R,h1_ocxo_open_loop,16
CNT,1,6523,2,48384628288,48544644304,rp2040_timer0,100010010,R,h1_ocxo_open_loop,16
CNT,1,6524,2,48560628272,48720644304,rp2040_timer0,100010020,R,h1_ocxo_open_loop,16
CNT,1,6525,2,48736628256,48896644320,rp2040_timer0,100010040,R,h1_ocxo_open_loop,16
CNT,1,6526,2,48912628304,49072644320,rp2040_timer0,100010010,R,h1_ocxo_open_loop,16
CNT,1,6527,2,49088628304,49248644272,rp2040_timer0,100009980,R,h1_ocxo_open_loop,16
CNT,1,6528,2,49264628224,49424644384,rp2040_timer0,100010100,R,h1_ocxo_open_loop,16
CNT,1,6529,2,49440628304,49600644256,rp2040_timer0,100009970,R,h1_ocxo_open_loop,16
CNT,1,6530,2,49616628256,49776644304,rp2040_timer0,100010030,R,h1_ocxo_open_loop,16
CNT,1,6531,2,49792628288,49952644288,rp2040_timer0,100010000,R,h1_ocxo_open_loop,16
CNT,1,6532,2,49968628256,50128644272,rp2040_timer0,100010010,R,h1_ocxo_open_loop,16
CNT,1,6533,2,50144628256,50304644336,rp2040_timer0,100010050,R,h1_ocxo_open_loop,16
CNT,1,6534,2,50320628272,50480644320,rp2040_timer0,100010030,R,h1_ocxo_open_loop,16
CNT,1,6535,2,50496628240,50656644304,rp2040_timer0,100010040,R,h1_ocxo_open_loop,16
CNT,1,6536,2,50672628272,50832644336,rp2040_timer0,100010040,R,h1_ocxo_open_loop,16
CNT,1,6537,2,50848628288,51008644336,rp2040_timer0,100010030,R,h1_ocxo_open_loop,16
CNT,1,6538,2,51024628304,51184644272,rp2040_timer0,100009980,R,h1_ocxo_open_loop,16
CNT,1,6539,2,51200628304,51360644272,rp2040_timer0,100009980,R,h1_ocxo_open_loop,16
CNT,1,6540,2,51376628288,51536644320,rp2040_timer0,100010020,R,h1_ocxo_open_loop,16
CNT,1,6541,2,51552628240,51712644304,rp2040_timer0,100010040,R,h1_ocxo_open_loop,16
CNT,1,6542,2,51728628304,51888644272,rp2040_timer0,100009980,R,h1_ocxo_open_loop,16
CNT,1,6543,2,51904628288,52064644320,rp2040_timer0,100010020,R,h1_ocxo_open_loop,16
CNT,1,6544,2,52080628256,52240644304,rp2040_timer0,100010030,R,h1_ocxo_open_loop,16
CNT,1,6545,2,52256628288,52416644304,rp2040_timer0,100010010,R,h1_ocxo_open_loop,16
CNT,1,6546,2,52432628224,52592644288,rp2040_timer0,100010040,R,h1_ocxo_open_loop,16
CNT,1,6547,2,52608628304,52768644288,rp2040_timer0,100009990,R,h1_ocxo_open_loop,16
CNT,1,6548,2,52784628256,52944644336,rp2040_timer0,90919136,R,h1_ocxo_open_loop,528
CNT,1,6549,2,52960628288,53120644288,rp2040_timer0,100010000,R,h1_ocxo_open_loop,16
CNT,1,6550,2,53136628272,53296644256,rp2040_timer0,100009990,R,h1_ocxo_open_loop,16
CNT,1,6551,2,53312628272,53472644272,rp2040_timer0,100010000,R,h1_ocxo_open_loop,16
CNT,1,6552,2,53488628288,53648644304,rp2040_timer0,100010010,R,h1_ocxo_open_loop,16
CNT,1,6553,2,53664628288,53824644288,rp2040_timer0,100010000,R,h1_ocxo_open_loop,16
CNT,1,6554,2,53840628304,54000644304,rp2040_timer0,100010000,R,h1_ocxo_open_loop,16
CNT,1,6555,2,54016628288,54176644336,rp2040_timer0,100010030,R,h1_ocxo_open_loop,16
CNT,1,6556,2,54192628304,54352644288,rp2040_timer0,100009990,R,h1_ocxo_open_loop,16
CNT,1,6557,2,54368628304,54528644320,rp2040_timer0,100010010,R,h1_ocxo_open_loop,16
CNT,1,6558,2,54544628288,54704644288,rp2040_timer0,100010000,R,h1_ocxo_open_loop,16
CNT,1,6559,2,54720628272,54880644288,rp2040_timer0,100010010,R,h1_ocxo_open_loop,16
CNT,1,6560,2,54896628272,55056644320,rp2040_timer0,100010030,R,h1_ocxo_open_loop,16
CNT,1,6561,2,55072628272,55232644320,rp2040_timer0,100010030,R,h1_ocxo_open_loop,16
CNT,1,6562,2,55248628288,55408644288,rp2040_timer0,100010000,R,h1_ocxo_open_loop,16
CNT,1,6563,2,55424628304,55584644336,rp2040_timer0,100010020,R,h1_ocxo_open_loop,16
CNT,1,6564,2,55600628288,55760644288,rp2040_timer0,100010000,R,h1_ocxo_open_loop,16
CNT,1,6565,2,55776628304,55936644320,rp2040_timer0,100010010,R,h1_ocxo_open_loop,16
CNT,1,6566,2,55952628256,56112644272,rp2040_timer0,100010010,R,h1_ocxo_open_loop,16
CNT,1,6567,2,56128628256,56288644272,rp2040_timer0,100010010,R,h1_ocxo_open_loop,16
CNT,1,6568,2,56304628304,56464644288,rp2040_timer0,100009990,R,h1_ocxo_open_loop,16
CNT,1,6569,2,56480628240,56640644288,rp2040_timer0,100010030,R,h1_ocxo_open_loop,16
CNT,1,6570,2,56656628288,56816644320,rp2040_timer0,100010020,R,h1_ocxo_open_loop,16
CNT,1,6571,2,56832628288,56992644272,rp2040_timer0,100009990,R,h1_ocxo_open_loop,16
CNT,1,6572,2,57008628288,57168644288,rp2040_timer0,100010000,R,h1_ocxo_open_loop,16
CNT,1,6573,2,57184628304,57344644304,rp2040_timer0,100010000,R,h1_ocxo_open_loop,16
CNT,1,6574,2,57360628272,57520644272,rp2040_timer0,100010000,R,h1_ocxo_open_loop,16
CNT,1,6575,2,57536628256,57696644336,rp2040_timer0,100010050,R,h1_ocxo_open_loop,16
CNT,1,6576,2,57712628224,57872644320,rp2040_timer0,100010060,R,h1_ocxo_open_loop,16
CNT,1,6577,2,57888628272,58048644272,rp2040_timer0,100010000,R,h1_ocxo_open_loop,16
CNT,1,6578,2,58064628288,58224644320,rp2040_timer0,100010020,R,h1_ocxo_open_loop,16
CNT,1,6579,2,58240628304,58400644320,rp2040_timer0,100010010,R,h1_ocxo_open_loop,16
CNT,1,6580,2,58416628288,58576644288,rp2040_timer0,100010000,R,h1_ocxo_open_loop,16
CNT,1,6581,2,58592628240,58752644272,rp2040_timer0,100010020,R,h1_ocxo_open_loop,16
CNT,1,6582,2,58768628240,58928644272,rp2040_timer0,100010020,R,h1_ocxo_open_loop,16
CNT,1,6583,2,58944628272,59104644336,rp2040_timer0,100010040,R,h1_ocxo_open_loop,16
CNT,1,6584,2,59120628224,59280644288,rp2040_timer0,100010040,R,h1_ocxo_open_loop,16
CNT,1,6585,2,59296628256,59456644272,rp2040_timer0,100010010,R,h1_ocxo_open_loop,16
CNT,1,6586,2,59472628224,59632644304,rp2040_timer0,100010050,R,h1_ocxo_open_loop,16
CNT,1,6587,2,59648628288,59808644320,rp2040_timer0,100010020,R,h1_ocxo_open_loop,16
CNT,1,6588,2,59824628288,59984644304,rp2040_timer0,100010010,R,h1_ocxo_open_loop,16
CNT,1,6589,2,60000628256,60160644320,rp2040_timer0,100010040,R,h1_ocxo_open_loop,16
CNT,1,6590,2,60176628304,60336644288,rp2040_timer0,100009990,R,h1_ocxo_open_loop,16
CNT,1,6591,2,60352628272,60512644336,rp2040_timer0,100010040,R,h1_ocxo_open_loop,16
CNT,1,6592,2,60528628288,60688644320,rp2040_timer0,100010020,R,h1_ocxo_open_loop,16
CNT,1,6593,2,60704628256,60864644288,rp2040_timer0,100010020,R,h1_ocxo_open_loop,16
CNT,1,6594,2,60880628304,61040644272,rp2040_timer0,100009980,R,h1_ocxo_open_loop,16
CNT,1,6595,2,61056628304,61216644320,rp2040_timer0,100010010,R,h1_ocxo_open_loop,16
CNT,1,6596,2,61232628240,61392644304,rp2040_timer0,100010040,R,h1_ocxo_open_loop,16
CNT,1,6597,2,61408628256,61568644272,rp2040_timer0,100010010,R,h1_ocxo_open_loop,16
CNT,1,6598,2,61584628256,61744644256,rp2040_timer0,100010000,R,h1_ocxo_open_loop,16
CNT,1,6599,2,61760628256,61920644272,rp2040_timer0,100010010,R,h1_ocxo_open_loop,16
CNT,1,6600,2,61936628272,62096644304,rp2040_timer0,100010020,R,h1_ocxo_open_loop,16
CNT,1,6601,2,62112628256,62272644320,rp2040_timer0,100010040,R,h1_ocxo_open_loop,16
CNT,1,6602,2,62288628240,62448644320,rp2040_timer0,100010050,R,h1_ocxo_open_loop,16
CNT,1,6603,2,62464628256,62624644336,rp2040_timer0,100010050,R,h1_ocxo_open_loop,16
CNT,1,6604,2,62640628272,62800644336,rp2040_timer0,100010040,R,h1_ocxo_open_loop,16
CNT,1,6605,2,62816628272,62976644336,rp2040_timer0,100010040,R,h1_ocxo_open_loop,16
CNT,1,6606,2,62992628256,63152644304,rp2040_timer0,100010030,R,h1_ocxo_open_loop,16
CNT,1,6607,2,63168628224,63328644272,rp2040_timer0,100010030,R,h1_ocxo_open_loop,16
CNT,1,6608,2,63344628272,63504644288,rp2040_timer0,100010010,R,h1_ocxo_open_loop,16
CNT,1,6609,2,63520628224,63680644320,rp2040_timer0,100010060,R,h1_ocxo_open_loop,16
CNT,1,6610,2,63696628288,63856644304,rp2040_timer0,100010010,R,h1_ocxo_open_loop,16
CNT,1,6611,2,63872628288,64032644336,rp2040_timer0,100010030,R,h1_ocxo_open_loop,16
CNT,1,6612,2,64048628304,64208644272,rp2040_timer0,100009980,R,h1_ocxo_open_loop,16
CNT,1,6613,2,64224628288,64384644272,rp2040_timer0,100009990,R,h1_ocxo_open_loop,16
CNT,1,6614,2,64400628256,64560644288,rp2040_timer0,100010020,R,h1_ocxo_open_loop,16
CNT,1,6615,2,64576628224,64736644288,rp2040_timer0,100010040,R,h1_ocxo_open_loop,16
CNT,1,6616,2,64752628256,64912644288,rp2040_timer0,100010020,R,h1_ocxo_open_loop,16
CNT,1,6617,2,64928628272,65088644320,rp2040_timer0,100010030,R,h1_ocxo_open_loop,16
CNT,1,6618,2,65104628256,65264644320,rp2040_timer0,100010040,R,h1_ocxo_open_loop,16
CNT,1,6619,2,65280628240,65440644304,rp2040_timer0,100010040,R,h1_ocxo_open_loop,16
CNT,1,6620,2,65456628224,65616644272,rp2040_timer0,100010030,R,h1_ocxo_open_loop,16
CNT,1,6621,2,65632628288,65792644336,rp2040_timer0,100010030,R,h1_ocxo_open_loop,16
CNT,1,6622,2,65808628288,65968644320,rp2040_timer0,100010020,R,h1_ocxo_open_loop,16
CNT,1,6623,2,65984628304,66144644288,rp2040_timer0,100009990,R,h1_ocxo_open_loop,16
CNT,1,6624,2,66160628288,66320644336,rp2040_timer0,100010030,R,h1_ocxo_open_loop,16
CNT,1,6625,2,66336628288,66496644320,rp2040_timer0,100010020,R,h1_ocxo_open_loop,16
CNT,1,6626,2,66512628272,66672644304,rp2040_timer0,100010020,R,h1_ocxo_open_loop,16
CNT,1,6627,2,66688628256,66848644320,rp2040_timer0,100010040,R,h1_ocxo_open_loop,16
CNT,1,6628,2,66864628240,67024644320,rp2040_timer0,100010050,R,h1_ocxo_open_loop,16
CNT,1,6629,2,67040628256,67200644272,rp2040_timer0,100010010,R,h1_ocxo_open_loop,16
CNT,1,6630,2,67216628288,67376644336,rp2040_timer0,100010030,R,h1_ocxo_open_loop,16
CNT,1,6631,2,67392628304,67552644336,rp2040_timer0,100010020,R,h1_ocxo_open_loop,16
CNT,1,6632,2,67568628272,67728644336,rp2040_timer0,100010040,R,h1_ocxo_open_loop,16
CNT,1,6633,2,67744628288,67904644272,rp2040_timer0,100009990,R,h1_ocxo_open_loop,16
CNT,1,6634,2,67920628272,68080644304,rp2040_timer0,100010020,R,h1_ocxo_open_loop,16
CNT,1,6635,2,68096628304,68256644336,rp2040_timer0,100010020,R,h1_ocxo_open_loop,16
CNT,1,6636,2,68272628288,68432644320,rp2040_timer0,100010020,R,h1_ocxo_open_loop,16
CNT,1,6637,2,68448628240,68608644304,rp2040_timer0,100010040,R,h1_ocxo_open_loop,16
CNT,1,6638,2,68624628240,68784644288,rp2040_timer0,100010030,R,h1_ocxo_open_loop,16
CNT,1,6639,2,81151536,241167584,rp2040_timer0,100010030,R,h1_ocxo_open_loop,16
CNT,1,6640,2,257151568,417167552,rp2040_timer0,100009990,R,h1_ocxo_open_loop,16
CNT,1,6641,2,433151536,593167584,rp2040_timer0,100010030,R,h1_ocxo_open_loop,16
CNT,1,6642,2,609151568,769167568,rp2040_timer0,100010000,R,h1_ocxo_open_loop,16
CNT,1,6643,2,785151568,945167584,rp2040_timer0,100010010,R,h1_ocxo_open_loop,16
CNT,1,6644,2,961151504,1121167552,rp2040_timer0,100010030,R,h1_ocxo_open_loop,16
CNT,1,6645,2,1137151536,1297167568,rp2040_timer0,100010020,R,h1_ocxo_open_loop,16
CNT,1,6646,2,1313151504,1473167600,rp2040_timer0,100010060,R,h1_ocxo_open_loop,16
CNT,1,6647,2,1489151536,1649167600,rp2040_timer0,100010040,R,h1_ocxo_open_loop,16
CNT,1,6648,2,1665151552,1825167568,rp2040_timer0,100010010,R,h1_ocxo_open_loop,16
CNT,1,6649,2,1841151488,2001167568,rp2040_timer0,81828222,R,h1_ocxo_open_loop,528
CNT,1,6650,2,2017151488,2177167584,rp2040_timer0,0,R,h1_ocxo_open_loop,528
CNT,1,6651,2,2193151504,2353167584,rp2040_timer0,0,R,h1_ocxo_open_loop,528
CNT,1,6652,2,2369151520,2529167520,rp2040_timer0,0,R,h1_ocxo_open_loop,528
CNT,1,6653,2,2545151504,2705167568,rp2040_timer0,0,R,h1_ocxo_open_loop,528
CNT,1,6654,2,2721151552,2881167536,rp2040_timer0,9810980,R,h1_ocxo_open_loop,528
CNT,1,6655,2,2897151504,3057167552,rp2040_timer0,0,R,h1_ocxo_open_loop,528
CNT,1,6656,2,3073151536,3233167552,rp2040_timer0,16251626,R,h1_ocxo_open_loop,528
CNT,1,6657,2,3249151568,3409167552,rp2040_timer0,12731271,R,h1_ocxo_open_loop,528
CNT,1,6658,2,3425151536,3585167584,rp2040_timer0,16501654,R,h1_ocxo_open_loop,528
CNT,1,6659,2,3601151488,3761167568,rp2040_timer0,33333349,R,h1_ocxo_open_loop,528
CNT,1,6660,2,3777151552,3937167536,rp2040_timer0,99999989,R,h1_ocxo_open_loop,16
CNT,1,6661,2,3953151552,4113167520,rp2040_timer0,27272721,R,h1_ocxo_open_loop,528
CNT,1,6662,2,4129151536,4289167584,rp2040_timer0,0,R,h1_ocxo_open_loop,528
CNT,1,6663,2,4305151504,4465167536,rp2040_timer0,9090910,R,h1_ocxo_open_loop,528
CNT,1,6664,2,4481151568,4641167568,rp2040_timer0,2410241,R,h1_ocxo_open_loop,528
CNT,1,6665,2,4657151568,4817167552,rp2040_timer0,0,R,h1_ocxo_open_loop,528
CNT,1,6666,2,4833151552,4993167568,rp2040_timer0,0,R,h1_ocxo_open_loop,528
CNT,1,6667,2,5009151552,5169175136,rp2040_timer0,0,R,h1_ocxo_open_loop,528
CNT,1,6668,2,5185151520,5345167568,rp2040_timer0,0,R,h1_ocxo_open_loop,528
CNT,1,6669,2,5361151568,5521167600,rp2040_timer0,51555165,R,h1_ocxo_open_loop,528
CNT,1,6670,2,5537151552,5697167536,rp2040_timer0,100009990,R,h1_ocxo_open_loop,16
CNT,1,6671,2,5713151504,5873167552,rp2040_timer0,100010030,R,h1_ocxo_open_loop,16
CNT,1,6672,2,5889151520,6049167552,rp2040_timer0,100010020,R,h1_ocxo_open_loop,16
CNT,1,6673,2,6065151552,6225167600,rp2040_timer0,100010030,R,h1_ocxo_open_loop,16
CNT,1,6674,2,6241151536,6401167584,rp2040_timer0,100000028,R,h1_ocxo_open_loop,16
CNT,1,6675,2,6417151536,6577167552,rp2040_timer0,18181819,R,h1_ocxo_open_loop,528
CNT,1,6676,2,6593151520,6753167568,rp2040_timer0,45454558,R,h1_ocxo_open_loop,528
CNT,1,6677,2,6769151504,6929167552,rp2040_timer0,100010030,R,h1_ocxo_open_loop,16
CNT,1,6678,2,6945151568,7105167568,rp2040_timer0,98189818,R,h1_ocxo_open_loop,16
CNT,1,6679,2,7121151552,7281167536,rp2040_timer0,99999989,R,h1_ocxo_open_loop,16
CNT,1,6680,2,7297151504,7457167584,rp2040_timer0,90909135,R,h1_ocxo_open_loop,528
CNT,1,6681,2,7473151504,7633167568,rp2040_timer0,100010040,R,h1_ocxo_open_loop,16
CNT,1,6682,2,7649151504,7809167584,rp2040_timer0,64656497,R,h1_ocxo_open_loop,528
CNT,1,6683,2,7825151504,7985167536,rp2040_timer0,100010020,R,h1_ocxo_open_loop,16
CNT,1,6684,2,8001151520,8161167536,rp2040_timer0,100000008,R,h1_ocxo_open_loop,16
CNT,1,6685,2,8177151568,8337167536,rp2040_timer0,95309510,R,h1_ocxo_open_loop,16
CNT,1,6686,2,8353151552,8513167520,rp2040_timer0,88228804,R,h1_ocxo_open_loop,16
CNT,1,6687,2,8529151536,8689167568,rp2040_timer0,89108927,R,h1_ocxo_open_loop,16
CNT,1,6688,2,8705151520,8865167600,rp2040_timer0,89088952,R,h1_ocxo_open_loop,528
CNT,1,6689,2,8881151520,9041167584,rp2040_timer0,90919127,R,h1_ocxo_open_loop,528
CNT,1,6690,2,9057151488,9217167552,rp2040_timer0,90909126,R,h1_ocxo_open_loop,528
CNT,1,6691,2,9233151616,9393167584,rp2040_timer0,100009980,R,h1_ocxo_open_loop,16
CNT,1,6692,2,9409151552,9569167600,rp2040_timer0,100010030,R,h1_ocxo_open_loop,16
CNT,1,6693,2,9585151536,9745167584,rp2040_timer0,52725287,R,h1_ocxo_open_loop,528
CNT,1,6694,2,9761151504,9921167584,rp2040_timer0,79988037,R,h1_ocxo_open_loop,528
CNT,1,6695,2,9937151504,10097167536,rp2040_timer0,79998014,R,h1_ocxo_open_loop,528
CNT,1,6696,2,10113151536,10273167536,rp2040_timer0,61666166,R,h1_ocxo_open_loop,528
CNT,1,6697,2,10289151488,10449167536,rp2040_timer0,98189847,R,h1_ocxo_open_loop,16
CNT,1,6698,2,10465151488,10625167552,rp2040_timer0,99970035,R,h1_ocxo_open_loop,16
CNT,1,6699,2,10641151520,10801167552,rp2040_timer0,89118928,R,h1_ocxo_open_loop,528
CNT,1,6700,2,10817151536,10977167584,rp2040_timer0,90909117,R,h1_ocxo_open_loop,528
CNT,1,6701,2,10993151488,11153167568,rp2040_timer0,73807416,R,h1_ocxo_open_loop,528
CNT,1,6702,2,11169151488,11329167584,rp2040_timer0,87288780,R,h1_ocxo_open_loop,528
CNT,1,6703,2,11345151504,11505167568,rp2040_timer0,66686694,R,h1_ocxo_open_loop,528
CNT,1,6704,2,11521151536,11681167568,rp2040_timer0,49995008,R,h1_ocxo_open_loop,528
CNT,1,6705,2,11697151504,11857167568,rp2040_timer0,30883100,R,h1_ocxo_open_loop,528
CNT,1,6706,2,11873151552,12033167584,rp2040_timer0,58985909,R,h1_ocxo_open_loop,528
CNT,1,6707,2,12049151536,12209167584,rp2040_timer0,61406158,R,h1_ocxo_open_loop,528
CNT,1,6708,2,12225151568,12385167552,rp2040_timer0,65536546,R,h1_ocxo_open_loop,528
CNT,1,6709,2,12401151536,12561167600,rp2040_timer0,90909126,R,h1_ocxo_open_loop,528
CNT,1,6710,2,12577151552,12737167584,rp2040_timer0,89098926,R,h1_ocxo_open_loop,528
CNT,1,6711,2,12753151488,12913167568,rp2040_timer0,67516784,R,h1_ocxo_open_loop,528
CNT,1,6712,2,12929151568,13089167552,rp2040_timer0,89088899,R,h1_ocxo_open_loop,528
CNT,1,6713,2,13105151504,13265167600,rp2040_timer0,81828231,R,h1_ocxo_open_loop,528
CNT,1,6714,2,13281151552,13441167520,rp2040_timer0,83638346,R,h1_ocxo_open_loop,528
CNT,1,6715,2,13457151568,13617167536,rp2040_timer0,90289009,R,h1_ocxo_open_loop,528
CNT,1,6716,2,13633151552,13793167600,rp2040_timer0,88528878,R,h1_ocxo_open_loop,528
CNT,1,6717,2,13809151488,13969167584,rp2040_timer0,72997342,R,h1_ocxo_open_loop,528
CNT,1,6718,2,13985151520,14145167600,rp2040_timer0,81688208,R,h1_ocxo_open_loop,528
CNT,1,6719,2,14161151552,14321167568,rp2040_timer0,90869095,R,h1_ocxo_open_loop,528
CNT,1,6720,2,14337151488,14497167600,rp2040_timer0,76527705,R,h1_ocxo_open_loop,528
CNT,1,6721,2,14513151520,14673167584,rp2040_timer0,53455366,R,h1_ocxo_open_loop,528
CNT,1,6722,2,14689151552,14849167568,rp2040_timer0,78967903,R,h1_ocxo_open_loop,16
CNT,1,6723,2,14865151520,15025167584,rp2040_timer0,90239059,R,h1_ocxo_open_loop,16
CNT,1,6724,2,15041151520,15201167552,rp2040_timer0,100010020,R,h1_ocxo_open_loop,16
CNT,1,6725,2,15217151536,15377167536,rp2040_timer0,100010000,R,h1_ocxo_open_loop,16
CNT,1,6726,2,15393151536,15553167536,rp2040_timer0,100010000,R,h1_ocxo_open_loop,16
CNT,1,6727,2,15569151536,15729167584,rp2040_timer0,100010030,R,h1_ocxo_open_loop,16
CNT,1,6728,2,15745151584,15905167568,rp2040_timer0,100009990,R,h1_ocxo_open_loop,16
CNT,1,6729,2,15921151488,16081167552,rp2040_timer0,0,R,h1_ocxo_open_loop,528
CNT,1,6730,2,16097151552,16257167600,rp2040_timer0,27272735,R,h1_ocxo_open_loop,528
CNT,1,6731,2,16273151520,16433167520,rp2040_timer0,54545454,R,h1_ocxo_open_loop,528
CNT,1,6732,2,16449151520,16609167584,rp2040_timer0,72737302,R,h1_ocxo_open_loop,528
CNT,1,6733,2,16625151536,16785167600,rp2040_timer0,27292739,R,h1_ocxo_open_loop,528
CNT,1,6734,2,16801151552,16961167584,rp2040_timer0,90919109,R,h1_ocxo_open_loop,528
CNT,1,6735,2,16977151536,17137167536,rp2040_timer0,100010000,R,h1_ocxo_open_loop,16
CNT,1,6736,2,17153151568,17313167584,rp2040_timer0,36373640,R,h1_ocxo_open_loop,528
CNT,1,6737,2,17329151536,17489167536,rp2040_timer0,36373637,R,h1_ocxo_open_loop,528
CNT,1,6738,2,17505151552,17665167536,rp2040_timer0,63646357,R,h1_ocxo_open_loop,528
CNT,1,6739,2,17681151504,17841167584,rp2040_timer0,100010050,R,h1_ocxo_open_loop,16
CNT,1,6740,2,17857151504,18017167600,rp2040_timer0,100010060,R,h1_ocxo_open_loop,16
CNT,1,6741,2,18033151488,18193167584,rp2040_timer0,81828231,R,h1_ocxo_open_loop,528
CNT,1,6742,2,18209151520,18369167536,rp2040_timer0,0,R,h1_ocxo_open_loop,528
CNT,1,6743,2,18385151504,18545167600,rp2040_timer0,27272743,R,h1_ocxo_open_loop,528
CNT,1,6744,2,18561151552,18721167568,rp2040_timer0,0,R,h1_ocxo_open_loop,528
CNT,1,6745,2,18737151504,18897167536,rp2040_timer0,72727286,R,h1_ocxo_open_loop,528
CNT,1,6746,2,18913151536,19073167552,rp2040_timer0,63646370,R,h1_ocxo_open_loop,528
CNT,1,6747,2,19089151520,19249167552,rp2040_timer0,54545464,R,h1_ocxo_open_loop,528
CNT,1,6748,2,19265151488,19425167552,rp2040_timer0,100010040,R,h1_ocxo_open_loop,16
CNT,1,6749,2,19441151536,19601167600,rp2040_timer0,0,R,h1_ocxo_open_loop,528
CNT,1,6750,2,19617151488,19777167536,rp2040_timer0,0,R,h1_ocxo_open_loop,528
CNT,1,6751,2,19793151568,19953167552,rp2040_timer0,90919081,R,h1_ocxo_open_loop,528
CNT,1,6752,2,19969151568,20129167600,rp2040_timer0,36363643,R,h1_ocxo_open_loop,528
CNT,1,6753,2,20145151520,20305167600,rp2040_timer0,100010050,R,h1_ocxo_open_loop,16
CNT,1,6754,2,20321151552,20481167536,rp2040_timer0,72737265,R,h1_ocxo_open_loop,528
CNT,1,6755,2,20497151504,20657167600,rp2040_timer0,0,R,h1_ocxo_open_loop,528
CNT,1,6756,2,20673151536,20833167584,rp2040_timer0,0,R,h1_ocxo_open_loop,528
CNT,1,6757,2,20849151520,21009167568,rp2040_timer0,0,R,h1_ocxo_open_loop,528
CNT,1,6758,2,21025151504,21185167552,rp2040_timer0,0,R,h1_ocxo_open_loop,528
CNT,1,6759,2,21201151504,21361167568,rp2040_timer0,54545475,R,h1_ocxo_open_loop,528
CNT,1,6760,2,21377151520,21537167600,rp2040_timer0,90919136,R,h1_ocxo_open_loop,528
CNT,1,6761,2,21553151568,21713167568,rp2040_timer0,0,R,h1_ocxo_open_loop,528
CNT,1,6762,2,21729151552,21889167568,rp2040_timer0,72737280,R,h1_ocxo_open_loop,528
CNT,1,6763,2,21905151520,22065167520,rp2040_timer0,100010000,R,h1_ocxo_open_loop,16
CNT,1,6764,2,22081151504,22241167584,rp2040_timer0,27272740,R,h1_ocxo_open_loop,528
CNT,1,6765,2,22257151568,22417167552,rp2040_timer0,36363632,R,h1_ocxo_open_loop,528
CNT,1,6766,2,22433151552,22593167520,rp2040_timer0,81828165,R,h1_ocxo_open_loop,528
CNT,1,6767,2,22609151536,22769167536,rp2040_timer0,36373637,R,h1_ocxo_open_loop,528
CNT,1,6768,2,22785151488,22945167568,rp2040_timer0,100010050,R,h1_ocxo_open_loop,16
CNT,1,6769,2,22961151552,23121167552,rp2040_timer0,100010000,R,h1_ocxo_open_loop,16
CNT,1,6770,2,23137151488,23297167584,rp2040_timer0,100010060,R,h1_ocxo_open_loop,16
CNT,1,6771,2,23313151504,23473167520,rp2040_timer0,100010010,R,h1_ocxo_open_loop,16
CNT,1,6772,2,23489151552,23649167600,rp2040_timer0,100010030,R,h1_ocxo_open_loop,16
CNT,1,6773,2,23665151552,23825167600,rp2040_timer0,100010030,R,h1_ocxo_open_loop,16
CNT,1,6774,2,23841151488,24001167600,rp2040_timer0,100010070,R,h1_ocxo_open_loop,16
CNT,1,6775,2,24017151568,24177167584,rp2040_timer0,100010010,R,h1_ocxo_open_loop,16
CNT,1,6776,2,24193151520,24353167568,rp2040_timer0,100010030,R,h1_ocxo_open_loop,16
CNT,1,6777,2,24369151536,24529167536,rp2040_timer0,100010000,R,h1_ocxo_open_loop,16
CNT,1,6778,2,24545151520,24705167584,rp2040_timer0,100010040,R,h1_ocxo_open_loop,16
CNT,1,6779,2,24721151504,24881167520,rp2040_timer0,100010010,R,h1_ocxo_open_loop,16
CNT,1,6780,2,24897151552,25057167552,rp2040_timer0,100010000,R,h1_ocxo_open_loop,16
CNT,1,6781,2,25073151488,25233167536,rp2040_timer0,100010030,R,h1_ocxo_open_loop,16
CNT,1,6782,2,25249151536,25409167584,rp2040_timer0,100010030,R,h1_ocxo_open_loop,16
CNT,1,6783,2,25425151568,25585167536,rp2040_timer0,100009980,R,h1_ocxo_open_loop,16
CNT,1,6784,2,25601151536,25761167520,rp2040_timer0,100009990,R,h1_ocxo_open_loop,16
CNT,1,6785,2,25777151552,25937167536,rp2040_timer0,100009990,R,h1_ocxo_open_loop,16
CNT,1,6786,2,25953151488,26113167568,rp2040_timer0,100010050,R,h1_ocxo_open_loop,16
CNT,1,6787,2,26129151488,26289167584,rp2040_timer0,100010060,R,h1_ocxo_open_loop,16
CNT,1,6788,2,26305151536,26465167584,rp2040_timer0,100010030,R,h1_ocxo_open_loop,16
CNT,1,6789,2,26481151552,26641167568,rp2040_timer0,100010010,R,h1_ocxo_open_loop,16
CNT,1,6790,2,26657151552,26817167552,rp2040_timer0,100010000,R,h1_ocxo_open_loop,16
CNT,1,6791,2,26833151552,26993167600,rp2040_timer0,100010030,R,h1_ocxo_open_loop,16
CNT,1,6792,2,27009151552,27169167568,rp2040_timer0,100010010,R,h1_ocxo_open_loop,16
CNT,1,6793,2,27185151552,27345167568,rp2040_timer0,100010010,R,h1_ocxo_open_loop,16
CNT,1,6794,2,27361151536,27521167520,rp2040_timer0,100009990,R,h1_ocxo_open_loop,16
CNT,1,6795,2,27537151520,27697167520,rp2040_timer0,100010000,R,h1_ocxo_open_loop,16
CNT,1,6796,2,27713151536,27873167584,rp2040_timer0,100010030,R,h1_ocxo_open_loop,16
CNT,1,6797,2,27889151520,28049167568,rp2040_timer0,100010030,R,h1_ocxo_open_loop,16
CNT,1,6798,2,28065151504,28225167536,rp2040_timer0,100010020,R,h1_ocxo_open_loop,16
CNT,1,6799,2,28241151520,28401167600,rp2040_timer0,100010050,R,h1_ocxo_open_loop,16
CNT,1,6800,2,28417151536,28577167552,rp2040_timer0,100010010,R,h1_ocxo_open_loop,16
CNT,1,6801,2,28593151504,28753167568,rp2040_timer0,100010040,R,h1_ocxo_open_loop,16
CNT,1,6802,2,28769151536,28929167584,rp2040_timer0,100010030,R,h1_ocxo_open_loop,16
CNT,1,6803,2,28945151568,29105167632,rp2040_timer0,100010040,R,h1_ocxo_open_loop,16
CNT,1,6804,2,29121151552,29281167568,rp2040_timer0,100010010,R,h1_ocxo_open_loop,16
CNT,1,6805,2,29297151504,29457167584,rp2040_timer0,100010050,R,h1_ocxo_open_loop,16
CNT,1,6806,2,29473151536,29633167536,rp2040_timer0,100010000,R,h1_ocxo_open_loop,16
CNT,1,6807,2,29649151536,29809167600,rp2040_timer0,100010040,R,h1_ocxo_open_loop,16
CNT,1,6808,2,29825151536,29985167568,rp2040_timer0,100010020,R,h1_ocxo_open_loop,16
CNT,1,6809,2,30001151520,30161167536,rp2040_timer0,100010010,R,h1_ocxo_open_loop,16
CNT,1,6810,2,30177151536,30337167568,rp2040_timer0,100010020,R,h1_ocxo_open_loop,16
CNT,1,6811,2,30353151568,30513167568,rp2040_timer0,100010000,R,h1_ocxo_open_loop,16
CNT,1,6812,2,30529151536,30689167584,rp2040_timer0,100010030,R,h1_ocxo_open_loop,16
CNT,1,6813,2,30705151552,30865167584,rp2040_timer0,100010020,R,h1_ocxo_open_loop,16
CNT,1,6814,2,30881151552,31041167552,rp2040_timer0,100010000,R,h1_ocxo_open_loop,16
CNT,1,6815,2,31057151520,31217167568,rp2040_timer0,100010030,R,h1_ocxo_open_loop,16
CNT,1,6816,2,31233151536,31393167536,rp2040_timer0,100010000,R,h1_ocxo_open_loop,16
CNT,1,6817,2,31409151536,31569167584,rp2040_timer0,100010030,R,h1_ocxo_open_loop,16
CNT,1,6818,2,31585151504,31745167536,rp2040_timer0,100010020,R,h1_ocxo_open_loop,16
CNT,1,6819,2,31761151520,31921167552,rp2040_timer0,100010020,R,h1_ocxo_open_loop,16
CNT,1,6820,2,31937151536,32097167600,rp2040_timer0,100010040,R,h1_ocxo_open_loop,16
CNT,1,6821,2,32113151520,32273167536,rp2040_timer0,100010010,R,h1_ocxo_open_loop,16
CNT,1,6822,2,32289151552,32449167568,rp2040_timer0,100010010,R,h1_ocxo_open_loop,16
CNT,1,6823,2,32465151552,32625167584,rp2040_timer0,100010020,R,h1_ocxo_open_loop,16
CNT,1,6824,2,32641151536,32801167584,rp2040_timer0,100010030,R,h1_ocxo_open_loop,16
CNT,1,6825,2,32817151504,32977167568,rp2040_timer0,100010040,R,h1_ocxo_open_loop,16
CNT,1,6826,2,32993151504,33153167552,rp2040_timer0,100010030,R,h1_ocxo_open_loop,16
CNT,1,6827,2,33169151568,33329167568,rp2040_timer0,100010000,R,h1_ocxo_open_loop,16
CNT,1,6828,2,33345151568,33505167552,rp2040_timer0,100009990,R,h1_ocxo_open_loop,16
CNT,1,6829,2,33521151552,33681167568,rp2040_timer0,100010010,R,h1_ocxo_open_loop,16
CNT,1,6830,2,33697151536,33857167600,rp2040_timer0,100010040,R,h1_ocxo_open_loop,16
CNT,1,6831,2,33873151552,34033167584,rp2040_timer0,100010020,R,h1_ocxo_open_loop,16
CNT,1,6832,2,34049151504,34209167536,rp2040_timer0,100010020,R,h1_ocxo_open_loop,16
CNT,1,6833,2,34225151568,34385167600,rp2040_timer0,100010020,R,h1_ocxo_open_loop,16
CNT,1,6834,2,34401151520,34561167600,rp2040_timer0,100010050,R,h1_ocxo_open_loop,16
CNT,1,6835,2,34577151488,34737167584,rp2040_timer0,100010060,R,h1_ocxo_open_loop,16
CNT,1,6836,2,34753151504,34913167584,rp2040_timer0,100010050,R,h1_ocxo_open_loop,16
CNT,1,6837,2,34929151536,35089167520,rp2040_timer0,100009990,R,h1_ocxo_open_loop,16
CNT,1,6838,2,35105151488,35265167552,rp2040_timer0,100010040,R,h1_ocxo_open_loop,16
CNT,1,6839,2,35281151536,35441167600,rp2040_timer0,100010040,R,h1_ocxo_open_loop,16
CNT,1,6840,2,35457151520,35617167584,rp2040_timer0,100010040,R,h1_ocxo_open_loop,16
CNT,1,6841,2,35633151536,35793167536,rp2040_timer0,100010000,R,h1_ocxo_open_loop,16
CNT,1,6842,2,35809151536,35969167584,rp2040_timer0,100010030,R,h1_ocxo_open_loop,16
CNT,1,6843,2,35985151568,36145167568,rp2040_timer0,100010000,R,h1_ocxo_open_loop,16
CNT,1,6844,2,36161151520,36321167520,rp2040_timer0,100010000,R,h1_ocxo_open_loop,16
CNT,1,6845,2,36337151552,36497167568,rp2040_timer0,100010010,R,h1_ocxo_open_loop,16
CNT,1,6846,2,36513151552,36673167568,rp2040_timer0,100010010,R,h1_ocxo_open_loop,16
CNT,1,6847,2,36689151552,36849167552,rp2040_timer0,100010000,R,h1_ocxo_open_loop,16
CNT,1,6848,2,36865151536,37025167600,rp2040_timer0,100010040,R,h1_ocxo_open_loop,16
CNT,1,6849,2,37041151568,37201167600,rp2040_timer0,100010020,R,h1_ocxo_open_loop,16
CNT,1,6850,2,37217151552,37377167568,rp2040_timer0,100010010,R,h1_ocxo_open_loop,16
CNT,1,6851,2,37393151536,37553167584,rp2040_timer0,100010030,R,h1_ocxo_open_loop,16
CNT,1,6852,2,37569151552,37729167552,rp2040_timer0,100010000,R,h1_ocxo_open_loop,16
CNT,1,6853,2,37745151568,37905167600,rp2040_timer0,100010020,R,h1_ocxo_open_loop,16
CNT,1,6854,2,37921151504,38081167536,rp2040_timer0,100010020,R,h1_ocxo_open_loop,16
CNT,1,6855,2,38097151520,38257167600,rp2040_timer0,100010050,R,h1_ocxo_open_loop,16
CNT,1,6856,2,38273151520,38433167568,rp2040_timer0,100010030,R,h1_ocxo_open_loop,16
CNT,1,6857,2,38449151504,38609167536,rp2040_timer0,100010020,R,h1_ocxo_open_loop,16
CNT,1,6858,2,38625151504,38785167568,rp2040_timer0,100010040,R,h1_ocxo_open_loop,16
CNT,1,6859,2,38801151504,38961167536,rp2040_timer0,100010020,R,h1_ocxo_open_loop,16
CNT,1,6860,2,38977151568,39137167584,rp2040_timer0,100010010,R,h1_ocxo_open_loop,16
CNT,1,6861,2,39153151520,39313167536,rp2040_timer0,100010010,R,h1_ocxo_open_loop,16
CNT,1,6862,2,39329151520,39489167552,rp2040_timer0,100010020,R,h1_ocxo_open_loop,16
CNT,1,6863,2,39505151552,39665167568,rp2040_timer0,100010010,R,h1_ocxo_open_loop,16
CNT,1,6864,2,39681151568,39841167552,rp2040_timer0,100009990,R,h1_ocxo_open_loop,16
CNT,1,6865,2,39857151536,40017167584,rp2040_timer0,100010030,R,h1_ocxo_open_loop,16
CNT,1,6866,2,40033151504,40193167552,rp2040_timer0,100010030,R,h1_ocxo_open_loop,16
CNT,1,6867,2,40209151552,40369167600,rp2040_timer0,100010030,R,h1_ocxo_open_loop,16
CNT,1,6868,2,40385151552,40545167600,rp2040_timer0,100010030,R,h1_ocxo_open_loop,16
CNT,1,6869,2,40561151552,40721167552,rp2040_timer0,100010000,R,h1_ocxo_open_loop,16
CNT,1,6870,2,40737151520,40897167568,rp2040_timer0,100010030,R,h1_ocxo_open_loop,16
CNT,1,6871,2,40913151520,41073167584,rp2040_timer0,100010040,R,h1_ocxo_open_loop,16
CNT,1,6872,2,41089151504,41249167584,rp2040_timer0,100010050,R,h1_ocxo_open_loop,16
CNT,1,6873,2,41265151552,41425167584,rp2040_timer0,100010020,R,h1_ocxo_open_loop,16
CNT,1,6874,2,41441151568,41601167520,rp2040_timer0,100009970,R,h1_ocxo_open_loop,16
CNT,1,6875,2,41617151568,41777167552,rp2040_timer0,100009990,R,h1_ocxo_open_loop,16
CNT,1,6876,2,41793151536,41953167568,rp2040_timer0,100010020,R,h1_ocxo_open_loop,16
CNT,1,6877,2,41969151488,42129167552,rp2040_timer0,100010040,R,h1_ocxo_open_loop,16
CNT,1,6878,2,42145151536,42305167568,rp2040_timer0,100010020,R,h1_ocxo_open_loop,16
CNT,1,6879,2,42321151520,42481167536,rp2040_timer0,100010010,R,h1_ocxo_open_loop,16
CNT,1,6880,2,42497151568,42657167552,rp2040_timer0,63646357,R,h1_ocxo_open_loop,528
CNT,1,6881,2,42673151520,42833167568,rp2040_timer0,100010030,R,h1_ocxo_open_loop,16
CNT,1,6882,2,42849151568,43009167584,rp2040_timer0,45464550,R,h1_ocxo_open_loop,528
CNT,1,6883,2,43025151552,43185167600,rp2040_timer0,36343644,R,h1_ocxo_open_loop,528
CNT,1,6884,2,43201151520,43361167552,rp2040_timer0,18191822,R,h1_ocxo_open_loop,528
CNT,1,6885,2,43377151536,43537167600,rp2040_timer0,27272737,R,h1_ocxo_open_loop,528
CNT,1,6886,2,43553151520,43713167600,rp2040_timer0,90919136,R,h1_ocxo_open_loop,528
CNT,1,6887,2,43729151536,43889167584,rp2040_timer0,100010030,R,h1_ocxo_open_loop,16
CNT,1,6888,2,43905151568,44065167520,rp2040_timer0,9090906,R,h1_ocxo_open_loop,528
CNT,1,6889,2,44081151568,44241167600,rp2040_timer0,0,R,h1_ocxo_open_loop,528
CNT,1,6890,2,44257151568,44417167584,rp2040_timer0,0,R,h1_ocxo_open_loop,528
CNT,1,6891,2,44433151520,44593167520,rp2040_timer0,0,R,h1_ocxo_open_loop,528
CNT,1,6892,2,44609151520,44769167568,rp2040_timer0,0,R,h1_ocxo_open_loop,528
CNT,1,6893,2,44785151552,44945167600,rp2040_timer0,0,R,h1_ocxo_open_loop,528
CNT,1,6894,2,44961151504,45121167568,rp2040_timer0,0,R,h1_ocxo_open_loop,528
CNT,1,6895,2,45137151520,45297167536,rp2040_timer0,0,R,h1_ocxo_open_loop,528
CNT,1,6896,2,45313151520,45473167568,rp2040_timer0,27272735,R,h1_ocxo_open_loop,528
CNT,1,6897,2,45489151552,45649167568,rp2040_timer0,53515356,R,h1_ocxo_open_loop,528
CNT,1,6898,2,45665151536,45825167536,rp2040_timer0,75017501,R,h1_ocxo_open_loop,528
CNT,1,6899,2,45841151504,46001167568,rp2040_timer0,100010040,R,h1_ocxo_open_loop,16
CNT,1,6900,2,46017151504,46177167536,rp2040_timer0,100010020,R,h1_ocxo_open_loop,16
CNT,1,6901,2,46193151536,46353167536,rp2040_timer0,100010000,R,h1_ocxo_open_loop,16
CNT,1,6902,2,46369151568,46529167536,rp2040_timer0,100009980,R,h1_ocxo_open_loop,16
CNT,1,6903,2,46545151568,46705167552,rp2040_timer0,100009990,R,h1_ocxo_open_loop,16
CNT,1,6904,2,46721151552,46881167568,rp2040_timer0,100010010,R,h1_ocxo_open_loop,16
CNT,1,6905,2,46897151504,47057167536,rp2040_timer0,100010020,R,h1_ocxo_open_loop,16
CNT,1,6906,2,47073151568,47233167568,rp2040_timer0,100010000,R,h1_ocxo_open_loop,16
CNT,1,6907,2,47249151504,47409167552,rp2040_timer0,100010030,R,h1_ocxo_open_loop,16
CNT,1,6908,2,47425151552,47585167552,rp2040_timer0,100010000,R,h1_ocxo_open_loop,16
CNT,1,6909,2,47601151520,47761167536,rp2040_timer0,100010010,R,h1_ocxo_open_loop,16
CNT,1,6910,2,47777151552,47937167552,rp2040_timer0,100010000,R,h1_ocxo_open_loop,16
CNT,1,6911,2,47953151504,48113167600,rp2040_timer0,100010060,R,h1_ocxo_open_loop,16
CNT,1,6912,2,48129151520,48289167568,rp2040_timer0,100010030,R,h1_ocxo_open_loop,16
CNT,1,6913,2,48305151488,48465167568,rp2040_timer0,100010050,R,h1_ocxo_open_loop,16
CNT,1,6914,2,48481151520,48641167584,rp2040_timer0,100010040,R,h1_ocxo_open_loop,16
CNT,1,6915,2,48657151552,48817167600,rp2040_timer0,100010030,R,h1_ocxo_open_loop,16
CNT,1,6916,2,48833151536,48993167584,rp2040_timer0,100010030,R,h1_ocxo_open_loop,16
CNT,1,6917,2,49009151520,49169167600,rp2040_timer0,100010050,R,h1_ocxo_open_loop,16
CNT,1,6918,2,49185151568,49345167600,rp2040_timer0,100010020,R,h1_ocxo_open_loop,16
CNT,1,6919,2,49361151504,49521167568,rp2040_timer0,100010040,R,h1_ocxo_open_loop,16
CNT,1,6920,2,49537151552,49697167600,rp2040_timer0,100010030,R,h1_ocxo_open_loop,16
CNT,1,6921,2,49713151520,49873167584,rp2040_timer0,100010040,R,h1_ocxo_open_loop,16
CNT,1,6922,2,49889151552,50049167552,rp2040_timer0,100010000,R,h1_ocxo_open_loop,16
CNT,1,6923,2,50065151568,50225167568,rp2040_timer0,100010000,R,h1_ocxo_open_loop,16
CNT,1,6924,2,50241151536,50401167568,rp2040_timer0,100010020,R,h1_ocxo_open_loop,16
CNT,1,6925,2,50417151536,50577167584,rp2040_timer0,100010030,R,h1_ocxo_open_loop,16
CNT,1,6926,2,50593151536,50753167600,rp2040_timer0,100010040,R,h1_ocxo_open_loop,16
CNT,1,6927,2,50769151504,50929167552,rp2040_timer0,100010030,R,h1_ocxo_open_loop,16
CNT,1,6928,2,50945151504,51105167568,rp2040_timer0,100010040,R,h1_ocxo_open_loop,16
CNT,1,6929,2,51121151488,51281167584,rp2040_timer0,100010060,R,h1_ocxo_open_loop,16
CNT,1,6930,2,51297151536,51457167552,rp2040_timer0,100010010,R,h1_ocxo_open_loop,16
CNT,1,6931,2,51473151520,51633167584,rp2040_timer0,100010040,R,h1_ocxo_open_loop,16
CNT,1,6932,2,51649151552,51809167568,rp2040_timer0,100010010,R,h1_ocxo_open_loop,16
CNT,1,6933,2,51825151520,51985167536,rp2040_timer0,100010010,R,h1_ocxo_open_loop,16
CNT,1,6934,2,52001151504,52161167536,rp2040_timer0,100010020,R,h1_ocxo_open_loop,16
CNT,1,6935,2,52177151504,52337167584,rp2040_timer0,100010050,R,h1_ocxo_open_loop,16
CNT,1,6936,2,52353151520,52513167600,rp2040_timer0,100010050,R,h1_ocxo_open_loop,16
CNT,1,6937,2,52529151488,52689167584,rp2040_timer0,100010060,R,h1_ocxo_open_loop,16
CNT,1,6938,2,52705151520,52865167600,rp2040_timer0,100010050,R,h1_ocxo_open_loop,16
CNT,1,6939,2,52881151520,53041167568,rp2040_timer0,100010030,R,h1_ocxo_open_loop,16
CNT,1,6940,2,53057151552,53217167536,rp2040_timer0,100009990,R,h1_ocxo_open_loop,16
CNT,1,6941,2,53233151552,53393167568,rp2040_timer0,100010010,R,h1_ocxo_open_loop,16
CNT,1,6942,2,53409151488,53569167584,rp2040_timer0,100010060,R,h1_ocxo_open_loop,16
CNT,1,6943,2,53585151536,53745167600,rp2040_timer0,100010040,R,h1_ocxo_open_loop,16
CNT,1,6944,2,53761151520,53921167600,rp2040_timer0,100010050,R,h1_ocxo_open_loop,16
CNT,1,6945,2,53937151520,54097167584,rp2040_timer0,100010040,R,h1_ocxo_open_loop,16
CNT,1,6946,2,54113151552,54273167552,rp2040_timer0,100010000,R,h1_ocxo_open_loop,16
CNT,1,6947,2,54289151488,54449167584,rp2040_timer0,100010060,R,h1_ocxo_open_loop,16
CNT,1,6948,2,54465151552,54625167584,rp2040_timer0,100010020,R,h1_ocxo_open_loop,16
CNT,1,6949,2,54641151504,54801167552,rp2040_timer0,100010030,R,h1_ocxo_open_loop,16
CNT,1,6950,2,54817151504,54977167568,rp2040_timer0,100010040,R,h1_ocxo_open_loop,16
CNT,1,6951,2,54993151536,55153167520,rp2040_timer0,100009990,R,h1_ocxo_open_loop,16
CNT,1,6952,2,55169151536,55329167568,rp2040_timer0,100010020,R,h1_ocxo_open_loop,16
CNT,1,6953,2,55345151504,55505167536,rp2040_timer0,100010020,R,h1_ocxo_open_loop,16
CNT,1,6954,2,55521151536,55681167600,rp2040_timer0,100010040,R,h1_ocxo_open_loop,16
CNT,1,6955,2,55697151520,55857167568,rp2040_timer0,100010030,R,h1_ocxo_open_loop,16
CNT,1,6956,2,55873151536,56033167600,rp2040_timer0,100010040,R,h1_ocxo_open_loop,16
CNT,1,6957,2,56049151504,56209167600,rp2040_timer0,100010060,R,h1_ocxo_open_loop,16
CNT,1,6958,2,56225151520,56385167552,rp2040_timer0,100010020,R,h1_ocxo_open_loop,16
CNT,1,6959,2,56401151488,56561167584,rp2040_timer0,100010060,R,h1_ocxo_open_loop,16
CNT,1,6960,2,56577151568,56737167536,rp2040_timer0,100009980,R,h1_ocxo_open_loop,16
CNT,1,6961,2,56753151552,56913167600,rp2040_timer0,100010030,R,h1_ocxo_open_loop,16
CNT,1,6962,2,56929151488,57089167600,rp2040_timer0,100010070,R,h1_ocxo_open_loop,16
CNT,1,6963,2,57105151504,57265167600,rp2040_timer0,100010060,R,h1_ocxo_open_loop,16
CNT,1,6964,2,57281151520,57441167520,rp2040_timer0,100010000,R,h1_ocxo_open_loop,16
CNT,1,6965,2,57457151552,57617167552,rp2040_timer0,100010000,R,h1_ocxo_open_loop,16
CNT,1,6966,2,57633151568,57793167552,rp2040_timer0,100009990,R,h1_ocxo_open_loop,16
CNT,1,6967,2,57809151520,57969167600,rp2040_timer0,100010050,R,h1_ocxo_open_loop,16
CNT,1,6968,2,57985151520,58145167584,rp2040_timer0,100010040,R,h1_ocxo_open_loop,16
CNT,1,6969,2,58161151552,58321167536,rp2040_timer0,100009990,R,h1_ocxo_open_loop,16
CNT,1,6970,2,58337151568,58497167584,rp2040_timer0,100010010,R,h1_ocxo_open_loop,16
CNT,1,6971,2,58513151520,58673167536,rp2040_timer0,100010010,R,h1_ocxo_open_loop,16
CNT,1,6972,2,58689151504,58849167584,rp2040_timer0,100010050,R,h1_ocxo_open_loop,16
CNT,1,6973,2,58865151536,59025167584,rp2040_timer0,100010030,R,h1_ocxo_open_loop,16
CNT,1,6974,2,59041151536,59201167600,rp2040_timer0,100010040,R,h1_ocxo_open_loop,16
CNT,1,6975,2,59217151536,59377167552,rp2040_timer0,100010010,R,h1_ocxo_open_loop,16
CNT,1,6976,2,59393151568,59553167600,rp2040_timer0,100010020,R,h1_ocxo_open_loop,16
CNT,1,6977,2,59569151504,59729167568,rp2040_timer0,100010040,R,h1_ocxo_open_loop,16
CNT,1,6978,2,59745151504,59905167520,rp2040_timer0,100010010,R,h1_ocxo_open_loop,16
CNT,1,6979,2,59921151568,60081167568,rp2040_timer0,100010000,R,h1_ocxo_open_loop,16
CNT,1,6980,2,60097151536,60257167536,rp2040_timer0,100010000,R,h1_ocxo_open_loop,16
CNT,1,6981,2,60273151536,60433167568,rp2040_timer0,100010020,R,h1_ocxo_open_loop,16
CNT,1,6982,2,60449151552,60609167536,rp2040_timer0,100009990,R,h1_ocxo_open_loop,16
CNT,1,6983,2,60625151488,60785167536,rp2040_timer0,100010030,R,h1_ocxo_open_loop,16
CNT,1,6984,2,60801151520,60961167584,rp2040_timer0,100010040,R,h1_ocxo_open_loop,16
CNT,1,6985,2,60977151552,61137167584,rp2040_timer0,100010020,R,h1_ocxo_open_loop,16
CNT,1,6986,2,61153151568,61313167600,rp2040_timer0,100010020,R,h1_ocxo_open_loop,16
CNT,1,6987,2,61329151504,61489167584,rp2040_timer0,100010050,R,h1_ocxo_open_loop,16
CNT,1,6988,2,61505151552,61665167552,rp2040_timer0,100010000,R,h1_ocxo_open_loop,16
CNT,1,6989,2,61681151552,61841167536,rp2040_timer0,100009990,R,h1_ocxo_open_loop,16
CNT,1,6990,2,61857151504,62017167568,rp2040_timer0,100010040,R,h1_ocxo_open_loop,16
CNT,1,6991,2,62033151568,62193167584,rp2040_timer0,100010010,R,h1_ocxo_open_loop,16
CNT,1,6992,2,62209151536,62369167568,rp2040_timer0,100010020,R,h1_ocxo_open_loop,16
CNT,1,6993,2,62385151536,62545167552,rp2040_timer0,100010010,R,h1_ocxo_open_loop,16
CNT,1,6994,2,62561151504,62721167568,rp2040_timer0,100010040,R,h1_ocxo_open_loop,16
CNT,1,6995,2,62737151504,62897167552,rp2040_timer0,100010030,R,h1_ocxo_open_loop,16
CNT,1,6996,2,62913151536,63073167600,rp2040_timer0,100010040,R,h1_ocxo_open_loop,16
CNT,1,6997,2,63089151536,63249167568,rp2040_timer0,100010020,R,h1_ocxo_open_loop,16
CNT,1,6998,2,63265151568,63425167584,rp2040_timer0,100010010,R,h1_ocxo_open_loop,16
CNT,1,6999,2,63441151520,63601167600,rp2040_timer0,100010050,R,h1_ocxo_open_loop,16
CNT,1,7000,2,63617151504,63777167536,rp2040_timer0,100010020,R,h1_ocxo_open_loop,16
CNT,1,7001,2,63793151552,63953167584,rp2040_timer0,100010020,R,h1_ocxo_open_loop,16
CNT,1,7002,2,63969151504,64129167600,rp2040_timer0,100010060,R,h1_ocxo_open_loop,16
CNT,1,7003,2,64145151520,64305167568,rp2040_timer0,100010030,R,h1_ocxo_open_loop,16
CNT,1,7004,2,64321151488,64481167568,rp2040_timer0,100010050,R,h1_ocxo_open_loop,16
CNT,1,7005,2,64497151504,64657167536,rp2040_timer0,100010020,R,h1_ocxo_open_loop,16
CNT,1,7006,2,64673151536,64833167552,rp2040_timer0,100010010,R,h1_ocxo_open_loop,16
CNT,1,7007,2,64849151536,65009167520,rp2040_timer0,100009990,R,h1_ocxo_open_loop,16
CNT,1,7008,2,65025151536,65185167536,rp2040_timer0,100010000,R,h1_ocxo_open_loop,16
CNT,1,7009,2,65201151552,65361167584,rp2040_timer0,100010020,R,h1_ocxo_open_loop,16
CNT,1,7010,2,65377151504,65537167568,rp2040_timer0,100010040,R,h1_ocxo_open_loop,16
CNT,1,7011,2,65553151536,65713167536,rp2040_timer0,100010000,R,h1_ocxo_open_loop,16
CNT,1,7012,2,65729151520,65889167584,rp2040_timer0,100010040,R,h1_ocxo_open_loop,16
CNT,1,7013,2,65905151536,66065167536,rp2040_timer0,100010000,R,h1_ocxo_open_loop,16
CNT,1,7014,2,66081151520,66241167600,rp2040_timer0,100010050,R,h1_ocxo_open_loop,16
CNT,1,7015,2,66257151552,66417167536,rp2040_timer0,100009990,R,h1_ocxo_open_loop,16
CNT,1,7016,2,66433151488,66593167600,rp2040_timer0,100010070,R,h1_ocxo_open_loop,16
CNT,1,7017,2,66609151504,66769167568,rp2040_timer0,100010040,R,h1_ocxo_open_loop,16
CNT,1,7018,2,66785151552,66945167600,rp2040_timer0,100010030,R,h1_ocxo_open_loop,16
CNT,1,7019,2,66961151504,67121167600,rp2040_timer0,100010060,R,h1_ocxo_open_loop,16
CNT,1,7020,2,67137151488,67297167568,rp2040_timer0,100010050,R,h1_ocxo_open_loop,16
CNT,1,7021,2,67313151552,67473167552,rp2040_timer0,100010000,R,h1_ocxo_open_loop,16
CNT,1,7022,2,67489151536,67649167536,rp2040_timer0,100010000,R,h1_ocxo_open_loop,16
CNT,1,7023,2,67665151536,67825167552,rp2040_timer0,100010010,R,h1_ocxo_open_loop,16
CNT,1,7024,2,67841151568,68001167536,rp2040_timer0,100009980,R,h1_ocxo_open_loop,16
CNT,1,7025,2,68017151488,68177167536,rp2040_timer0,100010030,R,h1_ocxo_open_loop,16
CNT,1,7026,2,68193151520,68353167552,rp2040_timer0,100010020,R,h1_ocxo_open_loop,16
CNT,1,7027,2,68369151504,68529167600,rp2040_timer0,100010060,R,h1_ocxo_open_loop,16
CNT,1,7028,2,68545151568,68705167600,rp2040_timer0,100010020,R,h1_ocxo_open_loop,16
CNT,1,7029,2,1674832,161690864,rp2040_timer0,100010020,R,h1_ocxo_open_loop,16
CNT,1,7030,2,177674768,337690816,rp2040_timer0,100010030,R,h1_ocxo_open_loop,16
CNT,1,7031,2,353674800,513690816,rp2040_timer0,100010010,R,h1_ocxo_open_loop,16
CNT,1,7032,2,529674768,689690848,rp2040_timer0,100010050,R,h1_ocxo_open_loop,16
CNT,1,7033,2,705674768,865690800,rp2040_timer0,100010020,R,h1_ocxo_open_loop,16
CNT,1,7034,2,881674800,1041690800,rp2040_timer0,100010000,R,h1_ocxo_open_loop,16
CNT,1,7035,2,1057674768,1217690864,rp2040_timer0,100010060,R,h1_ocxo_open_loop,16
CNT,1,7036,2,1233674800,1393690848,rp2040_timer0,100010030,R,h1_ocxo_open_loop,16
CNT,1,7037,2,1409674768,1569690864,rp2040_timer0,100010060,R,h1_ocxo_open_loop,16
CNT,1,7038,2,1585674768,1745690848,rp2040_timer0,100010050,R,h1_ocxo_open_loop,16
CNT,1,7039,2,1761674752,1921690864,rp2040_timer0,100010070,R,h1_ocxo_open_loop,16
CNT,1,7040,2,1937674752,2097690848,rp2040_timer0,100010060,R,h1_ocxo_open_loop,16
CNT,1,7041,2,2113674816,2273690800,rp2040_timer0,100009990,R,h1_ocxo_open_loop,16
CNT,1,7042,2,2289674768,2449690832,rp2040_timer0,100010040,R,h1_ocxo_open_loop,16
CNT,1,7043,2,2465674784,2625690800,rp2040_timer0,100010010,R,h1_ocxo_open_loop,16
CNT,1,7044,2,2641674784,2801690848,rp2040_timer0,100010040,R,h1_ocxo_open_loop,16
CNT,1,7045,2,2817674800,2977690864,rp2040_timer0,100010040,R,h1_ocxo_open_loop,16
CNT,1,7046,2,2993674784,3153690800,rp2040_timer0,100010010,R,h1_ocxo_open_loop,16
CNT,1,7047,2,3169674800,3329690800,rp2040_timer0,100010000,R,h1_ocxo_open_loop,16
CNT,1,7048,2,3345674800,3505690800,rp2040_timer0,100010000,R,h1_ocxo_open_loop,16
CNT,1,7049,2,3521674784,3681690800,rp2040_timer0,100010010,R,h1_ocxo_open_loop,16
CNT,1,7050,2,3697674816,3857690816,rp2040_timer0,100010000,R,h1_ocxo_open_loop,16
CNT,1,7051,2,3873674832,4033690816,rp2040_timer0,100009990,R,h1_ocxo_open_loop,16
CNT,1,7052,2,4049674816,4209690800,rp2040_timer0,100009990,R,h1_ocxo_open_loop,16
CNT,1,7053,2,4225674816,4385690864,rp2040_timer0,100010030,R,h1_ocxo_open_loop,16
CNT,1,7054,2,4401674816,4561690864,rp2040_timer0,100010030,R,h1_ocxo_open_loop,16
CNT,1,7055,2,4577674800,4737690832,rp2040_timer0,100010020,R,h1_ocxo_open_loop,16
CNT,1,7056,2,4753674832,4913690832,rp2040_timer0,100010000,R,h1_ocxo_open_loop,16
CNT,1,7057,2,4929674800,5089690848,rp2040_timer0,100010030,R,h1_ocxo_open_loop,16
CNT,1,7058,2,5105674768,5265690832,rp2040_timer0,100010040,R,h1_ocxo_open_loop,16
CNT,1,7059,2,5281674768,5441690816,rp2040_timer0,100010030,R,h1_ocxo_open_loop,16
CNT,1,7060,2,5457674800,5617690800,rp2040_timer0,100010000,R,h1_ocxo_open_loop,16
CNT,1,7061,2,5633674832,5793690832,rp2040_timer0,100010000,R,h1_ocxo_open_loop,16
CNT,1,7062,2,5809674800,5969690848,rp2040_timer0,100010030,R,h1_ocxo_open_loop,16
CNT,1,7063,2,5985674816,6145690832,rp2040_timer0,100010010,R,h1_ocxo_open_loop,16
CNT,1,7064,2,6161674768,6321690832,rp2040_timer0,100010040,R,h1_ocxo_open_loop,16
CNT,1,7065,2,6337674784,6497690864,rp2040_timer0,100010050,R,h1_ocxo_open_loop,16
CNT,1,7066,2,6513674784,6673690864,rp2040_timer0,100010050,R,h1_ocxo_open_loop,16
CNT,1,7067,2,6689674768,6849690848,rp2040_timer0,100010050,R,h1_ocxo_open_loop,16
CNT,1,7068,2,6865674832,7025690832,rp2040_timer0,100010000,R,h1_ocxo_open_loop,16
CNT,1,7069,2,7041674768,7201690864,rp2040_timer0,100010060,R,h1_ocxo_open_loop,16
CNT,1,7070,2,7217674768,7377690832,rp2040_timer0,100010040,R,h1_ocxo_open_loop,16
CNT,1,7071,2,7393674800,7553690800,rp2040_timer0,100010000,R,h1_ocxo_open_loop,16
CNT,1,7072,2,7569674768,7729690848,rp2040_timer0,100010050,R,h1_ocxo_open_loop,16
CNT,1,7073,2,7745674800,7905690816,rp2040_timer0,100010010,R,h1_ocxo_open_loop,16
CNT,1,7074,2,7921674816,8081690848,rp2040_timer0,100010020,R,h1_ocxo_open_loop,16
CNT,1,7075,2,8097674752,8257690784,rp2040_timer0,100010020,R,h1_ocxo_open_loop,16
CNT,1,7076,2,8273674752,8433690800,rp2040_timer0,100010030,R,h1_ocxo_open_loop,16
CNT,1,7077,2,8449674832,8609690800,rp2040_timer0,100009980,R,h1_ocxo_open_loop,16
CNT,1,7078,2,8625674752,8785690832,rp2040_timer0,100010050,R,h1_ocxo_open_loop,16
CNT,1,7079,2,8801674832,8961690816,rp2040_timer0,100009990,R,h1_ocxo_open_loop,16
CNT,1,7080,2,8977674784,9137690784,rp2040_timer0,100010000,R,h1_ocxo_open_loop,16
CNT,1,7081,2,9153674800,9313690848,rp2040_timer0,100010030,R,h1_ocxo_open_loop,16
CNT,1,7082,2,9329674800,9489690864,rp2040_timer0,100010040,R,h1_ocxo_open_loop,16
CNT,1,7083,2,9505674800,9665690800,rp2040_timer0,100010000,R,h1_ocxo_open_loop,16
CNT,1,7084,2,9681674784,9841690848,rp2040_timer0,100010040,R,h1_ocxo_open_loop,16
CNT,1,7085,2,9857674800,10017690832,rp2040_timer0,100010020,R,h1_ocxo_open_loop,16
CNT,1,7086,2,10033674768,10193690864,rp2040_timer0,100010060,R,h1_ocxo_open_loop,16
CNT,1,7087,2,10209674816,10369690864,rp2040_timer0,100010030,R,h1_ocxo_open_loop,16
CNT,1,7088,2,10385674784,10545690816,rp2040_timer0,100010020,R,h1_ocxo_open_loop,16
CNT,1,7089,2,10561674800,10721690816,rp2040_timer0,100010010,R,h1_ocxo_open_loop,16
CNT,1,7090,2,10737674784,10897690848,rp2040_timer0,100010040,R,h1_ocxo_open_loop,16
CNT,1,7091,2,10913674832,11073690784,rp2040_timer0,100009970,R,h1_ocxo_open_loop,16
CNT,1,7092,2,11089674800,11249690800,rp2040_timer0,100010000,R,h1_ocxo_open_loop,16
CNT,1,7093,2,11265674752,11425690864,rp2040_timer0,100010070,R,h1_ocxo_open_loop,16
CNT,1,7094,2,11441674752,11601690864,rp2040_timer0,100010070,R,h1_ocxo_open_loop,16
CNT,1,7095,2,11617674768,11777690800,rp2040_timer0,100010020,R,h1_ocxo_open_loop,16
CNT,1,7096,2,11793674800,11953690784,rp2040_timer0,100009990,R,h1_ocxo_open_loop,16
CNT,1,7097,2,11969674768,12129690864,rp2040_timer0,100010060,R,h1_ocxo_open_loop,16
CNT,1,7098,2,12145674816,12305690864,rp2040_timer0,100010030,R,h1_ocxo_open_loop,16
CNT,1,7099,2,12321674832,12481690848,rp2040_timer0,100010010,R,h1_ocxo_open_loop,16
CNT,1,7100,2,12497674816,12657690800,rp2040_timer0,100009990,R,h1_ocxo_open_loop,16
CNT,1,7101,2,12673674768,12833690864,rp2040_timer0,100010060,R,h1_ocxo_open_loop,16
CNT,1,7102,2,12849674752,13009690864,rp2040_timer0,100010070,R,h1_ocxo_open_loop,16
CNT,1,7103,2,13025674784,13185690864,rp2040_timer0,100010050,R,h1_ocxo_open_loop,16
CNT,1,7104,2,13201674816,13361690816,rp2040_timer0,100010000,R,h1_ocxo_open_loop,16
CNT,1,7105,2,13377674800,13537690832,rp2040_timer0,100010020,R,h1_ocxo_open_loop,16
CNT,1,7106,2,13553674768,13713690848,rp2040_timer0,100010050,R,h1_ocxo_open_loop,16
CNT,1,7107,2,13729674832,13889690848,rp2040_timer0,100010010,R,h1_ocxo_open_loop,16
CNT,1,7108,2,13905674832,14065690800,rp2040_timer0,100009980,R,h1_ocxo_open_loop,16
CNT,1,7109,2,14081674768,14241690816,rp2040_timer0,100010030,R,h1_ocxo_open_loop,16
CNT,1,7110,2,14257674800,14417690784,rp2040_timer0,100009990,R,h1_ocxo_open_loop,16
CNT,1,7111,2,14433674832,14593690784,rp2040_timer0,100009970,R,h1_ocxo_open_loop,16
CNT,1,7112,2,14609674832,14769690864,rp2040_timer0,100010020,R,h1_ocxo_open_loop,16
CNT,1,7113,2,14785674800,14945690864,rp2040_timer0,100010040,R,h1_ocxo_open_loop,16
CNT,1,7114,2,14961674800,15121690832,rp2040_timer0,100010020,R,h1_ocxo_open_loop,16
CNT,1,7115,2,15137674816,15297690864,rp2040_timer0,100010030,R,h1_ocxo_open_loop,16
CNT,1,7116,2,15313674784,15473690864,rp2040_timer0,100010050,R,h1_ocxo_open_loop,16
CNT,1,7117,2,15489674800,15649690864,rp2040_timer0,100010040,R,h1_ocxo_open_loop,16
CNT,1,7118,2,15665674816,15825690848,rp2040_timer0,100010020,R,h1_ocxo_open_loop,16
CNT,1,7119,2,15841674768,16001690832,rp2040_timer0,100010040,R,h1_ocxo_open_loop,16
CNT,1,7120,2,16017674784,16177690816,rp2040_timer0,100010020,R,h1_ocxo_open_loop,16
CNT,1,7121,2,16193674784,16353690864,rp2040_timer0,100010050,R,h1_ocxo_open_loop,16
CNT,1,7122,2,16369674768,16529690864,rp2040_timer0,100010060,R,h1_ocxo_open_loop,16
CNT,1,7123,2,16545674816,16705690864,rp2040_timer0,100010030,R,h1_ocxo_open_loop,16
CNT,1,7124,2,16721674800,16881690832,rp2040_timer0,100010020,R,h1_ocxo_open_loop,16
CNT,1,7125,2,16897674768,17057690832,rp2040_timer0,100010040,R,h1_ocxo_open_loop,16
CNT,1,7126,2,17073674832,17233690848,rp2040_timer0,100010010,R,h1_ocxo_open_loop,16
CNT,1,7127,2,17249674800,17409690816,rp2040_timer0,100010010,R,h1_ocxo_open_loop,16
CNT,1,7128,2,17425674784,17585690864,rp2040_timer0,100010050,R,h1_ocxo_open_loop,16
CNT,1,7129,2,17601674768,17761690848,rp2040_timer0,100010050,R,h1_ocxo_open_loop,16
CNT,1,7130,2,17777674752,17937690816,rp2040_timer0,100010040,R,h1_ocxo_open_loop,16
CNT,1,7131,2,17953674784,18113690816,rp2040_timer0,100010020,R,h1_ocxo_open_loop,16
CNT,1,7132,2,18129674768,18289690864,rp2040_timer0,100010060,R,h1_ocxo_open_loop,16
CNT,1,7133,2,18305674800,18465690800,rp2040_timer0,100010000,R,h1_ocxo_open_loop,16
CNT,1,7134,2,18481674816,18641690832,rp2040_timer0,100010010,R,h1_ocxo_open_loop,16
CNT,1,7135,2,18657674784,18817690832,rp2040_timer0,100010030,R,h1_ocxo_open_loop,16
CNT,1,7136,2,18833674832,18993690816,rp2040_timer0,100009990,R,h1_ocxo_open_loop,16
CNT,1,7137,2,19009674784,19169690800,rp2040_timer0,100010010,R,h1_ocxo_open_loop,16
CNT,1,7138,2,19185674832,19345690816,rp2040_timer0,100009990,R,h1_ocxo_open_loop,16
CNT,1,7139,2,19361674768,19521690800,rp2040_timer0,100010020,R,h1_ocxo_open_loop,16
CNT,1,7140,2,19537674784,19697690784,rp2040_timer0,100010000,R,h1_ocxo_open_loop,16
CNT,1,7141,2,19713674784,19873690832,rp2040_timer0,100010030,R,h1_ocxo_open_loop,16
CNT,1,7142,2,19889674768,20049690832,rp2040_timer0,100010040,R,h1_ocxo_open_loop,16
CNT,1,7143,2,20065674784,20225690832,rp2040_timer0,100010030,R,h1_ocxo_open_loop,16
CNT,1,7144,2,20241674768,20401690864,rp2040_timer0,100010060,R,h1_ocxo_open_loop,16
CNT,1,7145,2,20417674752,20577690800,rp2040_timer0,100010030,R,h1_ocxo_open_loop,16
CNT,1,7146,2,20593674816,20753690784,rp2040_timer0,100009980,R,h1_ocxo_open_loop,16
CNT,1,7147,2,20769674832,20929690816,rp2040_timer0,100009990,R,h1_ocxo_open_loop,16
CNT,1,7148,2,20945674832,21105690848,rp2040_timer0,100010010,R,h1_ocxo_open_loop,16
CNT,1,7149,2,21121674752,21281690864,rp2040_timer0,100010070,R,h1_ocxo_open_loop,16
CNT,1,7150,2,21297674752,21457690800,rp2040_timer0,100010030,R,h1_ocxo_open_loop,16
CNT,1,7151,2,21473674832,21633690864,rp2040_timer0,100010020,R,h1_ocxo_open_loop,16
CNT,1,7152,2,21649674752,21809690816,rp2040_timer0,100010040,R,h1_ocxo_open_loop,16
CNT,1,7153,2,21825674800,21985690800,rp2040_timer0,100010000,R,h1_ocxo_open_loop,16
CNT,1,7154,2,22001674800,22161690864,rp2040_timer0,100010040,R,h1_ocxo_open_loop,16
CNT,1,7155,2,22177674832,22337690832,rp2040_timer0,100010000,R,h1_ocxo_open_loop,16
CNT,1,7156,2,22353674784,22513690800,rp2040_timer0,100010010,R,h1_ocxo_open_loop,16
CNT,1,7157,2,22529674800,22689690832,rp2040_timer0,100010020,R,h1_ocxo_open_loop,16
CNT,1,7158,2,22705674816,22865690864,rp2040_timer0,100010030,R,h1_ocxo_open_loop,16
CNT,1,7159,2,22881674768,23041690816,rp2040_timer0,100010030,R,h1_ocxo_open_loop,16
CNT,1,7160,2,23057674800,23217690800,rp2040_timer0,100010000,R,h1_ocxo_open_loop,16
CNT,1,7161,2,23233674800,23393690848,rp2040_timer0,100010030,R,h1_ocxo_open_loop,16
CNT,1,7162,2,23409674768,23569690800,rp2040_timer0,100010020,R,h1_ocxo_open_loop,16
CNT,1,7163,2,23585674784,23745690816,rp2040_timer0,100010020,R,h1_ocxo_open_loop,16
CNT,1,7164,2,23761674816,23921690800,rp2040_timer0,100009990,R,h1_ocxo_open_loop,16
CNT,1,7165,2,23937674832,24097690848,rp2040_timer0,100010010,R,h1_ocxo_open_loop,16
CNT,1,7166,2,24113674800,24273690832,rp2040_timer0,100010020,R,h1_ocxo_open_loop,16
CNT,1,7167,2,24289674832,24449690800,rp2040_timer0,100009980,R,h1_ocxo_open_loop,16
CNT,1,7168,2,24465674768,24625690864,rp2040_timer0,100010060,R,h1_ocxo_open_loop,16
CNT,1,7169,2,24641674768,24801690832,rp2040_timer0,100010040,R,h1_ocxo_open_loop,16
CNT,1,7170,2,24817674768,24977690848,rp2040_timer0,100010050,R,h1_ocxo_open_loop,16
CNT,1,7171,2,24993674832,25153690912,rp2040_timer0,100010050,R,h1_ocxo_open_loop,16
CNT,1,7172,2,25169674768,25329690800,rp2040_timer0,100010020,R,h1_ocxo_open_loop,16
CNT,1,7173,2,25345674768,25505690848,rp2040_timer0,100010050,R,h1_ocxo_open_loop,16
CNT,1,7174,2,25521674768,25681690816,rp2040_timer0,100010030,R,h1_ocxo_open_loop,16
CNT,1,7175,2,25697674816,25857690816,rp2040_timer0,100010000,R,h1_ocxo_open_loop,16
CNT,1,7176,2,25873674752,26033690848,rp2040_timer0,100010060,R,h1_ocxo_open_loop,16
CNT,1,7177,2,26049674832,26209690864,rp2040_timer0,100010020,R,h1_ocxo_open_loop,16
CNT,1,7178,2,26225674800,26385690816,rp2040_timer0,100010010,R,h1_ocxo_open_loop,16
CNT,1,7179,2,26401674784,26561690816,rp2040_timer0,100010020,R,h1_ocxo_open_loop,16
CNT,1,7180,2,26577674784,26737690864,rp2040_timer0,100010050,R,h1_ocxo_open_loop,16
CNT,1,7181,2,26753674816,26913690816,rp2040_timer0,100010000,R,h1_ocxo_open_loop,16
CNT,1,7182,2,26929674784,27089690864,rp2040_timer0,100010050,R,h1_ocxo_open_loop,16
CNT,1,7183,2,27105674832,27265690800,rp2040_timer0,100009980,R,h1_ocxo_open_loop,16
CNT,1,7184,2,27281674800,27441690800,rp2040_timer0,100010000,R,h1_ocxo_open_loop,16
CNT,1,7185,2,27457674816,27617690848,rp2040_timer0,100010020,R,h1_ocxo_open_loop,16
CNT,1,7186,2,27633674768,27793690832,rp2040_timer0,100010040,R,h1_ocxo_open_loop,16
CNT,1,7187,2,27809674800,27969690800,rp2040_timer0,100010000,R,h1_ocxo_open_loop,16
CNT,1,7188,2,27985674816,28145690848,rp2040_timer0,100010020,R,h1_ocxo_open_loop,16
CNT,1,7189,2,28161674832,28321690800,rp2040_timer0,100009980,R,h1_ocxo_open_loop,16
CNT,1,7190,2,28337674768,28497690832,rp2040_timer0,100010040,R,h1_ocxo_open_loop,16
CNT,1,7191,2,28513674816,28673690864,rp2040_timer0,100010030,R,h1_ocxo_open_loop,16
CNT,1,7192,2,28689674800,28849690800,rp2040_timer0,100010000,R,h1_ocxo_open_loop,16
CNT,1,7193,2,28865674832,29025690832,rp2040_timer0,100010000,R,h1_ocxo_open_loop,16
CNT,1,7194,2,29041674752,29201690848,rp2040_timer0,100010060,R,h1_ocxo_open_loop,16
CNT,1,7195,2,29217674768,29377690816,rp2040_timer0,100010030,R,h1_ocxo_open_loop,16
CNT,1,7196,2,29393674800,29553690848,rp2040_timer0,100010030,R,h1_ocxo_open_loop,16
CNT,1,7197,2,29569674800,29729690848,rp2040_timer0,100010030,R,h1_ocxo_open_loop,16
CNT,1,7198,2,29745674816,29905690864,rp2040_timer0,100010030,R,h1_ocxo_open_loop,16
CNT,1,7199,2,29921674784,30081690848,rp2040_timer0,100010040,R,h1_ocxo_open_loop,16
CNT,1,7200,2,30097674784,30257690864,rp2040_timer0,100010050,R,h1_ocxo_open_loop,16
CNT,1,7201,2,30273674800,30433690816,rp2040_timer0,100010010,R,h1_ocxo_open_loop,16
CNT,1,7202,2,30449674784,30609690848,rp2040_timer0,100010040,R,h1_ocxo_open_loop,16
CNT,1,7203,2,30625674752,30785690800,rp2040_timer0,100010030,R,h1_ocxo_open_loop,16
CNT,1,7204,2,30801674784,30961690832,rp2040_timer0,100010030,R,h1_ocxo_open_loop,16
CNT,1,7205,2,30977674816,31137690800,rp2040_timer0,100009990,R,h1_ocxo_open_loop,16
CNT,1,7206,2,31153674816,31313690864,rp2040_timer0,100010030,R,h1_ocxo_open_loop,16
CNT,1,7207,2,31329674816,31489690848,rp2040_timer0,100010020,R,h1_ocxo_open_loop,16
CNT,1,7208,2,31505674784,31665690832,rp2040_timer0,100010030,R,h1_ocxo_open_loop,16
CNT,1,7209,2,31681674784,31841690800,rp2040_timer0,100010010,R,h1_ocxo_open_loop,16
CNT,1,7210,2,31857674768,32017690864,rp2040_timer0,100010060,R,h1_ocxo_open_loop,16
CNT,1,7211,2,32033674784,32193690832,rp2040_timer0,100010030,R,h1_ocxo_open_loop,16
CNT,1,7212,2,32209674784,32369690784,rp2040_timer0,100010000,R,h1_ocxo_open_loop,16
CNT,1,7213,2,32385674768,32545690800,rp2040_timer0,100010020,R,h1_ocxo_open_loop,16
CNT,1,7214,2,32561674784,32721690832,rp2040_timer0,100010030,R,h1_ocxo_open_loop,16
CNT,1,7215,2,32737674832,32897690816,rp2040_timer0,100009990,R,h1_ocxo_open_loop,16
CNT,1,7216,2,32913674784,33073690832,rp2040_timer0,100010030,R,h1_ocxo_open_loop,16
CNT,1,7217,2,33089674784,33249690832,rp2040_timer0,100010030,R,h1_ocxo_open_loop,16
CNT,1,7218,2,33265674832,33425690816,rp2040_timer0,100009990,R,h1_ocxo_open_loop,16
CNT,1,7219,2,33441674816,33601690832,rp2040_timer0,100010010,R,h1_ocxo_open_loop,16
CNT,1,7220,2,33617674800,33777690848,rp2040_timer0,100010030,R,h1_ocxo_open_loop,16
CNT,1,7221,2,33793674832,33953690816,rp2040_timer0,100009990,R,h1_ocxo_open_loop,16
CNT,1,7222,2,33969674752,34129690864,rp2040_timer0,100010070,R,h1_ocxo_open_loop,16
CNT,1,7223,2,34145674816,34305690864,rp2040_timer0,100010030,R,h1_ocxo_open_loop,16
CNT,1,7224,2,34321674768,34481690848,rp2040_timer0,100010050,R,h1_ocxo_open_loop,16
CNT,1,7225,2,34497674752,34657690784,rp2040_timer0,100010020,R,h1_ocxo_open_loop,16
CNT,1,7226,2,34673674768,34833690800,rp2040_timer0,100010020,R,h1_ocxo_open_loop,16
CNT,1,7227,2,34849674768,35009690800,rp2040_timer0,100010020,R,h1_ocxo_open_loop,16
CNT,1,7228,2,35025674768,35185690832,rp2040_timer0,100010040,R,h1_ocxo_open_loop,16
CNT,1,7229,2,35201674752,35361690832,rp2040_timer0,100010050,R,h1_ocxo_open_loop,16
CNT,1,7230,2,35377674816,35537690800,rp2040_timer0,100009990,R,h1_ocxo_open_loop,16
CNT,1,7231,2,35553674832,35713690848,rp2040_timer0,100010010,R,h1_ocxo_open_loop,16
CNT,1,7232,2,35729674768,35889690784,rp2040_timer0,100010010,R,h1_ocxo_open_loop,16
CNT,1,7233,2,35905674784,36065690848,rp2040_timer0,100010040,R,h1_ocxo_open_loop,16
CNT,1,7234,2,36081674800,36241690816,rp2040_timer0,100010010,R,h1_ocxo_open_loop,16
CNT,1,7235,2,36257674784,36417690832,rp2040_timer0,100010030,R,h1_ocxo_open_loop,16
CNT,1,7236,2,36433674816,36593690832,rp2040_timer0,100010010,R,h1_ocxo_open_loop,16
CNT,1,7237,2,36609674768,36769690816,rp2040_timer0,100010030,R,h1_ocxo_open_loop,16
CNT,1,7238,2,36785674816,36945690816,rp2040_timer0,100010000,R,h1_ocxo_open_loop,16
CNT,1,7239,2,36961674816,37121690800,rp2040_timer0,100009990,R,h1_ocxo_open_loop,16
CNT,1,7240,2,37137674768,37297690816,rp2040_timer0,100010030,R,h1_ocxo_open_loop,16
CNT,1,7241,2,37313674816,37473690816,rp2040_timer0,100010000,R,h1_ocxo_open_loop,16
CNT,1,7242,2,37489674832,37649690848,rp2040_timer0,100010010,R,h1_ocxo_open_loop,16
CNT,1,7243,2,37665674784,37825690848,rp2040_timer0,100010040,R,h1_ocxo_open_loop,16
CNT,1,7244,2,37841674784,38001690832,rp2040_timer0,100010030,R,h1_ocxo_open_loop,16
CNT,1,7245,2,38017674800,38177690800,rp2040_timer0,100010000,R,h1_ocxo_open_loop,16
CNT,1,7246,2,38193674768,38353690800,rp2040_timer0,100010020,R,h1_ocxo_open_loop,16
CNT,1,7247,2,38369674816,38529690800,rp2040_timer0,100009990,R,h1_ocxo_open_loop,16
CNT,1,7248,2,38545674816,38705690800,rp2040_timer0,100009990,R,h1_ocxo_open_loop,16
CNT,1,7249,2,38721674784,38881690848,rp2040_timer0,100010040,R,h1_ocxo_open_loop,16
CNT,1,7250,2,38897674800,39057690832,rp2040_timer0,100010020,R,h1_ocxo_open_loop,16
CNT,1,7251,2,39073674784,39233690848,rp2040_timer0,100010040,R,h1_ocxo_open_loop,16
CNT,1,7252,2,39249674800,39409690816,rp2040_timer0,100010010,R,h1_ocxo_open_loop,16
CNT,1,7253,2,39425674768,39585690832,rp2040_timer0,100010040,R,h1_ocxo_open_loop,16
CNT,1,7254,2,39601674768,39761690800,rp2040_timer0,100010020,R,h1_ocxo_open_loop,16
CNT,1,7255,2,39777674768,39937690800,rp2040_timer0,100010020,R,h1_ocxo_open_loop,16
CNT,1,7256,2,39953674752,40113690848,rp2040_timer0,100010060,R,h1_ocxo_open_loop,16
CNT,1,7257,2,40129674800,40289690816,rp2040_timer0,100010010,R,h1_ocxo_open_loop,16
CNT,1,7258,2,40305674800,40465690864,rp2040_timer0,100010040,R,h1_ocxo_open_loop,16
CNT,1,7259,2,40481674768,40641690816,rp2040_timer0,100010030,R,h1_ocxo_open_loop,16
CNT,1,7260,2,40657674832,40817690864,rp2040_timer0,100010020,R,h1_ocxo_open_loop,16
CNT,1,7261,2,40833674768,40993690864,rp2040_timer0,100010060,R,h1_ocxo_open_loop,16
CNT,1,7262,2,41009674784,41169690816,rp2040_timer0,100010020,R,h1_ocxo_open_loop,16
CNT,1,7263,2,41185674832,41345690800,rp2040_timer0,100009980,R,h1_ocxo_open_loop,16
CNT,1,7264,2,41361674752,41521690832,rp2040_timer0,100010050,R,h1_ocxo_open_loop,16
CNT,1,7265,2,41537674832,41697690816,rp2040_timer0,100009990,R,h1_ocxo_open_loop,16
CNT,1,7266,2,41713674816,41873690784,rp2040_timer0,100009980,R,h1_ocxo_open_loop,16
CNT,1,7267,2,41889674784,42049690848,rp2040_timer0,100010040,R,h1_ocxo_open_loop,16
CNT,1,7268,2,42065674768,42225690800,rp2040_timer0,100010020,R,h1_ocxo_open_loop,16
CNT,1,7269,2,42241674800,42401690832,rp2040_timer0,100010020,R,h1_ocxo_open_loop,16
CNT,1,7270,2,42417674784,42577690864,rp2040_timer0,100010050,R,h1_ocxo_open_loop,16
CNT,1,7271,2,42593674800,42753690848,rp2040_timer0,100010030,R,h1_ocxo_open_loop,16
CNT,1,7272,2,42769674800,42929690800,rp2040_timer0,100010000,R,h1_ocxo_open_loop,16
CNT,1,7273,2,42945674768,43105690800,rp2040_timer0,100010020,R,h1_ocxo_open_loop,16
CNT,1,7274,2,43121674800,43281690784,rp2040_timer0,100009990,R,h1_ocxo_open_loop,16
CNT,1,7275,2,43297674784,43457690832,rp2040_timer0,100010030,R,h1_ocxo_open_loop,16
CNT,1,7276,2,43473674832,43633690848,rp2040_timer0,100010010,R,h1_ocxo_open_loop,16
CNT,1,7277,2,43649674784,43809690832,rp2040_timer0,100010030,R,h1_ocxo_open_loop,16
CNT,1,7278,2,43825674800,43985690816,rp2040_timer0,100010010,R,h1_ocxo_open_loop,16
CNT,1,7279,2,44001674816,44161690848,rp2040_timer0,100010020,R,h1_ocxo_open_loop,16
CNT,1,7280,2,44177674800,44337690864,rp2040_timer0,100010040,R,h1_ocxo_open_loop,16
CNT,1,7281,2,44353674768,44513690832,rp2040_timer0,100010040,R,h1_ocxo_open_loop,16
CNT,1,7282,2,44529674752,44689690848,rp2040_timer0,100010060,R,h1_ocxo_open_loop,16
CNT,1,7283,2,44705674784,44865690832,rp2040_timer0,100010030,R,h1_ocxo_open_loop,16
CNT,1,7284,2,44881674832,45041690816,rp2040_timer0,100009990,R,h1_ocxo_open_loop,16
CNT,1,7285,2,45057674784,45217690848,rp2040_timer0,100010040,R,h1_ocxo_open_loop,16
CNT,1,7286,2,45233674816,45393690832,rp2040_timer0,100010010,R,h1_ocxo_open_loop,16
CNT,1,7287,2,45409674816,45569690848,rp2040_timer0,100010020,R,h1_ocxo_open_loop,16
CNT,1,7288,2,45585674768,45745690800,rp2040_timer0,100010020,R,h1_ocxo_open_loop,16
CNT,1,7289,2,45761674816,45921690800,rp2040_timer0,100009990,R,h1_ocxo_open_loop,16
CNT,1,7290,2,45937674768,46097690816,rp2040_timer0,100010030,R,h1_ocxo_open_loop,16
CNT,1,7291,2,46113674800,46273690800,rp2040_timer0,100010000,R,h1_ocxo_open_loop,16
CNT,1,7292,2,46289674784,46449690832,rp2040_timer0,100010030,R,h1_ocxo_open_loop,16
CNT,1,7293,2,46465674800,46625690864,rp2040_timer0,100010040,R,h1_ocxo_open_loop,16
CNT,1,7294,2,46641674784,46801690816,rp2040_timer0,100010020,R,h1_ocxo_open_loop,16
CNT,1,7295,2,46817674784,46977690816,rp2040_timer0,100010020,R,h1_ocxo_open_loop,16
CNT,1,7296,2,46993674768,47153690864,rp2040_timer0,100010060,R,h1_ocxo_open_loop,16
CNT,1,7297,2,47169674832,47329690848,rp2040_timer0,100010010,R,h1_ocxo_open_loop,16
CNT,1,7298,2,47345674816,47505690800,rp2040_timer0,100009990,R,h1_ocxo_open_loop,16
CNT,1,7299,2,47521674832,47681690864,rp2040_timer0,100010020,R,h1_ocxo_open_loop,16
CNT,1,7300,2,47697674832,47857690848,rp2040_timer0,100010010,R,h1_ocxo_open_loop,16
CNT,1,7301,2,47873674784,48033690864,rp2040_timer0,100010050,R,h1_ocxo_open_loop,16
CNT,1,7302,2,48049674784,48209690864,rp2040_timer0,100010050,R,h1_ocxo_open_loop,16
CNT,1,7303,2,48225674800,48385690800,rp2040_timer0,100010000,R,h1_ocxo_open_loop,16
CNT,1,7304,2,48401674752,48561690816,rp2040_timer0,100010040,R,h1_ocxo_open_loop,16
CNT,1,7305,2,48577674800,48737690848,rp2040_timer0,100010030,R,h1_ocxo_open_loop,16
CNT,1,7306,2,48753674784,48913690864,rp2040_timer0,100010050,R,h1_ocxo_open_loop,16
CNT,1,7307,2,48929674816,49089690848,rp2040_timer0,100010020,R,h1_ocxo_open_loop,16
CNT,1,7308,2,49105674768,49265690800,rp2040_timer0,100010020,R,h1_ocxo_open_loop,16
CNT,1,7309,2,49281674816,49441690784,rp2040_timer0,100009980,R,h1_ocxo_open_loop,16
CNT,1,7310,2,49457674800,49617690848,rp2040_timer0,100010030,R,h1_ocxo_open_loop,16
CNT,1,7311,2,49633674816,49793690832,rp2040_timer0,100010010,R,h1_ocxo_open_loop,16
CNT,1,7312,2,49809674832,49969690832,rp2040_timer0,100010000,R,h1_ocxo_open_loop,16
CNT,1,7313,2,49985674832,50145690832,rp2040_timer0,100010000,R,h1_ocxo_open_loop,16
CNT,1,7314,2,50161674784,50321690832,rp2040_timer0,100010030,R,h1_ocxo_open_loop,16
CNT,1,7315,2,50337674816,50497690848,rp2040_timer0,100010020,R,h1_ocxo_open_loop,16
CNT,1,7316,2,50513674768,50673690848,rp2040_timer0,100010050,R,h1_ocxo_open_loop,16
CNT,1,7317,2,50689674816,50849690832,rp2040_timer0,100010010,R,h1_ocxo_open_loop,16
CNT,1,7318,2,50865674784,51025690816,rp2040_timer0,100010020,R,h1_ocxo_open_loop,16
CNT,1,7319,2,51041674784,51201690848,rp2040_timer0,100010040,R,h1_ocxo_open_loop,16
CNT,1,7320,2,51217674752,51377690848,rp2040_timer0,100010060,R,h1_ocxo_open_loop,16
CNT,1,7321,2,51393674800,51553690832,rp2040_timer0,100010020,R,h1_ocxo_open_loop,16
CNT,1,7322,2,51569674800,51729690832,rp2040_timer0,100010020,R,h1_ocxo_open_loop,16
CNT,1,7323,2,51745674768,51905690800,rp2040_timer0,100010020,R,h1_ocxo_open_loop,16
CNT,1,7324,2,51921674800,52081690848,rp2040_timer0,100010030,R,h1_ocxo_open_loop,16
CNT,1,7325,2,52097674784,52257690784,rp2040_timer0,100010000,R,h1_ocxo_open_loop,16
CNT,1,7326,2,52273674784,52433690848,rp2040_timer0,100010040,R,h1_ocxo_open_loop,16
CNT,1,7327,2,52449674800,52609690864,rp2040_timer0,100010040,R,h1_ocxo_open_loop,16
CNT,1,7328,2,52625674832,52785690848,rp2040_timer0,100010010,R,h1_ocxo_open_loop,16
CNT,1,7329,2,52801674784,52961690864,rp2040_timer0,100010050,R,h1_ocxo_open_loop,16
CNT,1,7330,2,52977674768,53137690816,rp2040_timer0,100010030,R,h1_ocxo_open_loop,16
CNT,1,7331,2,53153674816,53313690832,rp2040_timer0,100010010,R,h1_ocxo_open_loop,16
CNT,1,7332,2,53329674784,53489690848,rp2040_timer0,100010040,R,h1_ocxo_open_loop,16
CNT,1,7333,2,53505674816,53665690848,rp2040_timer0,100010020,R,h1_ocxo_open_loop,16
CNT,1,7334,2,53681674768,53841690832,rp2040_timer0,100010040,R,h1_ocxo_open_loop,16
CNT,1,7335,2,53857674784,54017690864,rp2040_timer0,100010050,R,h1_ocxo_open_loop,16
CNT,1,7336,2,54033674800,54193690832,rp2040_timer0,100010020,R,h1_ocxo_open_loop,16
CNT,1,7337,2,54209674784,54369690816,rp2040_timer0,100010020,R,h1_ocxo_open_loop,16
CNT,1,7338,2,54385674816,54545690800,rp2040_timer0,100009990,R,h1_ocxo_open_loop,16
CNT,1,7339,2,54561674800,54721690816,rp2040_timer0,100010010,R,h1_ocxo_open_loop,16
CNT,1,7340,2,54737674816,54897690832,rp2040_timer0,100010010,R,h1_ocxo_open_loop,16
CNT,1,7341,2,54913674784,55073690832,rp2040_timer0,100010030,R,h1_ocxo_open_loop,16
CNT,1,7342,2,55089674816,55249690832,rp2040_timer0,100010010,R,h1_ocxo_open_loop,16
CNT,1,7343,2,55265674784,55425690848,rp2040_timer0,100010040,R,h1_ocxo_open_loop,16
CNT,1,7344,2,55441674800,55601690864,rp2040_timer0,100010040,R,h1_ocxo_open_loop,16
CNT,1,7345,2,55617674768,55777690816,rp2040_timer0,100010030,R,h1_ocxo_open_loop,16
CNT,1,7346,2,55793674800,55953690848,rp2040_timer0,100010030,R,h1_ocxo_open_loop,16
CNT,1,7347,2,55969674800,56129690800,rp2040_timer0,100010000,R,h1_ocxo_open_loop,16
CNT,1,7348,2,56145674768,56305690800,rp2040_timer0,100010020,R,h1_ocxo_open_loop,16
CNT,1,7349,2,56321674816,56481690848,rp2040_timer0,100010020,R,h1_ocxo_open_loop,16
CNT,1,7350,2,56497674832,56657690816,rp2040_timer0,100009990,R,h1_ocxo_open_loop,16
CNT,1,7351,2,56673674784,56833690832,rp2040_timer0,100010030,R,h1_ocxo_open_loop,16
CNT,1,7352,2,56849674800,57009690816,rp2040_timer0,100010010,R,h1_ocxo_open_loop,16
CNT,1,7353,2,57025674784,57185690784,rp2040_timer0,100010000,R,h1_ocxo_open_loop,16
CNT,1,7354,2,57201674800,57361690832,rp2040_timer0,100010020,R,h1_ocxo_open_loop,16
CNT,1,7355,2,57377674816,57537690864,rp2040_timer0,100010030,R,h1_ocxo_open_loop,16
CNT,1,7356,2,57553674816,57713690800,rp2040_timer0,100009990,R,h1_ocxo_open_loop,16
CNT,1,7357,2,57729674784,57889690848,rp2040_timer0,100010040,R,h1_ocxo_open_loop,16
CNT,1,7358,2,57905674768,58065690816,rp2040_timer0,100010030,R,h1_ocxo_open_loop,16
CNT,1,7359,2,58081674800,58241690832,rp2040_timer0,100010020,R,h1_ocxo_open_loop,16
CNT,1,7360,2,58257674816,58417690800,rp2040_timer0,100009990,R,h1_ocxo_open_loop,16
CNT,1,7361,2,58433674768,58593690848,rp2040_timer0,100010050,R,h1_ocxo_open_loop,16
CNT,1,7362,2,58609674800,58769690832,rp2040_timer0,100010020,R,h1_ocxo_open_loop,16
CNT,1,7363,2,58785674816,58945690864,rp2040_timer0,100010030,R,h1_ocxo_open_loop,16
CNT,1,7364,2,58961674800,59121690816,rp2040_timer0,100010010,R,h1_ocxo_open_loop,16
CNT,1,7365,2,59137674816,59297690848,rp2040_timer0,100010020,R,h1_ocxo_open_loop,16
CNT,1,7366,2,59313674816,59473690800,rp2040_timer0,100009990,R,h1_ocxo_open_loop,16
CNT,1,7367,2,59489674800,59649690848,rp2040_timer0,100010030,R,h1_ocxo_open_loop,16
CNT,1,7368,2,59665674752,59825690816,rp2040_timer0,100010040,R,h1_ocxo_open_loop,16
CNT,1,7369,2,59841674816,60001690800,rp2040_timer0,100009990,R,h1_ocxo_open_loop,16
CNT,1,7370,2,60017674784,60177690848,rp2040_timer0,100010040,R,h1_ocxo_open_loop,16
CNT,1,7371,2,60193674800,60353690848,rp2040_timer0,100010030,R,h1_ocxo_open_loop,16
CNT,1,7372,2,60369674768,60529690848,rp2040_timer0,100010050,R,h1_ocxo_open_loop,16
CNT,1,7373,2,60545674800,60705690816,rp2040_timer0,100010010,R,h1_ocxo_open_loop,16
CNT,1,7374,2,60721674816,60881690864,rp2040_timer0,100010030,R,h1_ocxo_open_loop,16
CNT,1,7375,2,60897674832,61057690832,rp2040_timer0,100010000,R,h1_ocxo_open_loop,16
CNT,1,7376,2,61073674816,61233690832,rp2040_timer0,100010010,R,h1_ocxo_open_loop,16
CNT,1,7377,2,61249674768,61409690800,rp2040_timer0,100010020,R,h1_ocxo_open_loop,16
CNT,1,7378,2,61425674800,61585690832,rp2040_timer0,100010020,R,h1_ocxo_open_loop,16
CNT,1,7379,2,61601674800,61761690848,rp2040_timer0,100010030,R,h1_ocxo_open_loop,16
CNT,1,7380,2,61777674816,61937690816,rp2040_timer0,100010000,R,h1_ocxo_open_loop,16
CNT,1,7381,2,61953674800,62113690816,rp2040_timer0,100010010,R,h1_ocxo_open_loop,16
CNT,1,7382,2,62129674816,62289690832,rp2040_timer0,100010010,R,h1_ocxo_open_loop,16
CNT,1,7383,2,62305674784,62465690832,rp2040_timer0,100010030,R,h1_ocxo_open_loop,16
CNT,1,7384,2,62481674768,62641690832,rp2040_timer0,100010040,R,h1_ocxo_open_loop,16
CNT,1,7385,2,62657674768,62817690816,rp2040_timer0,100010030,R,h1_ocxo_open_loop,16
CNT,1,7386,2,62833674768,62993690864,rp2040_timer0,100010060,R,h1_ocxo_open_loop,16
CNT,1,7387,2,63009674816,63169690816,rp2040_timer0,100010000,R,h1_ocxo_open_loop,16
CNT,1,7388,2,63185674800,63345690848,rp2040_timer0,100010030,R,h1_ocxo_open_loop,16
CNT,1,7389,2,63361674768,63521690816,rp2040_timer0,100010030,R,h1_ocxo_open_loop,16
CNT,1,7390,2,63537674784,63697690832,rp2040_timer0,100010030,R,h1_ocxo_open_loop,16
CNT,1,7391,2,63713674784,63873690832,rp2040_timer0,100010030,R,h1_ocxo_open_loop,16
CNT,1,7392,2,63889674752,64049690832,rp2040_timer0,100010050,R,h1_ocxo_open_loop,16
CNT,1,7393,2,64065674784,64225690848,rp2040_timer0,100010040,R,h1_ocxo_open_loop,16
CNT,1,7394,2,64241674784,64401690832,rp2040_timer0,100010030,R,h1_ocxo_open_loop,16
CNT,1,7395,2,64417674816,64577690848,rp2040_timer0,100010020,R,h1_ocxo_open_loop,16
CNT,1,7396,2,64593674832,64753690816,rp2040_timer0,100009990,R,h1_ocxo_open_loop,16
CNT,1,7397,2,64769674816,64929690800,rp2040_timer0,100009990,R,h1_ocxo_open_loop,16
CNT,1,7398,2,64945674832,65105690816,rp2040_timer0,100009990,R,h1_ocxo_open_loop,16
CNT,1,7399,2,65121674768,65281690848,rp2040_timer0,100010050,R,h1_ocxo_open_loop,16
CNT,1,7400,2,65297674800,65457690816,rp2040_timer0,100010010,R,h1_ocxo_open_loop,16
CNT,1,7401,2,65473674832,65633690832,rp2040_timer0,100010000,R,h1_ocxo_open_loop,16
CNT,1,7402,2,65649674832,65809690816,rp2040_timer0,100009990,R,h1_ocxo_open_loop,16
CNT,1,7403,2,65825674800,65985690848,rp2040_timer0,100010030,R,h1_ocxo_open_loop,16
CNT,1,7404,2,66001674752,66161690832,rp2040_timer0,100010050,R,h1_ocxo_open_loop,16
CNT,1,7405,2,66177674816,66337690848,rp2040_timer0,100010020,R,h1_ocxo_open_loop,16
CNT,1,7406,2,66353674768,66513690800,rp2040_timer0,100010020,R,h1_ocxo_open_loop,16
CNT,1,7407,2,66529674816,66689690832,rp2040_timer0,100010010,R,h1_ocxo_open_loop,16
CNT,1,7408,2,66705674800,66865690800,rp2040_timer0,100010000,R,h1_ocxo_open_loop,16
CNT,1,7409,2,66881674816,67041690832,rp2040_timer0,100010010,R,h1_ocxo_open_loop,16
CNT,1,7410,2,67057674768,67217690800,rp2040_timer0,100010020,R,h1_ocxo_open_loop,16
CNT,1,7411,2,67233674816,67393690816,rp2040_timer0,100010000,R,h1_ocxo_open_loop,16
CNT,1,7412,2,67409674800,67569690848,rp2040_timer0,100010030,R,h1_ocxo_open_loop,16
CNT,1,7413,2,67585674816,67745690800,rp2040_timer0,100009990,R,h1_ocxo_open_loop,16
CNT,1,7414,2,67761674816,67921690816,rp2040_timer0,100010000,R,h1_ocxo_open_loop,16
CNT,1,7415,2,67937674816,68097690800,rp2040_timer0,100009990,R,h1_ocxo_open_loop,16
CNT,1,7416,2,68113674752,68273690848,rp2040_timer0,100010060,R,h1_ocxo_open_loop,16
CNT,1,7417,2,68289674784,68449690800,rp2040_timer0,100010010,R,h1_ocxo_open_loop,16
CNT,1,7418,2,68465674768,68625690832,rp2040_timer0,100010040,R,h1_ocxo_open_loop,16
CNT,1,7419,2,68641674784,68801690800,rp2040_timer0,100010010,R,h1_ocxo_open_loop,16
CNT,1,7420,2,98198080,258214096,rp2040_timer0,100010010,R,h1_ocxo_open_loop,16
CNT,1,7421,2,274198064,434214112,rp2040_timer0,100010030,R,h1_ocxo_open_loop,16
CNT,1,7422,2,450198048,610214080,rp2040_timer0,100010020,R,h1_ocxo_open_loop,16
CNT,1,7423,2,626198032,786214064,rp2040_timer0,100010020,R,h1_ocxo_open_loop,16
CNT,1,7424,2,802198080,962214080,rp2040_timer0,100010000,R,h1_ocxo_open_loop,16
CNT,1,7425,2,978198048,1138214080,rp2040_timer0,100010020,R,h1_ocxo_open_loop,16
CNT,1,7426,2,1154198080,1314214064,rp2040_timer0,100009990,R,h1_ocxo_open_loop,16
CNT,1,7427,2,1330198048,1490214112,rp2040_timer0,100010040,R,h1_ocxo_open_loop,16
CNT,1,7428,2,1506198048,1666214080,rp2040_timer0,100010020,R,h1_ocxo_open_loop,16
CNT,1,7429,2,1682198048,1842214128,rp2040_timer0,100010050,R,h1_ocxo_open_loop,16
CNT,1,7430,2,1858198080,2018214064,rp2040_timer0,100009990,R,h1_ocxo_open_loop,16
CNT,1,7431,2,2034198032,2194214080,rp2040_timer0,100010030,R,h1_ocxo_open_loop,16
CNT,1,7432,2,2210198032,2370214128,rp2040_timer0,100010060,R,h1_ocxo_open_loop,16
CNT,1,7433,2,2386198080,2546214080,rp2040_timer0,100010000,R,h1_ocxo_open_loop,16
CNT,1,7434,2,2562198096,2722214128,rp2040_timer0,100010020,R,h1_ocxo_open_loop,16
CNT,1,7435,2,2738198016,2898214048,rp2040_timer0,100010020,R,h1_ocxo_open_loop,16
CNT,1,7436,2,2914198032,3074214112,rp2040_timer0,100010050,R,h1_ocxo_open_loop,16
CNT,1,7437,2,3090198032,3250214112,rp2040_timer0,100010050,R,h1_ocxo_open_loop,16
CNT,1,7438,2,3266198048,3426214112,rp2040_timer0,100010040,R,h1_ocxo_open_loop,16
CNT,1,7439,2,3442198064,3602214064,rp2040_timer0,100010000,R,h1_ocxo_open_loop,16
CNT,1,7440,2,3618198080,3778214128,rp2040_timer0,100010030,R,h1_ocxo_open_loop,16
CNT,1,7441,2,3794198016,3954214128,rp2040_timer0,100010070,R,h1_ocxo_open_loop,16
CNT,1,7442,2,3970198064,4130214112,rp2040_timer0,100010030,R,h1_ocxo_open_loop,16
CNT,1,7443,2,4146198096,4306214128,rp2040_timer0,100010020,R,h1_ocxo_open_loop,16
CNT,1,7444,2,4322198080,4482214064,rp2040_timer0,100009990,R,h1_ocxo_open_loop,16
CNT,1,7445,2,4498198080,4658214112,rp2040_timer0,100010020,R,h1_ocxo_open_loop,16
CNT,1,7446,2,4674198032,4834214080,rp2040_timer0,100010030,R,h1_ocxo_open_loop,16
CNT,1,7447,2,4850198032,5010214080,rp2040_timer0,100010030,R,h1_ocxo_open_loop,16
CNT,1,7448,2,5026198096,5186214064,rp2040_timer0,100009980,R,h1_ocxo_open_loop,16
CNT,1,7449,2,5202198096,5362214112,rp2040_timer0,100010010,R,h1_ocxo_open_loop,16
CNT,1,7450,2,5378198032,5538214128,rp2040_timer0,100010060,R,h1_ocxo_open_loop,16
CNT,1,7451,2,5554198032,5714214096,rp2040_timer0,100010040,R,h1_ocxo_open_loop,16
CNT,1,7452,2,5730198032,5890214128,rp2040_timer0,100010060,R,h1_ocxo_open_loop,16
CNT,1,7453,2,5906198048,6066214096,rp2040_timer0,100010030,R,h1_ocxo_open_loop,16
CNT,1,7454,2,6082198048,6242214080,rp2040_timer0,100010020,R,h1_ocxo_open_loop,16
CNT,1,7455,2,6258198048,6418214064,rp2040_timer0,100010010,R,h1_ocxo_open_loop,16
CNT,1,7456,2,6434198032,6594214128,rp2040_timer0,100010060,R,h1_ocxo_open_loop,16
CNT,1,7457,2,6610198048,6770214064,rp2040_timer0,100010010,R,h1_ocxo_open_loop,16
CNT,1,7458,2,6786198032,6946214128,rp2040_timer0,100010060,R,h1_ocxo_open_loop,16
CNT,1,7459,2,6962198064,7122214096,rp2040_timer0,100010020,R,h1_ocxo_open_loop,16
CNT,1,7460,2,7138198080,7298214112,rp2040_timer0,100010020,R,h1_ocxo_open_loop,16
CNT,1,7461,2,7314198032,7474214080,rp2040_timer0,100010030,R,h1_ocxo_open_loop,16
CNT,1,7462,2,7490198032,7650214080,rp2040_timer0,100010030,R,h1_ocxo_open_loop,16
CNT,1,7463,2,7666198080,7826214096,rp2040_timer0,100010010,R,h1_ocxo_open_loop,16
CNT,1,7464,2,7842198032,8002214080,rp2040_timer0,100010030,R,h1_ocxo_open_loop,16
CNT,1,7465,2,8018198048,8178214096,rp2040_timer0,100010030,R,h1_ocxo_open_loop,16
CNT,1,7466,2,8194198064,8354214112,rp2040_timer0,100010030,R,h1_ocxo_open_loop,16
CNT,1,7467,2,8370198064,8530214096,rp2040_timer0,100010020,R,h1_ocxo_open_loop,16
CNT,1,7468,2,8546198032,8706214080,rp2040_timer0,100010030,R,h1_ocxo_open_loop,16
CNT,1,7469,2,8722198048,8882214128,rp2040_timer0,100010050,R,h1_ocxo_open_loop,16
CNT,1,7470,2,8898198032,9058214096,rp2040_timer0,100010040,R,h1_ocxo_open_loop,16
CNT,1,7471,2,9074198080,9234214112,rp2040_timer0,100010020,R,h1_ocxo_open_loop,16
CNT,1,7472,2,9250198048,9410214064,rp2040_timer0,100010010,R,h1_ocxo_open_loop,16
CNT,1,7473,2,9426198032,9586214080,rp2040_timer0,100010030,R,h1_ocxo_open_loop,16
CNT,1,7474,2,9602198080,9762214096,rp2040_timer0,100010010,R,h1_ocxo_open_loop,16
CNT,1,7475,2,9778198032,9938214128,rp2040_timer0,100010060,R,h1_ocxo_open_loop,16
CNT,1,7476,2,9954198080,10114214112,rp2040_timer0,100010020,R,h1_ocxo_open_loop,16
CNT,1,7477,2,10130198048,10290214112,rp2040_timer0,100010040,R,h1_ocxo_open_loop,16
CNT,1,7478,2,10306198064,10466214080,rp2040_timer0,100010010,R,h1_ocxo_open_loop,16
CNT,1,7479,2,10482198064,10642214048,rp2040_timer0,100009990,R,h1_ocxo_open_loop,16
CNT,1,7480,2,10658198080,10818214112,rp2040_timer0,100010020,R,h1_ocxo_open_loop,16
CNT,1,7481,2,10834198064,10994214064,rp2040_timer0,100010000,R,h1_ocxo_open_loop,16
CNT,1,7482,2,11010198064,11170214096,rp2040_timer0,100010020,R,h1_ocxo_open_loop,16
CNT,1,7483,2,11186198064,11346214128,rp2040_timer0,100010040,R,h1_ocxo_open_loop,16
CNT,1,7484,2,11362198064,11522214112,rp2040_timer0,100010030,R,h1_ocxo_open_loop,16
CNT,1,7485,2,11538198064,11698214112,rp2040_timer0,100010030,R,h1_ocxo_open_loop,16
CNT,1,7486,2,11714198032,11874214096,rp2040_timer0,100010040,R,h1_ocxo_open_loop,16
CNT,1,7487,2,11890198080,12050214128,rp2040_timer0,100010030,R,h1_ocxo_open_loop,16
CNT,1,7488,2,12066198064,12226214128,rp2040_timer0,100010040,R,h1_ocxo_open_loop,16
CNT,1,7489,2,12242198080,12402214096,rp2040_timer0,100010010,R,h1_ocxo_open_loop,16
CNT,1,7490,2,12418198080,12578214064,rp2040_timer0,100009990,R,h1_ocxo_open_loop,16
CNT,1,7491,2,12594198080,12754214096,rp2040_timer0,100010010,R,h1_ocxo_open_loop,16
CNT,1,7492,2,12770198032,12930214064,rp2040_timer0,100010020,R,h1_ocxo_open_loop,16
CNT,1,7493,2,12946198064,13106214096,rp2040_timer0,100010020,R,h1_ocxo_open_loop,16
CNT,1,7494,2,13122198016,13282214048,rp2040_timer0,100010020,R,h1_ocxo_open_loop,16
CNT,1,7495,2,13298198048,13458214080,rp2040_timer0,100010020,R,h1_ocxo_open_loop,16
CNT,1,7496,2,13474198064,13634214080,rp2040_timer0,100010010,R,h1_ocxo_open_loop,16
CNT,1,7497,2,13650198080,13810214080,rp2040_timer0,100010000,R,h1_ocxo_open_loop,16
CNT,1,7498,2,13826198048,13986214064,rp2040_timer0,100010010,R,h1_ocxo_open_loop,16
CNT,1,7499,2,14002198064,14162214128,rp2040_timer0,100010040,R,h1_ocxo_open_loop,16
CNT,1,7500,2,14178198064,14338214080,rp2040_timer0,100010010,R,h1_ocxo_open_loop,16
CNT,1,7501,2,14354198032,14514214064,rp2040_timer0,100010020,R,h1_ocxo_open_loop,16
CNT,1,7502,2,14530198080,14690214096,rp2040_timer0,100010010,R,h1_ocxo_open_loop,16
CNT,1,7503,2,14706198064,14866214064,rp2040_timer0,100010000,R,h1_ocxo_open_loop,16
CNT,1,7504,2,14882198016,15042214112,rp2040_timer0,100010060,R,h1_ocxo_open_loop,16
CNT,1,7505,2,15058198048,15218214096,rp2040_timer0,100010030,R,h1_ocxo_open_loop,16
CNT,1,7506,2,15234198096,15394214128,rp2040_timer0,100010020,R,h1_ocxo_open_loop,16
CNT,1,7507,2,15410198048,15570214096,rp2040_timer0,100010030,R,h1_ocxo_open_loop,16
CNT,1,7508,2,15586198048,15746214112,rp2040_timer0,100010040,R,h1_ocxo_open_loop,16
CNT,1,7509,2,15762198064,15922214080,rp2040_timer0,100010010,R,h1_ocxo_open_loop,16
CNT,1,7510,2,15938198048,16098214112,rp2040_timer0,100010040,R,h1_ocxo_open_loop,16
CNT,1,7511,2,16114198032,16274214096,rp2040_timer0,100010040,R,h1_ocxo_open_loop,16
CNT,1,7512,2,16290198048,16450214080,rp2040_timer0,100010020,R,h1_ocxo_open_loop,16
CNT,1,7513,2,16466198032,16626214064,rp2040_timer0,100010020,R,h1_ocxo_open_loop,16
CNT,1,7514,2,16642198032,16802214128,rp2040_timer0,100010060,R,h1_ocxo_open_loop,16
CNT,1,7515,2,16818198064,16978214064,rp2040_timer0,100010000,R,h1_ocxo_open_loop,16
CNT,1,7516,2,16994198048,17154214080,rp2040_timer0,100010020,R,h1_ocxo_open_loop,16
CNT,1,7517,2,17170198096,17330214080,rp2040_timer0,100009990,R,h1_ocxo_open_loop,16
CNT,1,7518,2,17346198032,17506214080,rp2040_timer0,100010030,R,h1_ocxo_open_loop,16
CNT,1,7519,2,17522198032,17682214080,rp2040_timer0,100010030,R,h1_ocxo_open_loop,16
CNT,1,7520,2,17698198048,17858214128,rp2040_timer0,100010050,R,h1_ocxo_open_loop,16
CNT,1,7521,2,17874198080,18034214064,rp2040_timer0,100009990,R,h1_ocxo_open_loop,16
CNT,1,7522,2,18050198064,18210214112,rp2040_timer0,100010030,R,h1_ocxo_open_loop,16
CNT,1,7523,2,18226198080,18386214096,rp2040_timer0,100010010,R,h1_ocxo_open_loop,16
CNT,1,7524,2,18402198032,18562214064,rp2040_timer0,100010020,R,h1_ocxo_open_loop,16
CNT,1,7525,2,18578198048,18738214112,rp2040_timer0,100010040,R,h1_ocxo_open_loop,16
CNT,1,7526,2,18754198048,18914214080,rp2040_timer0,100010020,R,h1_ocxo_open_loop,16
CNT,1,7527,2,18930198064,19090214080,rp2040_timer0,100010010,R,h1_ocxo_open_loop,16
CNT,1,7528,2,19106198080,19266214128,rp2040_timer0,100010030,R,h1_ocxo_open_loop,16
CNT,1,7529,2,19282198032,19442214128,rp2040_timer0,100010060,R,h1_ocxo_open_loop,16
CNT,1,7530,2,19458198048,19618214096,rp2040_timer0,100010030,R,h1_ocxo_open_loop,16
CNT,1,7531,2,19634198048,19794214064,rp2040_timer0,100010010,R,h1_ocxo_open_loop,16
CNT,1,7532,2,19810198032,19970214112,rp2040_timer0,100010050,R,h1_ocxo_open_loop,16
CNT,1,7533,2,19986198080,20146214128,rp2040_timer0,100010030,R,h1_ocxo_open_loop,16
CNT,1,7534,2,20162198032,20322214112,rp2040_timer0,100010050,R,h1_ocxo_open_loop,16
CNT,1,7535,2,20338198032,20498214128,rp2040_timer0,100010060,R,h1_ocxo_open_loop,16
CNT,1,7536,2,20514198064,20674214128,rp2040_timer0,100010040,R,h1_ocxo_open_loop,16
CNT,1,7537,2,20690198032,20850214064,rp2040_timer0,100010020,R,h1_ocxo_open_loop,16
CNT,1,7538,2,20866198048,21026214128,rp2040_timer0,100010050,R,h1_ocxo_open_loop,16
CNT,1,7539,2,21042198064,21202214080,rp2040_timer0,100010010,R,h1_ocxo_open_loop,16
CNT,1,7540,2,21218198048,21378214096,rp2040_timer0,100010030,R,h1_ocxo_open_loop,16
CNT,1,7541,2,21394198064,21554214080,rp2040_timer0,100010010,R,h1_ocxo_open_loop,16
CNT,1,7542,2,21570198032,21730214128,rp2040_timer0,100010060,R,h1_ocxo_open_loop,16
CNT,1,7543,2,21746198032,21906214096,rp2040_timer0,100010040,R,h1_ocxo_open_loop,16
CNT,1,7544,2,21922198048,22082214080,rp2040_timer0,100010020,R,h1_ocxo_open_loop,16
CNT,1,7545,2,22098198048,22258214080,rp2040_timer0,100010020,R,h1_ocxo_open_loop,16
CNT,1,7546,2,22274198048,22434214080,rp2040_timer0,100010020,R,h1_ocxo_open_loop,16
CNT,1,7547,2,22450198096,22610214112,rp2040_timer0,100010010,R,h1_ocxo_open_loop,16
CNT,1,7548,2,22626198064,22786214064,rp2040_timer0,100010000,R,h1_ocxo_open_loop,16
CNT,1,7549,2,22802198080,22962214128,rp2040_timer0,100010030,R,h1_ocxo_open_loop,16
CNT,1,7550,2,22978198048,23138214064,rp2040_timer0,100010010,R,h1_ocxo_open_loop,16
CNT,1,7551,2,23154198064,23314214080,rp2040_timer0,100010010,R,h1_ocxo_open_loop,16
CNT,1,7552,2,23330198048,23490214064,rp2040_timer0,100010010,R,h1_ocxo_open_loop,16
CNT,1,7553,2,23506198032,23666214064,rp2040_timer0,100010020,R,h1_ocxo_open_loop,16
CNT,1,7554,2,23682198080,23842214128,rp2040_timer0,100010030,R,h1_ocxo_open_loop,16
CNT,1,7555,2,23858198032,24018214064,rp2040_timer0,100010020,R,h1_ocxo_open_loop,16
CNT,1,7556,2,24034198048,24194214064,rp2040_timer0,100010010,R,h1_ocxo_open_loop,16
CNT,1,7557,2,24210198048,24370214096,rp2040_timer0,100010030,R,h1_ocxo_open_loop,16
CNT,1,7558,2,24386198032,24546214096,rp2040_timer0,100010040,R,h1_ocxo_open_loop,16
CNT,1,7559,2,24562198064,24722214112,rp2040_timer0,100010030,R,h1_ocxo_open_loop,16
CNT,1,7560,2,24738198080,24898214128,rp2040_timer0,100010030,R,h1_ocxo_open_loop,16
CNT,1,7561,2,24914198080,25074214080,rp2040_timer0,100010000,R,h1_ocxo_open_loop,16
CNT,1,7562,2,25090198016,25250214080,rp2040_timer0,100010040,R,h1_ocxo_open_loop,16
CNT,1,7563,2,25266198080,25426214096,rp2040_timer0,100010010,R,h1_ocxo_open_loop,16
CNT,1,7564,2,25442198048,25602214080,rp2040_timer0,100010020,R,h1_ocxo_open_loop,16
CNT,1,7565,2,25618198096,25778214128,rp2040_timer0,100010020,R,h1_ocxo_open_loop,16
CNT,1,7566,2,25794198048,25954214096,rp2040_timer0,100010030,R,h1_ocxo_open_loop,16
CNT,1,7567,2,25970198064,26130214128,rp2040_timer0,100010040,R,h1_ocxo_open_loop,16
CNT,1,7568,2,26146198032,26306214080,rp2040_timer0,100010030,R,h1_ocxo_open_loop,16
CNT,1,7569,2,26322198096,26482214128,rp2040_timer0,100010020,R,h1_ocxo_open_loop,16
CNT,1,7570,2,26498198032,26658214112,rp2040_timer0,100010050,R,h1_ocxo_open_loop,16
CNT,1,7571,2,26674198032,26834214128,rp2040_timer0,100010060,R,h1_ocxo_open_loop,16
CNT,1,7572,2,26850198016,27010214112,rp2040_timer0,100010060,R,h1_ocxo_open_loop,16
CNT,1,7573,2,27026198064,27186214128,rp2040_timer0,100010040,R,h1_ocxo_open_loop,16
CNT,1,7574,2,27202198064,27362214128,rp2040_timer0,100010040,R,h1_ocxo_open_loop,16
CNT,1,7575,2,27378198064,27538214080,rp2040_timer0,100010010,R,h1_ocxo_open_loop,16
CNT,1,7576,2,27554198096,27714214080,rp2040_timer0,100009990,R,h1_ocxo_open_loop,16
CNT,1,7577,2,27730198080,27890214128,rp2040_timer0,100010030,R,h1_ocxo_open_loop,16
CNT,1,7578,2,27906198064,28066214112,rp2040_timer0,100010030,R,h1_ocxo_open_loop,16
CNT,1,7579,2,28082198048,28242214112,rp2040_timer0,100010040,R,h1_ocxo_open_loop,16
CNT,1,7580,2,28258198096,28418214128,rp2040_timer0,100010020,R,h1_ocxo_open_loop,16
CNT,1,7581,2,28434198032,28594214064,rp2040_timer0,100010020,R,h1_ocxo_open_loop,16
CNT,1,7582,2,28610198064,28770214128,rp2040_timer0,100010040,R,h1_ocxo_open_loop,16
CNT,1,7583,2,28786198048,28946214112,rp2040_timer0,100010040,R,h1_ocxo_open_loop,16
CNT,1,7584,2,28962198064,29122214080,rp2040_timer0,100010010,R,h1_ocxo_open_loop,16
CNT,1,7585,2,29138198032,29298214080,rp2040_timer0,100010030,R,h1_ocxo_open_loop,16
CNT,1,7586,2,29314198064,29474214096,rp2040_timer0,100010020,R,h1_ocxo_open_loop,16
CNT,1,7587,2,29490198096,29650214080,rp2040_timer0,100009990,R,h1_ocxo_open_loop,16
CNT,1,7588,2,29666198048,29826214128,rp2040_timer0,100010050,R,h1_ocxo_open_loop,16
CNT,1,7589,2,29842198032,30002214096,rp2040_timer0,100010040,R,h1_ocxo_open_loop,16
CNT,1,7590,2,30018198080,30178214112,rp2040_timer0,100010020,R,h1_ocxo_open_loop,16
CNT,1,7591,2,30194198064,30354214128,rp2040_timer0,100010040,R,h1_ocxo_open_loop,16
CNT,1,7592,2,30370198080,30530214112,rp2040_timer0,100010020,R,h1_ocxo_open_loop,16
CNT,1,7593,2,30546198064,30706214096,rp2040_timer0,100010020,R,h1_ocxo_open_loop,16
CNT,1,7594,2,30722198032,30882214128,rp2040_timer0,100010060,R,h1_ocxo_open_loop,16
CNT,1,7595,2,30898198048,31058214112,rp2040_timer0,100010040,R,h1_ocxo_open_loop,16
CNT,1,7596,2,31074198032,31234214096,rp2040_timer0,100010040,R,h1_ocxo_open_loop,16
CNT,1,7597,2,31250198016,31410214080,rp2040_timer0,100010040,R,h1_ocxo_open_loop,16
CNT,1,7598,2,31426198032,31586214064,rp2040_timer0,100010020,R,h1_ocxo_open_loop,16
CNT,1,7599,2,31602198080,31762214096,rp2040_timer0,100010010,R,h1_ocxo_open_loop,16
CNT,1,7600,2,31778198080,31938214128,rp2040_timer0,100010030,R,h1_ocxo_open_loop,16
CNT,1,7601,2,31954198048,32114214080,rp2040_timer0,100010020,R,h1_ocxo_open_loop,16
CNT,1,7602,2,32130198096,32290214096,rp2040_timer0,100010000,R,h1_ocxo_open_loop,16
CNT,1,7603,2,32306198080,32466214096,rp2040_timer0,100010010,R,h1_ocxo_open_loop,16
CNT,1,7604,2,32482198080,32642214112,rp2040_timer0,100010020,R,h1_ocxo_open_loop,16
CNT,1,7605,2,32658198016,32818214128,rp2040_timer0,100010070,R,h1_ocxo_open_loop,16
CNT,1,7606,2,32834198048,32994214128,rp2040_timer0,100010050,R,h1_ocxo_open_loop,16
CNT,1,7607,2,33010198064,33170214080,rp2040_timer0,100010010,R,h1_ocxo_open_loop,16
CNT,1,7608,2,33186198064,33346214112,rp2040_timer0,100010030,R,h1_ocxo_open_loop,16
CNT,1,7609,2,33362198032,33522214064,rp2040_timer0,100010020,R,h1_ocxo_open_loop,16
CNT,1,7610,2,33538198096,33698214064,rp2040_timer0,100009980,R,h1_ocxo_open_loop,16
CNT,1,7611,2,33714198064,33874214128,rp2040_timer0,100010040,R,h1_ocxo_open_loop,16
CNT,1,7612,2,33890198064,34050214064,rp2040_timer0,100010000,R,h1_ocxo_open_loop,16
CNT,1,7613,2,34066198032,34226214080,rp2040_timer0,100010030,R,h1_ocxo_open_loop,16
CNT,1,7614,2,34242198096,34402214080,rp2040_timer0,100009990,R,h1_ocxo_open_loop,16
CNT,1,7615,2,34418198080,34578214080,rp2040_timer0,100010000,R,h1_ocxo_open_loop,16
CNT,1,7616,2,34594198080,34754214096,rp2040_timer0,100010010,R,h1_ocxo_open_loop,16
CNT,1,7617,2,34770198048,34930214112,rp2040_timer0,100010040,R,h1_ocxo_open_loop,16
CNT,1,7618,2,34946198032,35106214064,rp2040_timer0,100010020,R,h1_ocxo_open_loop,16
CNT,1,7619,2,35122198080,35282214128,rp2040_timer0,100010030,R,h1_ocxo_open_loop,16
CNT,1,7620,2,35298198080,35458214112,rp2040_timer0,100010020,R,h1_ocxo_open_loop,16
CNT,1,7621,2,35474198096,35634214064,rp2040_timer0,100009980,R,h1_ocxo_open_loop,16
CNT,1,7622,2,35650198016,35810214080,rp2040_timer0,100010040,R,h1_ocxo_open_loop,16
CNT,1,7623,2,35826198032,35986214080,rp2040_timer0,100010030,R,h1_ocxo_open_loop,16
CNT,1,7624,2,36002198080,36162214096,rp2040_timer0,100010010,R,h1_ocxo_open_loop,16
CNT,1,7625,2,36178198016,36338214112,rp2040_timer0,100010060,R,h1_ocxo_open_loop,16
CNT,1,7626,2,36354198032,36514214112,rp2040_timer0,100010050,R,h1_ocxo_open_loop,16
CNT,1,7627,2,36530198080,36690214112,rp2040_timer0,100010020,R,h1_ocxo_open_loop,16
CNT,1,7628,2,36706198032,36866214112,rp2040_timer0,100010050,R,h1_ocxo_open_loop,16
CNT,1,7629,2,36882198064,37042214128,rp2040_timer0,100010040,R,h1_ocxo_open_loop,16
CNT,1,7630,2,37058198032,37218214080,rp2040_timer0,100010030,R,h1_ocxo_open_loop,16
CNT,1,7631,2,37234198080,37394214064,rp2040_timer0,100009990,R,h1_ocxo_open_loop,16
CNT,1,7632,2,37410198080,37570214112,rp2040_timer0,100010020,R,h1_ocxo_open_loop,16
CNT,1,7633,2,37586198064,37746214128,rp2040_timer0,100010040,R,h1_ocxo_open_loop,16
CNT,1,7634,2,37762198080,37922214096,rp2040_timer0,100010010,R,h1_ocxo_open_loop,16
CNT,1,7635,2,37938198048,38098214064,rp2040_timer0,100010010,R,h1_ocxo_open_loop,16
CNT,1,7636,2,38114198064,38274214064,rp2040_timer0,100010000,R,h1_ocxo_open_loop,16
CNT,1,7637,2,38290198080,38450214080,rp2040_timer0,100010000,R,h1_ocxo_open_loop,16
CNT,1,7638,2,38466198096,38626214096,rp2040_timer0,100010000,R,h1_ocxo_open_loop,16
CNT,1,7639,2,38642198064,38802214128,rp2040_timer0,100010040,R,h1_ocxo_open_loop,16
CNT,1,7640,2,38818198032,38978214080,rp2040_timer0,100010030,R,h1_ocxo_open_loop,16
CNT,1,7641,2,38994198048,39154214128,rp2040_timer0,100010050,R,h1_ocxo_open_loop,16
CNT,1,7642,2,39170198080,39330214080,rp2040_timer0,100010000,R,h1_ocxo_open_loop,16
CNT,1,7643,2,39346198064,39506214112,rp2040_timer0,100010030,R,h1_ocxo_open_loop,16
CNT,1,7644,2,39522198064,39682214112,rp2040_timer0,100010030,R,h1_ocxo_open_loop,16
CNT,1,7645,2,39698198048,39858214064,rp2040_timer0,100010010,R,h1_ocxo_open_loop,16
CNT,1,7646,2,39874198032,40034214128,rp2040_timer0,100010060,R,h1_ocxo_open_loop,16
CNT,1,7647,2,40050198048,40210214096,rp2040_timer0,100010030,R,h1_ocxo_open_loop,16
CNT,1,7648,2,40226198080,40386214096,rp2040_timer0,100010010,R,h1_ocxo_open_loop,16
CNT,1,7649,2,40402198048,40562214112,rp2040_timer0,100010040,R,h1_ocxo_open_loop,16
CNT,1,7650,2,40578198032,40738214080,rp2040_timer0,100010030,R,h1_ocxo_open_loop,16
CNT,1,7651,2,40754198080,40914214128,rp2040_timer0,100010030,R,h1_ocxo_open_loop,16
CNT,1,7652,2,40930198064,41090214128,rp2040_timer0,100010040,R,h1_ocxo_open_loop,16
CNT,1,7653,2,41106198048,41266214048,rp2040_timer0,100010000,R,h1_ocxo_open_loop,16
CNT,1,7654,2,41282198096,41442214128,rp2040_timer0,100010020,R,h1_ocxo_open_loop,16
CNT,1,7655,2,41458198032,41618214128,rp2040_timer0,100010060,R,h1_ocxo_open_loop,16
CNT,1,7656,2,41634198048,41794214064,rp2040_timer0,100010010,R,h1_ocxo_open_loop,16
CNT,1,7657,2,41810198048,41970214080,rp2040_timer0,100010020,R,h1_ocxo_open_loop,16
CNT,1,7658,2,41986198080,42146214064,rp2040_timer0,100009990,R,h1_ocxo_open_loop,16
CNT,1,7659,2,42162198016,42322214064,rp2040_timer0,100010030,R,h1_ocxo_open_loop,16
CNT,1,7660,2,42338198080,42498214080,rp2040_timer0,100010000,R,h1_ocxo_open_loop,16
CNT,1,7661,2,42514198048,42674214128,rp2040_timer0,100010050,R,h1_ocxo_open_loop,16
CNT,1,7662,2,42690198096,42850214080,rp2040_timer0,100009990,R,h1_ocxo_open_loop,16
CNT,1,7663,2,42866198048,43026214080,rp2040_timer0,100010020,R,h1_ocxo_open_loop,16
CNT,1,7664,2,43042198016,43202214112,rp2040_timer0,100010060,R,h1_ocxo_open_loop,16
CNT,1,7665,2,43218198032,43378214064,rp2040_timer0,100010020,R,h1_ocxo_open_loop,16
CNT,1,7666,2,43394198064,43554214112,rp2040_timer0,100010030,R,h1_ocxo_open_loop,16
CNT,1,7667,2,43570198064,43730214048,rp2040_timer0,100009990,R,h1_ocxo_open_loop,16
CNT,1,7668,2,43746198080,43906214112,rp2040_timer0,100010020,R,h1_ocxo_open_loop,16
CNT,1,7669,2,43922198080,44082214128,rp2040_timer0,100010030,R,h1_ocxo_open_loop,16
CNT,1,7670,2,44098198064,44258214112,rp2040_timer0,100010030,R,h1_ocxo_open_loop,16
CNT,1,7671,2,44274198080,44434214096,rp2040_timer0,100010010,R,h1_ocxo_open_loop,16
CNT,1,7672,2,44450198064,44610214064,rp2040_timer0,100010000,R,h1_ocxo_open_loop,16
CNT,1,7673,2,44626198048,44786214080,rp2040_timer0,100010020,R,h1_ocxo_open_loop,16
CNT,1,7674,2,44802198048,44962214128,rp2040_timer0,100010050,R,h1_ocxo_open_loop,16
CNT,1,7675,2,44978198032,45138214080,rp2040_timer0,100010030,R,h1_ocxo_open_loop,16
CNT,1,7676,2,45154198016,45314214096,rp2040_timer0,100010050,R,h1_ocxo_open_loop,16
CNT,1,7677,2,45330198064,45490214096,rp2040_timer0,100010020,R,h1_ocxo_open_loop,16
CNT,1,7678,2,45506198096,45666214128,rp2040_timer0,100010020,R,h1_ocxo_open_loop,16
CNT,1,7679,2,45682198096,45842214112,rp2040_timer0,100010010,R,h1_ocxo_open_loop,16
CNT,1,7680,2,45858198048,46018214112,rp2040_timer0,100010040,R,h1_ocxo_open_loop,16
CNT,1,7681,2,46034198080,46194214128,rp2040_timer0,100010030,R,h1_ocxo_open_loop,16
CNT,1,7682,2,46210198032,46370214064,rp2040_timer0,100010020,R,h1_ocxo_open_loop,16
CNT,1,7683,2,46386198080,46546214112,rp2040_timer0,100010020,R,h1_ocxo_open_loop,16
CNT,1,7684,2,46562198080,46722214080,rp2040_timer0,100010000,R,h1_ocxo_open_loop,16
CNT,1,7685,2,46738198096,46898214128,rp2040_timer0,100010020,R,h1_ocxo_open_loop,16
CNT,1,7686,2,46914198016,47074214096,rp2040_timer0,100010050,R,h1_ocxo_open_loop,16
CNT,1,7687,2,47090198016,47250214064,rp2040_timer0,100010030,R,h1_ocxo_open_loop,16
CNT,1,7688,2,47266198048,47426214096,rp2040_timer0,100010030,R,h1_ocxo_open_loop,16
CNT,1,7689,2,47442198096,47602214064,rp2040_timer0,100009980,R,h1_ocxo_open_loop,16
CNT,1,7690,2,47618198048,47778214080,rp2040_timer0,100010020,R,h1_ocxo_open_loop,16
CNT,1,7691,2,47794198096,47954214128,rp2040_timer0,100010020,R,h1_ocxo_open_loop,16
CNT,1,7692,2,47970198080,48130214096,rp2040_timer0,100010010,R,h1_ocxo_open_loop,16
CNT,1,7693,2,48146198080,48306214112,rp2040_timer0,100010020,R,h1_ocxo_open_loop,16
CNT,1,7694,2,48322198032,48482214080,rp2040_timer0,100010030,R,h1_ocxo_open_loop,16
CNT,1,7695,2,48498198016,48658214064,rp2040_timer0,100010030,R,h1_ocxo_open_loop,16
CNT,1,7696,2,48674198048,48834214064,rp2040_timer0,100010010,R,h1_ocxo_open_loop,16
CNT,1,7697,2,48850198064,49010214096,rp2040_timer0,100010020,R,h1_ocxo_open_loop,16
CNT,1,7698,2,49026198048,49186214080,rp2040_timer0,100010020,R,h1_ocxo_open_loop,16
CNT,1,7699,2,49202198032,49362214112,rp2040_timer0,100010050,R,h1_ocxo_open_loop,16
CNT,1,7700,2,49378198080,49538214128,rp2040_timer0,100010030,R,h1_ocxo_open_loop,16
CNT,1,7701,2,49554198032,49714214112,rp2040_timer0,100010050,R,h1_ocxo_open_loop,16
CNT,1,7702,2,49730198032,49890214096,rp2040_timer0,100010040,R,h1_ocxo_open_loop,16
CNT,1,7703,2,49906198032,50066214080,rp2040_timer0,100010030,R,h1_ocxo_open_loop,16
CNT,1,7704,2,50082198080,50242214112,rp2040_timer0,100010020,R,h1_ocxo_open_loop,16
CNT,1,7705,2,50258198048,50418214112,rp2040_timer0,100010040,R,h1_ocxo_open_loop,16
CNT,1,7706,2,50434198032,50594214112,rp2040_timer0,100010050,R,h1_ocxo_open_loop,16
CNT,1,7707,2,50610198080,50770214128,rp2040_timer0,100010030,R,h1_ocxo_open_loop,16
CNT,1,7708,2,50786198064,50946214080,rp2040_timer0,100010010,R,h1_ocxo_open_loop,16
CNT,1,7709,2,50962198080,51122214080,rp2040_timer0,100010000,R,h1_ocxo_open_loop,16
CNT,1,7710,2,51138198080,51298214128,rp2040_timer0,100010030,R,h1_ocxo_open_loop,16
CNT,1,7711,2,51314198096,51474214128,rp2040_timer0,100010020,R,h1_ocxo_open_loop,16
CNT,1,7712,2,51490198096,51650214080,rp2040_timer0,100009990,R,h1_ocxo_open_loop,16
CNT,1,7713,2,51666198080,51826214128,rp2040_timer0,100010030,R,h1_ocxo_open_loop,16
CNT,1,7714,2,51842198032,52002214064,rp2040_timer0,100010020,R,h1_ocxo_open_loop,16
CNT,1,7715,2,52018198080,52178214112,rp2040_timer0,100010020,R,h1_ocxo_open_loop,16
CNT,1,7716,2,52194198032,52354214096,rp2040_timer0,100010040,R,h1_ocxo_open_loop,16
CNT,1,7717,2,52370198048,52530214112,rp2040_timer0,100010040,R,h1_ocxo_open_loop,16
CNT,1,7718,2,52546198032,52706214080,rp2040_timer0,100010030,R,h1_ocxo_open_loop,16
CNT,1,7719,2,52722198080,52882214048,rp2040_timer0,100009980,R,h1_ocxo_open_loop,16
CNT,1,7720,2,52898198080,53058214080,rp2040_timer0,100010000,R,h1_ocxo_open_loop,16
CNT,1,7721,2,53074198032,53234214128,rp2040_timer0,100010060,R,h1_ocxo_open_loop,16
CNT,1,7722,2,53250198032,53410214080,rp2040_timer0,100010030,R,h1_ocxo_open_loop,16
CNT,1,7723,2,53426198032,53586214080,rp2040_timer0,100010030,R,h1_ocxo_open_loop,16
CNT,1,7724,2,53602198064,53762214128,rp2040_timer0,100010040,R,h1_ocxo_open_loop,16
CNT,1,7725,2,53778198048,53938214112,rp2040_timer0,100010040,R,h1_ocxo_open_loop,16
CNT,1,7726,2,53954198096,54114214080,rp2040_timer0,100009990,R,h1_ocxo_open_loop,16
CNT,1,7727,2,54130198032,54290214080,rp2040_timer0,100010030,R,h1_ocxo_open_loop,16
CNT,1,7728,2,54306198080,54466214128,rp2040_timer0,100010030,R,h1_ocxo_open_loop,16
CNT,1,7729,2,54482198048,54642214128,rp2040_timer0,100010050,R,h1_ocxo_open_loop,16
CNT,1,7730,2,54658198096,54818214096,rp2040_timer0,100010000,R,h1_ocxo_open_loop,16
CNT,1,7731,2,54834198016,54994214112,rp2040_timer0,100010060,R,h1_ocxo_open_loop,16
CNT,1,7732,2,55010198064,55170214064,rp2040_timer0,100010000,R,h1_ocxo_open_loop,16
CNT,1,7733,2,55186198080,55346214112,rp2040_timer0,100010020,R,h1_ocxo_open_loop,16
CNT,1,7734,2,55362198096,55522214096,rp2040_timer0,100010000,R,h1_ocxo_open_loop,16
CNT,1,7735,2,55538198032,55698214128,rp2040_timer0,100010060,R,h1_ocxo_open_loop,16
CNT,1,7736,2,55714198016,55874214096,rp2040_timer0,100010050,R,h1_ocxo_open_loop,16
CNT,1,7737,2,55890198016,56050214048,rp2040_timer0,100010020,R,h1_ocxo_open_loop,16
CNT,1,7738,2,56066198032,56226214064,rp2040_timer0,100010020,R,h1_ocxo_open_loop,16
CNT,1,7739,2,56242198032,56402214064,rp2040_timer0,100010020,R,h1_ocxo_open_loop,16
CNT,1,7740,2,56418198048,56578214080,rp2040_timer0,100010020,R,h1_ocxo_open_loop,16
CNT,1,7741,2,56594198016,56754214112,rp2040_timer0,100010060,R,h1_ocxo_open_loop,16
CNT,1,7742,2,56770198048,56930214080,rp2040_timer0,100010020,R,h1_ocxo_open_loop,16
CNT,1,7743,2,56946198048,57106214064,rp2040_timer0,100010010,R,h1_ocxo_open_loop,16
CNT,1,7744,2,57122198048,57282214128,rp2040_timer0,100010050,R,h1_ocxo_open_loop,16
CNT,1,7745,2,57298198096,57458214096,rp2040_timer0,100010000,R,h1_ocxo_open_loop,16
CNT,1,7746,2,57474198096,57634214080,rp2040_timer0,100009990,R,h1_ocxo_open_loop,16
CNT,1,7747,2,57650198096,57810214128,rp2040_timer0,100010020,R,h1_ocxo_open_loop,16
CNT,1,7748,2,57826198048,57986214064,rp2040_timer0,100010010,R,h1_ocxo_open_loop,16
CNT,1,7749,2,58002198048,58162214128,rp2040_timer0,100010050,R,h1_ocxo_open_loop,16
CNT,1,7750,2,58178198064,58338214080,rp2040_timer0,100010010,R,h1_ocxo_open_loop,16
CNT,1,7751,2,58354198064,58514214096,rp2040_timer0,100010020,R,h1_ocxo_open_loop,16
CNT,1,7752,2,58530198032,58690214112,rp2040_timer0,100010050,R,h1_ocxo_open_loop,16
CNT,1,7753,2,58706198080,58866214112,rp2040_timer0,100010020,R,h1_ocxo_open_loop,16
CNT,1,7754,2,58882198096,59042214128,rp2040_timer0,100010020,R,h1_ocxo_open_loop,16
CNT,1,7755,2,59058198080,59218214128,rp2040_timer0,100010030,R,h1_ocxo_open_loop,16
CNT,1,7756,2,59234198048,59394214144,rp2040_timer0,100010060,R,h1_ocxo_open_loop,16
CNT,1,7757,2,59410198064,59570214064,rp2040_timer0,100010000,R,h1_ocxo_open_loop,16
CNT,1,7758,2,59586198032,59746214064,rp2040_timer0,100010020,R,h1_ocxo_open_loop,16
CNT,1,7759,2,59762198096,59922214064,rp2040_timer0,100009980,R,h1_ocxo_open_loop,16
CNT,1,7760,2,59938198064,60098214096,rp2040_timer0,100010020,R,h1_ocxo_open_loop,16
CNT,1,7761,2,60114198064,60274214112,rp2040_timer0,100010030,R,h1_ocxo_open_loop,16
CNT,1,7762,2,60290198032,60450214128,rp2040_timer0,100010060,R,h1_ocxo_open_loop,16
CNT,1,7763,2,60466198080,60626214096,rp2040_timer0,100010010,R,h1_ocxo_open_loop,16
CNT,1,7764,2,60642198064,60802214080,rp2040_timer0,100010010,R,h1_ocxo_open_loop,16
CNT,1,7765,2,60818198016,60978214128,rp2040_timer0,100010070,R,h1_ocxo_open_loop,16
CNT,1,7766,2,60994198080,61154214128,rp2040_timer0,100010030,R,h1_ocxo_open_loop,16
CNT,1,7767,2,61170198096,61330214080,rp2040_timer0,100009990,R,h1_ocxo_open_loop,16
CNT,1,7768,2,61346198080,61506214112,rp2040_timer0,100010020,R,h1_ocxo_open_loop,16
CNT,1,7769,2,61522198048,61682214128,rp2040_timer0,100010050,R,h1_ocxo_open_loop,16
CNT,1,7770,2,61698198048,61858214096,rp2040_timer0,100010030,R,h1_ocxo_open_loop,16
CNT,1,7771,2,61874198048,62034214048,rp2040_timer0,100010000,R,h1_ocxo_open_loop,16
CNT,1,7772,2,62050198032,62210214096,rp2040_timer0,100010040,R,h1_ocxo_open_loop,16
CNT,1,7773,2,62226198064,62386214096,rp2040_timer0,100010020,R,h1_ocxo_open_loop,16
CNT,1,7774,2,62402198080,62562214128,rp2040_timer0,100010030,R,h1_ocxo_open_loop,16
CNT,1,7775,2,62578198032,62738214064,rp2040_timer0,100010020,R,h1_ocxo_open_loop,16
CNT,1,7776,2,62754198064,62914214080,rp2040_timer0,100010010,R,h1_ocxo_open_loop,16
CNT,1,7777,2,62930198016,63090214080,rp2040_timer0,100010040,R,h1_ocxo_open_loop,16
CNT,1,7778,2,63106198016,63266214064,rp2040_timer0,100010030,R,h1_ocxo_open_loop,16
CNT,1,7779,2,63282198048,63442214096,rp2040_timer0,100010030,R,h1_ocxo_open_loop,16
CNT,1,7780,2,63458198096,63618214064,rp2040_timer0,100009980,R,h1_ocxo_open_loop,16
CNT,1,7781,2,63634198032,63794214112,rp2040_timer0,100010050,R,h1_ocxo_open_loop,16
CNT,1,7782,2,63810198048,63970214096,rp2040_timer0,100010030,R,h1_ocxo_open_loop,16
CNT,1,7783,2,63986198080,64146214128,rp2040_timer0,100010030,R,h1_ocxo_open_loop,16
CNT,1,7784,2,64162198048,64322214080,rp2040_timer0,100010020,R,h1_ocxo_open_loop,16
CNT,1,7785,2,64338198080,64498214128,rp2040_timer0,100010030,R,h1_ocxo_open_loop,16
CNT,1,7786,2,64514198064,64674214112,rp2040_timer0,100010030,R,h1_ocxo_open_loop,16
CNT,1,7787,2,64690198016,64850214128,rp2040_timer0,100010070,R,h1_ocxo_open_loop,16
CNT,1,7788,2,64866198064,65026214064,rp2040_timer0,100010000,R,h1_ocxo_open_loop,16
CNT,1,7789,2,65042198080,65202214064,rp2040_timer0,100009990,R,h1_ocxo_open_loop,16
CNT,1,7790,2,65218198032,65378214128,rp2040_timer0,100010060,R,h1_ocxo_open_loop,16
CNT,1,7791,2,65394198064,65554214080,rp2040_timer0,100010010,R,h1_ocxo_open_loop,16
CNT,1,7792,2,65570198032,65730214080,rp2040_timer0,100010030,R,h1_ocxo_open_loop,16
CNT,1,7793,2,65746198048,65906214128,rp2040_timer0,100010050,R,h1_ocxo_open_loop,16
CNT,1,7794,2,65922198048,66082214080,rp2040_timer0,100010020,R,h1_ocxo_open_loop,16
CNT,1,7795,2,66098198048,66258214112,rp2040_timer0,100010040,R,h1_ocxo_open_loop,16
CNT,1,7796,2,66274198096,66434214096,rp2040_timer0,100010000,R,h1_ocxo_open_loop,16
CNT,1,7797,2,66450198080,66610214112,rp2040_timer0,100010020,R,h1_ocxo_open_loop,16
CNT,1,7798,2,66626198096,66786214080,rp2040_timer0,100009990,R,h1_ocxo_open_loop,16
CNT,1,7799,2,66802198032,66962214096,rp2040_timer0,100010040,R,h1_ocxo_open_loop,16
CNT,1,7800,2,66978198064,67138214160,rp2040_timer0,100010060,R,h1_ocxo_open_loop,16
CNT,1,7801,2,67154198080,67314214128,rp2040_timer0,100010030,R,h1_ocxo_open_loop,16
CNT,1,7802,2,67330198032,67490214096,rp2040_timer0,100010040,R,h1_ocxo_open_loop,16
CNT,1,7803,2,67506198096,67666214064,rp2040_timer0,100009980,R,h1_ocxo_open_loop,16
CNT,1,7804,2,67682198032,67842214096,rp2040_timer0,100010040,R,h1_ocxo_open_loop,16
CNT,1,7805,2,67858198032,68018214080,rp2040_timer0,100010030,R,h1_ocxo_open_loop,16
CNT,1,7806,2,68034198080,68194214128,rp2040_timer0,100010030,R,h1_ocxo_open_loop,16
CNT,1,7807,2,68210198096,68370214128,rp2040_timer0,100010020,R,h1_ocxo_open_loop,16
CNT,1,7808,2,68386198032,68546214064,rp2040_timer0,100010020,R,h1_ocxo_open_loop,16
CNT,1,7809,2,68562198096,68722214128,rp2040_timer0,100010020,R,h1_ocxo_open_loop,16
CNT,1,7810,2,18721344,178737392,rp2040_timer0,100010030,R,h1_ocxo_open_loop,16
CNT,1,7811,2,194721328,354737312,rp2040_timer0,100009990,R,h1_ocxo_open_loop,16
CNT,1,7812,2,370721328,530737376,rp2040_timer0,100010030,R,h1_ocxo_open_loop,16
CNT,1,7813,2,546721344,706737360,rp2040_timer0,100010010,R,h1_ocxo_open_loop,16
CNT,1,7814,2,722721328,882737344,rp2040_timer0,100010010,R,h1_ocxo_open_loop,16
CNT,1,7815,2,898721360,1058737392,rp2040_timer0,100010020,R,h1_ocxo_open_loop,16
CNT,1,7816,2,1074721296,1234737312,rp2040_timer0,100010010,R,h1_ocxo_open_loop,16
CNT,1,7817,2,1250721344,1410737328,rp2040_timer0,100009990,R,h1_ocxo_open_loop,16
CNT,1,7818,2,1426721312,1586737392,rp2040_timer0,100010050,R,h1_ocxo_open_loop,16
CNT,1,7819,2,1602721328,1762737328,rp2040_timer0,100010000,R,h1_ocxo_open_loop,16
CNT,1,7820,2,1778721312,1938737376,rp2040_timer0,100010040,R,h1_ocxo_open_loop,16
CNT,1,7821,2,1954721296,2114737376,rp2040_timer0,100010050,R,h1_ocxo_open_loop,16
CNT,1,7822,2,2130721344,2290737360,rp2040_timer0,100010010,R,h1_ocxo_open_loop,16
CNT,1,7823,2,2306721360,2466737360,rp2040_timer0,100010000,R,h1_ocxo_open_loop,16
CNT,1,7824,2,2482721328,2642737392,rp2040_timer0,100010040,R,h1_ocxo_open_loop,16
CNT,1,7825,2,2658721328,2818737360,rp2040_timer0,100010020,R,h1_ocxo_open_loop,16
CNT,1,7826,2,2834721312,2994737312,rp2040_timer0,100010000,R,h1_ocxo_open_loop,16
CNT,1,7827,2,3010721344,3170737344,rp2040_timer0,100010000,R,h1_ocxo_open_loop,16
CNT,1,7828,2,3186721296,3346737328,rp2040_timer0,100010020,R,h1_ocxo_open_loop,16
CNT,1,7829,2,3362721344,3522737392,rp2040_timer0,100010030,R,h1_ocxo_open_loop,16
CNT,1,7830,2,3538721360,3698737392,rp2040_timer0,100010020,R,h1_ocxo_open_loop,16
CNT,1,7831,2,3714721344,3874737344,rp2040_timer0,100010000,R,h1_ocxo_open_loop,16
CNT,1,7832,2,3890721328,4050737376,rp2040_timer0,100010030,R,h1_ocxo_open_loop,16
CNT,1,7833,2,4066721360,4226737328,rp2040_timer0,100009980,R,h1_ocxo_open_loop,16
CNT,1,7834,2,4242721328,4402737360,rp2040_timer0,100010020,R,h1_ocxo_open_loop,16
CNT,1,7835,2,4418721296,4578737328,rp2040_timer0,100010020,R,h1_ocxo_open_loop,16
CNT,1,7836,2,4594721296,4754737344,rp2040_timer0,100010030,R,h1_ocxo_open_loop,16
CNT,1,7837,2,4770721312,4930737376,rp2040_timer0,100010040,R,h1_ocxo_open_loop,16
CNT,1,7838,2,4946721328,5106737344,rp2040_timer0,100010010,R,h1_ocxo_open_loop,16
CNT,1,7839,2,5122721296,5282737392,rp2040_timer0,100010060,R,h1_ocxo_open_loop,16
CNT,1,7840,2,5298721344,5458737360,rp2040_timer0,100010010,R,h1_ocxo_open_loop,16
CNT,1,7841,2,5474721344,5634737376,rp2040_timer0,100010020,R,h1_ocxo_open_loop,16
CNT,1,7842,2,5650721312,5810737344,rp2040_timer0,100010020,R,h1_ocxo_open_loop,16
CNT,1,7843,2,5826721296,5986737392,rp2040_timer0,100010060,R,h1_ocxo_open_loop,16
CNT,1,7844,2,6002721344,6162737360,rp2040_timer0,100010010,R,h1_ocxo_open_loop,16
CNT,1,7845,2,6178721296,6338737328,rp2040_timer0,100010020,R,h1_ocxo_open_loop,16
CNT,1,7846,2,6354721296,6514737360,rp2040_timer0,100010040,R,h1_ocxo_open_loop,16
CNT,1,7847,2,6530721296,6690737392,rp2040_timer0,100010060,R,h1_ocxo_open_loop,16
CNT,1,7848,2,6706721280,6866737328,rp2040_timer0,100010030,R,h1_ocxo_open_loop,16
CNT,1,7849,2,6882721344,7042737328,rp2040_timer0,100009990,R,h1_ocxo_open_loop,16
CNT,1,7850,2,7058721344,7218737376,rp2040_timer0,100010020,R,h1_ocxo_open_loop,16
CNT,1,7851,2,7234721360,7394737328,rp2040_timer0,100009980,R,h1_ocxo_open_loop,16
CNT,1,7852,2,7410721312,7570737376,rp2040_timer0,100010040,R,h1_ocxo_open_loop,16
CNT,1,7853,2,7586721328,7746737360,rp2040_timer0,100010020,R,h1_ocxo_open_loop,16
CNT,1,7854,2,7762721296,7922737376,rp2040_timer0,100010050,R,h1_ocxo_open_loop,16
CNT,1,7855,2,7938721344,8098737328,rp2040_timer0,100009990,R,h1_ocxo_open_loop,16
CNT,1,7856,2,8114721344,8274737344,rp2040_timer0,100010000,R,h1_ocxo_open_loop,16
CNT,1,7857,2,8290721296,8450737344,rp2040_timer0,100010030,R,h1_ocxo_open_loop,16
CNT,1,7858,2,8466721296,8626737344,rp2040_timer0,100010030,R,h1_ocxo_open_loop,16
CNT,1,7859,2,8642721312,8802737344,rp2040_timer0,100010020,R,h1_ocxo_open_loop,16
CNT,1,7860,2,8818721344,8978737376,rp2040_timer0,100010020,R,h1_ocxo_open_loop,16
CNT,1,7861,2,8994721312,9154737344,rp2040_timer0,100010020,R,h1_ocxo_open_loop,16
CNT,1,7862,2,9170721328,9330737392,rp2040_timer0,100010040,R,h1_ocxo_open_loop,16
CNT,1,7863,2,9346721312,9506737344,rp2040_timer0,100010020,R,h1_ocxo_open_loop,16
CNT,1,7864,2,9522721280,9682737344,rp2040_timer0,100010040,R,h1_ocxo_open_loop,16
CNT,1,7865,2,9698721280,9858737376,rp2040_timer0,100010060,R,h1_ocxo_open_loop,16
CNT,1,7866,2,9874721312,10034737392,rp2040_timer0,100010050,R,h1_ocxo_open_loop,16
CNT,1,7867,2,10050721344,10210737360,rp2040_timer0,100010010,R,h1_ocxo_open_loop,16
CNT,1,7868,2,10226721328,10386737392,rp2040_timer0,100010040,R,h1_ocxo_open_loop,16
CNT,1,7869,2,10402721296,10562737376,rp2040_timer0,100010050,R,h1_ocxo_open_loop,16
CNT,1,7870,2,10578721344,10738737376,rp2040_timer0,100010020,R,h1_ocxo_open_loop,16
CNT,1,7871,2,10754721344,10914737392,rp2040_timer0,100010030,R,h1_ocxo_open_loop,16
CNT,1,7872,2,10930721344,11090737360,rp2040_timer0,100010010,R,h1_ocxo_open_loop,16
CNT,1,7873,2,11106721312,11266737392,rp2040_timer0,100010050,R,h1_ocxo_open_loop,16
CNT,1,7874,2,11282721344,11442737376,rp2040_timer0,100010020,R,h1_ocxo_open_loop,16
CNT,1,7875,2,11458721360,11618737360,rp2040_timer0,100010000,R,h1_ocxo_open_loop,16
CNT,1,7876,2,11634721296,11794737344,rp2040_timer0,100010030,R,h1_ocxo_open_loop,16
CNT,1,7877,2,11810721296,11970737344,rp2040_timer0,100010030,R,h1_ocxo_open_loop,16
CNT,1,7878,2,11986721312,12146737328,rp2040_timer0,100010010,R,h1_ocxo_open_loop,16
CNT,1,7879,2,12162721328,12322737392,rp2040_timer0,100010040,R,h1_ocxo_open_loop,16
CNT,1,7880,2,12338721312,12498737376,rp2040_timer0,100010040,R,h1_ocxo_open_loop,16
CNT,1,7881,2,12514721296,12674737328,rp2040_timer0,100010020,R,h1_ocxo_open_loop,16
CNT,1,7882,2,12690721328,12850737392,rp2040_timer0,100010040,R,h1_ocxo_open_loop,16
CNT,1,7883,2,12866721344,13026737328,rp2040_timer0,100009990,R,h1_ocxo_open_loop,16
CNT,1,7884,2,13042721296,13202737360,rp2040_timer0,100010040,R,h1_ocxo_open_loop,16
CNT,1,7885,2,13218721296,13378737392,rp2040_timer0,100010060,R,h1_ocxo_open_loop,16
CNT,1,7886,2,13394721344,13554737344,rp2040_timer0,100010000,R,h1_ocxo_open_loop,16
CNT,1,7887,2,13570721296,13730737360,rp2040_timer0,100010040,R,h1_ocxo_open_loop,16
CNT,1,7888,2,13746721360,13906737328,rp2040_timer0,100009980,R,h1_ocxo_open_loop,16
CNT,1,7889,2,13922721296,14082737360,rp2040_timer0,100010040,R,h1_ocxo_open_loop,16
CNT,1,7890,2,14098721328,14258737360,rp2040_timer0,100010020,R,h1_ocxo_open_loop,16
CNT,1,7891,2,14274721328,14434737376,rp2040_timer0,100010030,R,h1_ocxo_open_loop,16
CNT,1,7892,2,14450721280,14610737344,rp2040_timer0,100010040,R,h1_ocxo_open_loop,16
CNT,1,7893,2,14626721328,14786737328,rp2040_timer0,100010000,R,h1_ocxo_open_loop,16
CNT,1,7894,2,14802721328,14962737376,rp2040_timer0,100010030,R,h1_ocxo_open_loop,16
CNT,1,7895,2,14978721296,15138737360,rp2040_timer0,100010040,R,h1_ocxo_open_loop,16
CNT,1,7896,2,15154721312,15314737344,rp2040_timer0,100010020,R,h1_ocxo_open_loop,16
CNT,1,7897,2,15330721296,15490737328,rp2040_timer0,100010020,R,h1_ocxo_open_loop,16
CNT,1,7898,2,15506721280,15666737376,rp2040_timer0,100010060,R,h1_ocxo_open_loop,16
CNT,1,7899,2,15682721280,15842737392,rp2040_timer0,100010070,R,h1_ocxo_open_loop,16
CNT,1,7900,2,15858721296,16018737360,rp2040_timer0,100010040,R,h1_ocxo_open_loop,16
CNT,1,7901,2,16034721344,16194737328,rp2040_timer0,100009990,R,h1_ocxo_open_loop,16
CNT,1,7902,2,16210721344,16370737312,rp2040_timer0,100009980,R,h1_ocxo_open_loop,16
CNT,1,7903,2,16386721312,16546737344,rp2040_timer0,100010020,R,h1_ocxo_open_loop,16
CNT,1,7904,2,16562721312,16722737392,rp2040_timer0,100010050,R,h1_ocxo_open_loop,16
CNT,1,7905,2,16738721296,16898737360,rp2040_timer0,100010040,R,h1_ocxo_open_loop,16
CNT,1,7906,2,16914721328,17074737392,rp2040_timer0,100010040,R,h1_ocxo_open_loop,16
CNT,1,7907,2,17090721296,17250737344,rp2040_timer0,100010030,R,h1_ocxo_open_loop,16
CNT,1,7908,2,17266721296,17426737360,rp2040_timer0,100010040,R,h1_ocxo_open_loop,16
CNT,1,7909,2,17442721296,17602737360,rp2040_timer0,100010040,R,h1_ocxo_open_loop,16
CNT,1,7910,2,17618721328,17778737328,rp2040_timer0,100010000,R,h1_ocxo_open_loop,16
CNT,1,7911,2,17794721328,17954737376,rp2040_timer0,100010030,R,h1_ocxo_open_loop,16
CNT,1,7912,2,17970721328,18130737376,rp2040_timer0,100010030,R,h1_ocxo_open_loop,16
CNT,1,7913,2,18146721328,18306737392,rp2040_timer0,100010040,R,h1_ocxo_open_loop,16
CNT,1,7914,2,18322721312,18482737376,rp2040_timer0,100010040,R,h1_ocxo_open_loop,16
CNT,1,7915,2,18498721344,18658737328,rp2040_timer0,100009990,R,h1_ocxo_open_loop,16
CNT,1,7916,2,18674721296,18834737360,rp2040_timer0,100010040,R,h1_ocxo_open_loop,16
CNT,1,7917,2,18850721328,19010737360,rp2040_timer0,100010020,R,h1_ocxo_open_loop,16
CNT,1,7918,2,19026721328,19186737360,rp2040_timer0,100010020,R,h1_ocxo_open_loop,16
CNT,1,7919,2,19202721328,19362737344,rp2040_timer0,100010010,R,h1_ocxo_open_loop,16
CNT,1,7920,2,19378721312,19538737328,rp2040_timer0,100010010,R,h1_ocxo_open_loop,16
CNT,1,7921,2,19554721312,19714737344,rp2040_timer0,100010020,R,h1_ocxo_open_loop,16
CNT,1,7922,2,19730721344,19890737344,rp2040_timer0,100010000,R,h1_ocxo_open_loop,16
CNT,1,7923,2,19906721360,20066737360,rp2040_timer0,100010000,R,h1_ocxo_open_loop,16
CNT,1,7924,2,20082721296,20242737328,rp2040_timer0,100010020,R,h1_ocxo_open_loop,16
CNT,1,7925,2,20258721344,20418737376,rp2040_timer0,100010020,R,h1_ocxo_open_loop,16
CNT,1,7926,2,20434721312,20594737392,rp2040_timer0,100010050,R,h1_ocxo_open_loop,16
CNT,1,7927,2,20610721328,20770737376,rp2040_timer0,100010030,R,h1_ocxo_open_loop,16
CNT,1,7928,2,20786721296,20946737344,rp2040_timer0,100010030,R,h1_ocxo_open_loop,16
CNT,1,7929,2,20962721328,21122737328,rp2040_timer0,100010000,R,h1_ocxo_open_loop,16
CNT,1,7930,2,21138721280,21298737360,rp2040_timer0,100010050,R,h1_ocxo_open_loop,16
CNT,1,7931,2,21314721312,21474737328,rp2040_timer0,100010010,R,h1_ocxo_open_loop,16
CNT,1,7932,2,21490721344,21650737328,rp2040_timer0,100009990,R,h1_ocxo_open_loop,16
CNT,1,7933,2,21666721296,21826737328,rp2040_timer0,100010020,R,h1_ocxo_open_loop,16
CNT,1,7934,2,21842721344,22002737328,rp2040_timer0,100009990,R,h1_ocxo_open_loop,16
CNT,1,7935,2,22018721312,22178737344,rp2040_timer0,100010020,R,h1_ocxo_open_loop,16
CNT,1,7936,2,22194721328,22354737312,rp2040_timer0,100009990,R,h1_ocxo_open_loop,16
CNT,1,7937,2,22370721312,22530737344,rp2040_timer0,100010020,R,h1_ocxo_open_loop,16
CNT,1,7938,2,22546721280,22706737392,rp2040_timer0,100010070,R,h1_ocxo_open_loop,16
CNT,1,7939,2,22722721312,22882737344,rp2040_timer0,100010020,R,h1_ocxo_open_loop,16
CNT,1,7940,2,22898721328,23058737344,rp2040_timer0,100010010,R,h1_ocxo_open_loop,16
CNT,1,7941,2,23074721360,23234737392,rp2040_timer0,100010020,R,h1_ocxo_open_loop,16
CNT,1,7942,2,23250721344,23410737344,rp2040_timer0,100010000,R,h1_ocxo_open_loop,16
CNT,1,7943,2,23426721312,23586737360,rp2040_timer0,100010030,R,h1_ocxo_open_loop,16
CNT,1,7944,2,23602721360,23762737328,rp2040_timer0,100009980,R,h1_ocxo_open_loop,16
CNT,1,7945,2,23778721312,23938737376,rp2040_timer0,100010040,R,h1_ocxo_open_loop,16
CNT,1,7946,2,23954721312,24114737392,rp2040_timer0,100010050,R,h1_ocxo_open_loop,16
CNT,1,7947,2,24130721328,24290737344,rp2040_timer0,100010010,R,h1_ocxo_open_loop,16
CNT,1,7948,2,24306721296,24466737360,rp2040_timer0,100010040,R,h1_ocxo_open_loop,16
CNT,1,7949,2,24482721360,24642737344,rp2040_timer0,100009990,R,h1_ocxo_open_loop,16
CNT,1,7950,2,24658721344,24818737392,rp2040_timer0,100010030,R,h1_ocxo_open_loop,16
CNT,1,7951,2,24834721296,24994737344,rp2040_timer0,100010030,R,h1_ocxo_open_loop,16
CNT,1,7952,2,25010721312,25170737392,rp2040_timer0,100010050,R,h1_ocxo_open_loop,16
CNT,1,7953,2,25186721296,25346737360,rp2040_timer0,100010040,R,h1_ocxo_open_loop,16
CNT,1,7954,2,25362721328,25522737344,rp2040_timer0,100010010,R,h1_ocxo_open_loop,16
CNT,1,7955,2,25538721280,25698737360,rp2040_timer0,100010050,R,h1_ocxo_open_loop,16
CNT,1,7956,2,25714721344,25874737392,rp2040_timer0,100010030,R,h1_ocxo_open_loop,16
CNT,1,7957,2,25890721344,26050737392,rp2040_timer0,100010030,R,h1_ocxo_open_loop,16
CNT,1,7958,2,26066721328,26226737344,rp2040_timer0,100010010,R,h1_ocxo_open_loop,16
CNT,1,7959,2,26242721328,26402737344,rp2040_timer0,100010010,R,h1_ocxo_open_loop,16
CNT,1,7960,2,26418721312,26578737376,rp2040_timer0,100010040,R,h1_ocxo_open_loop,16
CNT,1,7961,2,26594721312,26754737312,rp2040_timer0,100010000,R,h1_ocxo_open_loop,16
CNT,1,7962,2,26770721296,26930737328,rp2040_timer0,100010020,R,h1_ocxo_open_loop,16
CNT,1,7963,2,26946721280,27106737328,rp2040_timer0,100010030,R,h1_ocxo_open_loop,16
CNT,1,7964,2,27122721328,27282737344,rp2040_timer0,100010010,R,h1_ocxo_open_loop,16
CNT,1,7965,2,27298721328,27458737344,rp2040_timer0,100010010,R,h1_ocxo_open_loop,16
CNT,1,7966,2,27474721312,27634737392,rp2040_timer0,100010050,R,h1_ocxo_open_loop,16
CNT,1,7967,2,27650721312,27810737376,rp2040_timer0,100010040,R,h1_ocxo_open_loop,16
CNT,1,7968,2,27826721296,27986737392,rp2040_timer0,100010060,R,h1_ocxo_open_loop,16
CNT,1,7969,2,28002721344,28162737392,rp2040_timer0,100010030,R,h1_ocxo_open_loop,16
CNT,1,7970,2,28178721280,28338737360,rp2040_timer0,100010050,R,h1_ocxo_open_loop,16
CNT,1,7971,2,28354721296,28514737360,rp2040_timer0,100010040,R,h1_ocxo_open_loop,16
CNT,1,7972,2,28530721312,28690737344,rp2040_timer0,100010020,R,h1_ocxo_open_loop,16
CNT,1,7973,2,28706721280,28866737392,rp2040_timer0,100010070,R,h1_ocxo_open_loop,16
CNT,1,7974,2,28882721312,29042737392,rp2040_timer0,100010050,R,h1_ocxo_open_loop,16
CNT,1,7975,2,29058721344,29218737360,rp2040_timer0,100010010,R,h1_ocxo_open_loop,16
CNT,1,7976,2,29234721344,29394737344,rp2040_timer0,100010000,R,h1_ocxo_open_loop,16
CNT,1,7977,2,29410721328,29570737392,rp2040_timer0,100010040,R,h1_ocxo_open_loop,16
CNT,1,7978,2,29586721328,29746737328,rp2040_timer0,100010000,R,h1_ocxo_open_loop,16
CNT,1,7979,2,29762721344,29922737360,rp2040_timer0,100010010,R,h1_ocxo_open_loop,16
CNT,1,7980,2,29938721360,30098737328,rp2040_timer0,100009980,R,h1_ocxo_open_loop,16
CNT,1,7981,2,30114721344,30274737328,rp2040_timer0,100009990,R,h1_ocxo_open_loop,16
CNT,1,7982,2,30290721312,30450737360,rp2040_timer0,100010030,R,h1_ocxo_open_loop,16
CNT,1,7983,2,30466721296,30626737328,rp2040_timer0,100010020,R,h1_ocxo_open_loop,16
CNT,1,7984,2,30642721328,30802737392,rp2040_timer0,100010040,R,h1_ocxo_open_loop,16
CNT,1,7985,2,30818721344,30978737360,rp2040_timer0,100010010,R,h1_ocxo_open_loop,16
CNT,1,7986,2,30994721296,31154737360,rp2040_timer0,100010040,R,h1_ocxo_open_loop,16
CNT,1,7987,2,31170721328,31330737328,rp2040_timer0,100010000,R,h1_ocxo_open_loop,16
CNT,1,7988,2,31346721312,31506737376,rp2040_timer0,100010040,R,h1_ocxo_open_loop,16
CNT,1,7989,2,31522721296,31682737344,rp2040_timer0,100010030,R,h1_ocxo_open_loop,16
CNT,1,7990,2,31698721312,31858737392,rp2040_timer0,100010050,R,h1_ocxo_open_loop,16
CNT,1,7991,2,31874721280,32034737344,rp2040_timer0,100010040,R,h1_ocxo_open_loop,16
CNT,1,7992,2,32050721360,32210737328,rp2040_timer0,100009980,R,h1_ocxo_open_loop,16
CNT,1,7993,2,32226721280,32386737360,rp2040_timer0,100010050,R,h1_ocxo_open_loop,16
CNT,1,7994,2,32402721344,32562737392,rp2040_timer0,100010030,R,h1_ocxo_open_loop,16
CNT,1,7995,2,32578721312,32738737392,rp2040_timer0,100010050,R,h1_ocxo_open_loop,16
CNT,1,7996,2,32754721344,32914737344,rp2040_timer0,100010000,R,h1_ocxo_open_loop,16
CNT,1,7997,2,32930721360,33090737344,rp2040_timer0,100009990,R,h1_ocxo_open_loop,16
CNT,1,7998,2,33106721328,33266737392,rp2040_timer0,100010040,R,h1_ocxo_open_loop,16
CNT,1,7999,2,33282721328,33442737360,rp2040_timer0,100010020,R,h1_ocxo_open_loop,16
CNT,1,8000,2,33458721328,33618737328,rp2040_timer0,100010000,R,h1_ocxo_open_loop,16
CNT,1,8001,2,33634721280,33794737360,rp2040_timer0,100010050,R,h1_ocxo_open_loop,16
CNT,1,8002,2,33810721296,33970737344,rp2040_timer0,100010030,R,h1_ocxo_open_loop,16
CNT,1,8003,2,33986721280,34146737360,rp2040_timer0,100010050,R,h1_ocxo_open_loop,16
CNT,1,8004,2,34162721296,34322737376,rp2040_timer0,100010050,R,h1_ocxo_open_loop,16
CNT,1,8005,2,34338721344,34498737376,rp2040_timer0,100010020,R,h1_ocxo_open_loop,16
CNT,1,8006,2,34514721312,34674737344,rp2040_timer0,100010020,R,h1_ocxo_open_loop,16
CNT,1,8007,2,34690721328,34850737328,rp2040_timer0,100010000,R,h1_ocxo_open_loop,16
CNT,1,8008,2,34866721296,35026737360,rp2040_timer0,100010040,R,h1_ocxo_open_loop,16
CNT,1,8009,2,35042721280,35202737344,rp2040_timer0,100010040,R,h1_ocxo_open_loop,16
CNT,1,8010,2,35218721296,35378737376,rp2040_timer0,100010050,R,h1_ocxo_open_loop,16
CNT,1,8011,2,35394721312,35554737312,rp2040_timer0,100010000,R,h1_ocxo_open_loop,16
CNT,1,8012,2,35570721296,35730737344,rp2040_timer0,100010030,R,h1_ocxo_open_loop,16
CNT,1,8013,2,35746721360,35906737360,rp2040_timer0,100010000,R,h1_ocxo_open_loop,16
CNT,1,8014,2,35922721344,36082737328,rp2040_timer0,100009990,R,h1_ocxo_open_loop,16
CNT,1,8015,2,36098721328,36258737328,rp2040_timer0,100010000,R,h1_ocxo_open_loop,16
CNT,1,8016,2,36274721344,36434737328,rp2040_timer0,100009990,R,h1_ocxo_open_loop,16
CNT,1,8017,2,36450721328,36610737360,rp2040_timer0,100010020,R,h1_ocxo_open_loop,16
CNT,1,8018,2,36626721328,36786737360,rp2040_timer0,100010020,R,h1_ocxo_open_loop,16
CNT,1,8019,2,36802721312,36962737360,rp2040_timer0,100010030,R,h1_ocxo_open_loop,16
CNT,1,8020,2,36978721344,37138737344,rp2040_timer0,100010000,R,h1_ocxo_open_loop,16
CNT,1,8021,2,37154721296,37314737360,rp2040_timer0,100010040,R,h1_ocxo_open_loop,16
CNT,1,8022,2,37330721328,37490737360,rp2040_timer0,100010020,R,h1_ocxo_open_loop,16
CNT,1,8023,2,37506721296,37666737344,rp2040_timer0,100010030,R,h1_ocxo_open_loop,16
CNT,1,8024,2,37682721344,37842737328,rp2040_timer0,100009990,R,h1_ocxo_open_loop,16
CNT,1,8025,2,37858721312,38018737376,rp2040_timer0,100010040,R,h1_ocxo_open_loop,16
CNT,1,8026,2,38034721296,38194737360,rp2040_timer0,100010040,R,h1_ocxo_open_loop,16
CNT,1,8027,2,38210721312,38370737344,rp2040_timer0,100010020,R,h1_ocxo_open_loop,16
CNT,1,8028,2,38386721360,38546737376,rp2040_timer0,100010010,R,h1_ocxo_open_loop,16
CNT,1,8029,2,38562721344,38722737328,rp2040_timer0,100009990,R,h1_ocxo_open_loop,16
CNT,1,8030,2,38738721328,38898737360,rp2040_timer0,100010020,R,h1_ocxo_open_loop,16
CNT,1,8031,2,38914721360,39074737392,rp2040_timer0,100010020,R,h1_ocxo_open_loop,16
CNT,1,8032,2,39090721328,39250737328,rp2040_timer0,100010000,R,h1_ocxo_open_loop,16
CNT,1,8033,2,39266721296,39426737344,rp2040_timer0,100010030,R,h1_ocxo_open_loop,16
CNT,1,8034,2,39442721360,39602737344,rp2040_timer0,100009990,R,h1_ocxo_open_loop,16
CNT,1,8035,2,39618721280,39778737376,rp2040_timer0,100010060,R,h1_ocxo_open_loop,16
CNT,1,8036,2,39794721312,39954737376,rp2040_timer0,100010040,R,h1_ocxo_open_loop,16
CNT,1,8037,2,39970721296,40130737392,rp2040_timer0,100010060,R,h1_ocxo_open_loop,16
CNT,1,8038,2,40146721296,40306737344,rp2040_timer0,100010030,R,h1_ocxo_open_loop,16
CNT,1,8039,2,40322721328,40482737376,rp2040_timer0,100010030,R,h1_ocxo_open_loop,16
CNT,1,8040,2,40498721360,40658737376,rp2040_timer0,100010010,R,h1_ocxo_open_loop,16
CNT,1,8041,2,40674721280,40834737360,rp2040_timer0,100010050,R,h1_ocxo_open_loop,16
CNT,1,8042,2,40850721344,41010737360,rp2040_timer0,100010010,R,h1_ocxo_open_loop,16
CNT,1,8043,2,41026721328,41186737328,rp2040_timer0,100010000,R,h1_ocxo_open_loop,16
CNT,1,8044,2,41202721328,41362737392,rp2040_timer0,100010040,R,h1_ocxo_open_loop,16
CNT,1,8045,2,41378721328,41538737360,rp2040_timer0,100010020,R,h1_ocxo_open_loop,16
CNT,1,8046,2,41554721344,41714737328,rp2040_timer0,100009990,R,h1_ocxo_open_loop,16
CNT,1,8047,2,41730721296,41890737376,rp2040_timer0,100010050,R,h1_ocxo_open_loop,16
CNT,1,8048,2,41906721312,42066737344,rp2040_timer0,100010020,R,h1_ocxo_open_loop,16
CNT,1,8049,2,42082721360,42242737344,rp2040_timer0,100009990,R,h1_ocxo_open_loop,16
CNT,1,8050,2,42258721312,42418737328,rp2040_timer0,100010010,R,h1_ocxo_open_loop,16
CNT,1,8051,2,42434721344,42594737344,rp2040_timer0,100010000,R,h1_ocxo_open_loop,16
CNT,1,8052,2,42610721296,42770737392,rp2040_timer0,100010060,R,h1_ocxo_open_loop,16
CNT,1,8053,2,42786721328,42946737344,rp2040_timer0,100010010,R,h1_ocxo_open_loop,16
CNT,1,8054,2,42962721360,43122737376,rp2040_timer0,100010010,R,h1_ocxo_open_loop,16
CNT,1,8055,2,43138721328,43298737328,rp2040_timer0,100010000,R,h1_ocxo_open_loop,16
CNT,1,8056,2,43314721344,43474737312,rp2040_timer0,100009980,R,h1_ocxo_open_loop,16
CNT,1,8057,2,43490721344,43650737392,rp2040_timer0,100010030,R,h1_ocxo_open_loop,16
CNT,1,8058,2,43666721344,43826737360,rp2040_timer0,100010010,R,h1_ocxo_open_loop,16
CNT,1,8059,2,43842721312,44002737376,rp2040_timer0,100010040,R,h1_ocxo_open_loop,16
CNT,1,8060,2,44018721376,44178737328,rp2040_timer0,100009970,R,h1_ocxo_open_loop,16
CNT,1,8061,2,44194721296,44354737392,rp2040_timer0,100010060,R,h1_ocxo_open_loop,16
CNT,1,8062,2,44370721296,44530737360,rp2040_timer0,100010040,R,h1_ocxo_open_loop,16
CNT,1,8063,2,44546721280,44706737392,rp2040_timer0,100010070,R,h1_ocxo_open_loop,16
CNT,1,8064,2,44722721344,44882737392,rp2040_timer0,100010030,R,h1_ocxo_open_loop,16
CNT,1,8065,2,44898721296,45058737376,rp2040_timer0,100010050,R,h1_ocxo_open_loop,16
CNT,1,8066,2,45074721328,45234737344,rp2040_timer0,100010010,R,h1_ocxo_open_loop,16
CNT,1,8067,2,45250721344,45410737360,rp2040_timer0,100010010,R,h1_ocxo_open_loop,16
CNT,1,8068,2,45426721312,45586737360,rp2040_timer0,100010030,R,h1_ocxo_open_loop,16
CNT,1,8069,2,45602721360,45762737376,rp2040_timer0,100010010,R,h1_ocxo_open_loop,16
CNT,1,8070,2,45778721296,45938737328,rp2040_timer0,100010020,R,h1_ocxo_open_loop,16
CNT,1,8071,2,45954721296,46114737312,rp2040_timer0,100010010,R,h1_ocxo_open_loop,16
CNT,1,8072,2,46130721296,46290737344,rp2040_timer0,100010030,R,h1_ocxo_open_loop,16
CNT,1,8073,2,46306721312,46466737328,rp2040_timer0,100010010,R,h1_ocxo_open_loop,16
CNT,1,8074,2,46482721328,46642737360,rp2040_timer0,100010020,R,h1_ocxo_open_loop,16
CNT,1,8075,2,46658721328,46818737392,rp2040_timer0,100010040,R,h1_ocxo_open_loop,16
CNT,1,8076,2,46834721280,46994737376,rp2040_timer0,100010060,R,h1_ocxo_open_loop,16
CNT,1,8077,2,47010721296,47170737328,rp2040_timer0,100010020,R,h1_ocxo_open_loop,16
CNT,1,8078,2,47186721312,47346737392,rp2040_timer0,100010050,R,h1_ocxo_open_loop,16
CNT,1,8079,2,47362721344,47522737392,rp2040_timer0,100010030,R,h1_ocxo_open_loop,16
CNT,1,8080,2,47538721296,47698737392,rp2040_timer0,100010060,R,h1_ocxo_open_loop,16
CNT,1,8081,2,47714721344,47874737392,rp2040_timer0,100010030,R,h1_ocxo_open_loop,16
CNT,1,8082,2,47890721360,48050737344,rp2040_timer0,100009990,R,h1_ocxo_open_loop,16
CNT,1,8083,2,48066721296,48226737312,rp2040_timer0,100010010,R,h1_ocxo_open_loop,16
CNT,1,8084,2,48242721328,48402737376,rp2040_timer0,100010030,R,h1_ocxo_open_loop,16
CNT,1,8085,2,48418721360,48578737360,rp2040_timer0,100010000,R,h1_ocxo_open_loop,16
CNT,1,8086,2,48594721360,48754737344,rp2040_timer0,100009990,R,h1_ocxo_open_loop,16
CNT,1,8087,2,48770721312,48930737328,rp2040_timer0,100010010,R,h1_ocxo_open_loop,16
CNT,1,8088,2,48946721344,49106737360,rp2040_timer0,100010010,R,h1_ocxo_open_loop,16
CNT,1,8089,2,49122721312,49282737360,rp2040_timer0,100010030,R,h1_ocxo_open_loop,16
CNT,1,8090,2,49298721360,49458737328,rp2040_timer0,100009980,R,h1_ocxo_open_loop,16
CNT,1,8091,2,49474721344,49634737360,rp2040_timer0,100010010,R,h1_ocxo_open_loop,16
CNT,1,8092,2,49650721312,49810737328,rp2040_timer0,100010010,R,h1_ocxo_open_loop,16
CNT,1,8093,2,49826721280,49986737392,rp2040_timer0,100010070,R,h1_ocxo_open_loop,16
CNT,1,8094,2,50002721296,50162737360,rp2040_timer0,100010040,R,h1_ocxo_open_loop,16
CNT,1,8095,2,50178721344,50338737328,rp2040_timer0,100009990,R,h1_ocxo_open_loop,16
CNT,1,8096,2,50354721360,50514737328,rp2040_timer0,100009980,R,h1_ocxo_open_loop,16
CNT,1,8097,2,50530721312,50690737328,rp2040_timer0,100010010,R,h1_ocxo_open_loop,16
CNT,1,8098,2,50706721328,50866737392,rp2040_timer0,100010040,R,h1_ocxo_open_loop,16
CNT,1,8099,2,50882721328,51042737328,rp2040_timer0,100010000,R,h1_ocxo_open_loop,16
CNT,1,8100,2,51058721344,51218737360,rp2040_timer0,100010010,R,h1_ocxo_open_loop,16
CNT,1,8101,2,51234721328,51394737360,rp2040_timer0,100010020,R,h1_ocxo_open_loop,16
CNT,1,8102,2,51410721312,51570737360,rp2040_timer0,100010030,R,h1_ocxo_open_loop,16
CNT,1,8103,2,51586721312,51746737392,rp2040_timer0,100010050,R,h1_ocxo_open_loop,16
CNT,1,8104,2,51762721296,51922737376,rp2040_timer0,100010050,R,h1_ocxo_open_loop,16
CNT,1,8105,2,51938721328,52098737328,rp2040_timer0,100010000,R,h1_ocxo_open_loop,16
CNT,1,8106,2,52114721280,52274737360,rp2040_timer0,100010050,R,h1_ocxo_open_loop,16
CNT,1,8107,2,52290721280,52450737344,rp2040_timer0,100010040,R,h1_ocxo_open_loop,16
CNT,1,8108,2,52466721360,52626737328,rp2040_timer0,100009980,R,h1_ocxo_open_loop,16
CNT,1,8109,2,52642721280,52802737312,rp2040_timer0,100010020,R,h1_ocxo_open_loop,16
CNT,1,8110,2,52818721360,52978737376,rp2040_timer0,100010010,R,h1_ocxo_open_loop,16
CNT,1,8111,2,52994721360,53154737344,rp2040_timer0,100009990,R,h1_ocxo_open_loop,16
CNT,1,8112,2,53170721312,53330737392,rp2040_timer0,100010050,R,h1_ocxo_open_loop,16
CNT,1,8113,2,53346721344,53506737392,rp2040_timer0,100010030,R,h1_ocxo_open_loop,16
CNT,1,8114,2,53522721344,53682737360,rp2040_timer0,100010010,R,h1_ocxo_open_loop,16
CNT,1,8115,2,53698721344,53858737328,rp2040_timer0,100009990,R,h1_ocxo_open_loop,16
CNT,1,8116,2,53874721280,54034737344,rp2040_timer0,100010040,R,h1_ocxo_open_loop,16
CNT,1,8117,2,54050721312,54210737392,rp2040_timer0,100010050,R,h1_ocxo_open_loop,16
CNT,1,8118,2,54226721328,54386737376,rp2040_timer0,100010030,R,h1_ocxo_open_loop,16
CNT,1,8119,2,54402721280,54562737328,rp2040_timer0,100010030,R,h1_ocxo_open_loop,16
CNT,1,8120,2,54578721312,54738737376,rp2040_timer0,100010040,R,h1_ocxo_open_loop,16
CNT,1,8121,2,54754721344,54914737328,rp2040_timer0,100009990,R,h1_ocxo_open_loop,16
CNT,1,8122,2,54930721360,55090737328,rp2040_timer0,100009980,R,h1_ocxo_open_loop,16
CNT,1,8123,2,55106721296,55266737312,rp2040_timer0,100010010,R,h1_ocxo_open_loop,16
CNT,1,8124,2,55282721296,55442737360,rp2040_timer0,100010040,R,h1_ocxo_open_loop,16
CNT,1,8125,2,55458721328,55618737344,rp2040_timer0,100010010,R,h1_ocxo_open_loop,16
CNT,1,8126,2,55634721328,55794737392,rp2040_timer0,100010040,R,h1_ocxo_open_loop,16
CNT,1,8127,2,55810721296,55970737344,rp2040_timer0,100010030,R,h1_ocxo_open_loop,16
CNT,1,8128,2,55986721296,56146737360,rp2040_timer0,100010040,R,h1_ocxo_open_loop,16
CNT,1,8129,2,56162721344,56322737344,rp2040_timer0,100010000,R,h1_ocxo_open_loop,16
CNT,1,8130,2,56338721296,56498737376,rp2040_timer0,100010050,R,h1_ocxo_open_loop,16
CNT,1,8131,2,56514721296,56674737328,rp2040_timer0,100010020,R,h1_ocxo_open_loop,16
CNT,1,8132,2,56690721280,56850737328,rp2040_timer0,100010030,R,h1_ocxo_open_loop,16
CNT,1,8133,2,56866721296,57026737376,rp2040_timer0,100010050,R,h1_ocxo_open_loop,16
CNT,1,8134,2,57042721344,57202737312,rp2040_timer0,100009980,R,h1_ocxo_open_loop,16
CNT,1,8135,2,57218721312,57378737376,rp2040_timer0,100010040,R,h1_ocxo_open_loop,16
CNT,1,8136,2,57394721328,57554737344,rp2040_timer0,100010010,R,h1_ocxo_open_loop,16
CNT,1,8137,2,57570721344,57730737328,rp2040_timer0,100009990,R,h1_ocxo_open_loop,16
CNT,1,8138,2,57746721296,57906737328,rp2040_timer0,100010020,R,h1_ocxo_open_loop,16
CNT,1,8139,2,57922721344,58082737344,rp2040_timer0,100010000,R,h1_ocxo_open_loop,16
CNT,1,8140,2,58098721344,58258737328,rp2040_timer0,100009990,R,h1_ocxo_open_loop,16
CNT,1,8141,2,58274721296,58434737392,rp2040_timer0,100010060,R,h1_ocxo_open_loop,16
CNT,1,8142,2,58450721360,58610737344,rp2040_timer0,100009990,R,h1_ocxo_open_loop,16
CNT,1,8143,2,58626721328,58786737344,rp2040_timer0,100010010,R,h1_ocxo_open_loop,16
CNT,1,8144,2,58802721280,58962737344,rp2040_timer0,100010040,R,h1_ocxo_open_loop,16
CNT,1,8145,2,58978721360,59138737344,rp2040_timer0,100009990,R,h1_ocxo_open_loop,16
CNT,1,8146,2,59154721328,59314737328,rp2040_timer0,100010000,R,h1_ocxo_open_loop,16
CNT,1,8147,2,59330721312,59490737344,rp2040_timer0,100010020,R,h1_ocxo_open_loop,16
CNT,1,8148,2,59506721312,59666737344,rp2040_timer0,100010020,R,h1_ocxo_open_loop,16
CNT,1,8149,2,59682721312,59842737376,rp2040_timer0,100010040,R,h1_ocxo_open_loop,16
CNT,1,8150,2,59858721312,60018737392,rp2040_timer0,100010050,R,h1_ocxo_open_loop,16
CNT,1,8151,2,60034721312,60194737392,rp2040_timer0,100010050,R,h1_ocxo_open_loop,16
CNT,1,8152,2,60210721328,60370737328,rp2040_timer0,100010000,R,h1_ocxo_open_loop,16
CNT,1,8153,2,60386721312,60546737376,rp2040_timer0,100010040,R,h1_ocxo_open_loop,16
CNT,1,8154,2,60562721344,60722737360,rp2040_timer0,100010010,R,h1_ocxo_open_loop,16
CNT,1,8155,2,60738721280,60898737360,rp2040_timer0,100010050,R,h1_ocxo_open_loop,16
CNT,1,8156,2,60914721344,61074737344,rp2040_timer0,100010000,R,h1_ocxo_open_loop,16
CNT,1,8157,2,61090721312,61250737360,rp2040_timer0,100010030,R,h1_ocxo_open_loop,16
CNT,1,8158,2,61266721296,61426737376,rp2040_timer0,100010050,R,h1_ocxo_open_loop,16
CNT,1,8159,2,61442721312,61602737376,rp2040_timer0,100010040,R,h1_ocxo_open_loop,16
CNT,1,8160,2,61618721312,61778737376,rp2040_timer0,100010040,R,h1_ocxo_open_loop,16
CNT,1,8161,2,61794721344,61954737392,rp2040_timer0,100010030,R,h1_ocxo_open_loop,16
CNT,1,8162,2,61970721312,62130737392,rp2040_timer0,100010050,R,h1_ocxo_open_loop,16
CNT,1,8163,2,62146721344,62306737376,rp2040_timer0,100010020,R,h1_ocxo_open_loop,16
CNT,1,8164,2,62322721360,62482737392,rp2040_timer0,100010020,R,h1_ocxo_open_loop,16
CNT,1,8165,2,62498721344,62658737376,rp2040_timer0,100010020,R,h1_ocxo_open_loop,16
CNT,1,8166,2,62674721312,62834737344,rp2040_timer0,100010020,R,h1_ocxo_open_loop,16
CNT,1,8167,2,62850721296,63010737328,rp2040_timer0,100010020,R,h1_ocxo_open_loop,16
CNT,1,8168,2,63026721312,63186737392,rp2040_timer0,100010050,R,h1_ocxo_open_loop,16
CNT,1,8169,2,63202721296,63362737344,rp2040_timer0,100010030,R,h1_ocxo_open_loop,16
CNT,1,8170,2,63378721296,63538737376,rp2040_timer0,100010050,R,h1_ocxo_open_loop,16
CNT,1,8171,2,63554721344,63714737360,rp2040_timer0,100010010,R,h1_ocxo_open_loop,16
CNT,1,8172,2,63730721296,63890737376,rp2040_timer0,100010050,R,h1_ocxo_open_loop,16
CNT,1,8173,2,63906721360,64066737392,rp2040_timer0,100010020,R,h1_ocxo_open_loop,16
CNT,1,8174,2,64082721312,64242737376,rp2040_timer0,100010040,R,h1_ocxo_open_loop,16
CNT,1,8175,2,64258721296,64418737376,rp2040_timer0,100010050,R,h1_ocxo_open_loop,16
CNT,1,8176,2,64434721312,64594737392,rp2040_timer0,100010050,R,h1_ocxo_open_loop,16
CNT,1,8177,2,64610721328,64770737360,rp2040_timer0,100010020,R,h1_ocxo_open_loop,16
CNT,1,8178,2,64786721328,64946737344,rp2040_timer0,100010010,R,h1_ocxo_open_loop,16
CNT,1,8179,2,64962721360,65122737376,rp2040_timer0,100010010,R,h1_ocxo_open_loop,16
CNT,1,8180,2,65138721328,65298737344,rp2040_timer0,100010010,R,h1_ocxo_open_loop,16
CNT,1,8181,2,65314721328,65474737376,rp2040_timer0,100010030,R,h1_ocxo_open_loop,16
CNT,1,8182,2,65490721328,65650737328,rp2040_timer0,100010000,R,h1_ocxo_open_loop,16
CNT,1,8183,2,65666721296,65826737312,rp2040_timer0,100010010,R,h1_ocxo_open_loop,16
CNT,1,8184,2,65842721280,66002737344,rp2040_timer0,100010040,R,h1_ocxo_open_loop,16
CNT,1,8185,2,66018721312,66178737328,rp2040_timer0,100010010,R,h1_ocxo_open_loop,16
CNT,1,8186,2,66194721344,66354737328,rp2040_timer0,100009990,R,h1_ocxo_open_loop,16
CNT,1,8187,2,66370721328,66530737360,rp2040_timer0,100010020,R,h1_ocxo_open_loop,16
CNT,1,8188,2,66546721360,66706737344,rp2040_timer0,100009990,R,h1_ocxo_open_loop,16
CNT,1,8189,2,66722721312,66882737360,rp2040_timer0,100010030,R,h1_ocxo_open_loop,16
CNT,1,8190,2,66898721312,67058737392,rp2040_timer0,100010050,R,h1_ocxo_open_loop,16
CNT,1,8191,2,67074721328,67234737392,rp2040_timer0,100010040,R,h1_ocxo_open_loop,16
CNT,1,8192,2,67250721296,67410737328,rp2040_timer0,100010020,R,h1_ocxo_open_loop,16
CNT,1,8193,2,67426721360,67586737376,rp2040_timer0,100010010,R,h1_ocxo_open_loop,16
CNT,1,8194,2,67602721360,67762737344,rp2040_timer0,100009990,R,h1_ocxo_open_loop,16
CNT,1,8195,2,67778721328,67938737328,rp2040_timer0,100010000,R,h1_ocxo_open_loop,16
CNT,1,8196,2,67954721360,68114737344,rp2040_timer0,100009990,R,h1_ocxo_open_loop,16
CNT,1,8197,2,68130721328,68290737344,rp2040_timer0,100010010,R,h1_ocxo_open_loop,16
CNT,1,8198,2,68306721296,68466737328,rp2040_timer0,100010020,R,h1_ocxo_open_loop,16
CNT,1,8199,2,68482721296,68642737344,rp2040_timer0,100010030,R,h1_ocxo_open_loop,16
CNT,1,8200,2,68658721344,68818737360,rp2040_timer0,100010010,R,h1_ocxo_open_loop,16
CNT,1,8201,2,115244576,275260608,rp2040_timer0,100010020,R,h1_ocxo_open_loop,16
CNT,1,8202,2,291244576,451260592,rp2040_timer0,100010010,R,h1_ocxo_open_loop,16
CNT,1,8203,2,467244576,627260640,rp2040_timer0,100010040,R,h1_ocxo_open_loop,16
CNT,1,8204,2,643244544,803260656,rp2040_timer0,100010070,R,h1_ocxo_open_loop,16
CNT,1,8205,2,819244608,979260608,rp2040_timer0,100010000,R,h1_ocxo_open_loop,16
CNT,1,8206,2,995244608,1155260624,rp2040_timer0,100010010,R,h1_ocxo_open_loop,16
CNT,1,8207,2,1171244608,1331260624,rp2040_timer0,100010010,R,h1_ocxo_open_loop,16
CNT,1,8208,2,1347244544,1507260656,rp2040_timer0,100010070,R,h1_ocxo_open_loop,16
CNT,1,8209,2,1523244592,1683260640,rp2040_timer0,100010030,R,h1_ocxo_open_loop,16
CNT,1,8210,2,1699244592,1859260624,rp2040_timer0,100010020,R,h1_ocxo_open_loop,16
CNT,1,8211,2,1875244560,2035260656,rp2040_timer0,100010060,R,h1_ocxo_open_loop,16
CNT,1,8212,2,2051244592,2211260608,rp2040_timer0,100010010,R,h1_ocxo_open_loop,16
CNT,1,8213,2,2227244560,2387260608,rp2040_timer0,100010030,R,h1_ocxo_open_loop,16
CNT,1,8214,2,2403244576,2563260592,rp2040_timer0,100010010,R,h1_ocxo_open_loop,16
CNT,1,8215,2,2579244592,2739260640,rp2040_timer0,100010030,R,h1_ocxo_open_loop,16
CNT,1,8216,2,2755244592,2915260608,rp2040_timer0,100010010,R,h1_ocxo_open_loop,16
CNT,1,8217,2,2931244576,3091260640,rp2040_timer0,100010040,R,h1_ocxo_open_loop,16
CNT,1,8218,2,3107244544,3267260624,rp2040_timer0,100010050,R,h1_ocxo_open_loop,16
CNT,1,8219,2,3283244576,3443260592,rp2040_timer0,100010010,R,h1_ocxo_open_loop,16
CNT,1,8220,2,3459244560,3619260640,rp2040_timer0,100010050,R,h1_ocxo_open_loop,16
CNT,1,8221,2,3635244592,3795260592,rp2040_timer0,100010000,R,h1_ocxo_open_loop,16
CNT,1,8222,2,3811244608,3971260608,rp2040_timer0,100010000,R,h1_ocxo_open_loop,16
CNT,1,8223,2,3987244592,4147260624,rp2040_timer0,100010020,R,h1_ocxo_open_loop,16
CNT,1,8224,2,4163244672,4323260656,rp2040_timer0,100009990,R,h1_ocxo_open_loop,16
CNT,1,8225,2,4339244592,4499260592,rp2040_timer0,100010000,R,h1_ocxo_open_loop,16
CNT,1,8226,2,4515244576,4675260640,rp2040_timer0,100010040,R,h1_ocxo_open_loop,16
CNT,1,8227,2,4691244592,4851260592,rp2040_timer0,100010000,R,h1_ocxo_open_loop,16
CNT,1,8228,2,4867244560,5027260640,rp2040_timer0,100010050,R,h1_ocxo_open_loop,16
CNT,1,8229,2,5043244608,5203260592,rp2040_timer0,100009990,R,h1_ocxo_open_loop,16
CNT,1,8230,2,5219244608,5379260624,rp2040_timer0,100010010,R,h1_ocxo_open_loop,16
CNT,1,8231,2,5395244592,5555260624,rp2040_timer0,100010020,R,h1_ocxo_open_loop,16
CNT,1,8232,2,5571244592,5731260640,rp2040_timer0,100010030,R,h1_ocxo_open_loop,16
CNT,1,8233,2,5747244608,5907260624,rp2040_timer0,100010010,R,h1_ocxo_open_loop,16
CNT,1,8234,2,5923244592,6083260592,rp2040_timer0,100010000,R,h1_ocxo_open_loop,16
CNT,1,8235,2,6099244592,6259260592,rp2040_timer0,100010000,R,h1_ocxo_open_loop,16
CNT,1,8236,2,6275244608,6435260592,rp2040_timer0,100009990,R,h1_ocxo_open_loop,16
CNT,1,8237,2,6451244608,6611260576,rp2040_timer0,100009980,R,h1_ocxo_open_loop,16
CNT,1,8238,2,6627244608,6787260624,rp2040_timer0,100010010,R,h1_ocxo_open_loop,16
CNT,1,8239,2,6803244608,6963260656,rp2040_timer0,100010030,R,h1_ocxo_open_loop,16
CNT,1,8240,2,6979244544,7139260640,rp2040_timer0,100010060,R,h1_ocxo_open_loop,16
CNT,1,8241,2,7155244608,7315260640,rp2040_timer0,100010020,R,h1_ocxo_open_loop,16
CNT,1,8242,2,7331244544,7491260624,rp2040_timer0,100010050,R,h1_ocxo_open_loop,16
CNT,1,8243,2,7507244624,7667260640,rp2040_timer0,100010010,R,h1_ocxo_open_loop,16
CNT,1,8244,2,7683244576,7843260592,rp2040_timer0,100010010,R,h1_ocxo_open_loop,16
CNT,1,8245,2,7859244624,8019260640,rp2040_timer0,100010010,R,h1_ocxo_open_loop,16
CNT,1,8246,2,8035244576,8195260592,rp2040_timer0,100010010,R,h1_ocxo_open_loop,16
CNT,1,8247,2,8211244544,8371260656,rp2040_timer0,100010070,R,h1_ocxo_open_loop,16
CNT,1,8248,2,8387244592,8547260592,rp2040_timer0,100010000,R,h1_ocxo_open_loop,16
CNT,1,8249,2,8563244608,8723260624,rp2040_timer0,100010010,R,h1_ocxo_open_loop,16
CNT,1,8250,2,8739244560,8899260608,rp2040_timer0,100010030,R,h1_ocxo_open_loop,16
CNT,1,8251,2,8915244592,9075260640,rp2040_timer0,100010030,R,h1_ocxo_open_loop,16
CNT,1,8252,2,9091244608,9251260640,rp2040_timer0,100010020,R,h1_ocxo_open_loop,16
CNT,1,8253,2,9267244576,9427260656,rp2040_timer0,100010050,R,h1_ocxo_open_loop,16
CNT,1,8254,2,9443244544,9603260608,rp2040_timer0,100010040,R,h1_ocxo_open_loop,16
CNT,1,8255,2,9619244592,9779260656,rp2040_timer0,100010040,R,h1_ocxo_open_loop,16
CNT,1,8256,2,9795244624,9955260624,rp2040_timer0,100010000,R,h1_ocxo_open_loop,16
CNT,1,8257,2,9971244576,10131260592,rp2040_timer0,100010010,R,h1_ocxo_open_loop,16
CNT,1,8258,2,10147244608,10307260592,rp2040_timer0,100009990,R,h1_ocxo_open_loop,16
CNT,1,8259,2,10323244592,10483260640,rp2040_timer0,100010030,R,h1_ocxo_open_loop,16
CNT,1,8260,2,10499244592,10659260624,rp2040_timer0,100010020,R,h1_ocxo_open_loop,16
CNT,1,8261,2,10675244544,10835260624,rp2040_timer0,100010050,R,h1_ocxo_open_loop,16
CNT,1,8262,2,10851244608,11011260624,rp2040_timer0,100010010,R,h1_ocxo_open_loop,16
CNT,1,8263,2,11027244624,11187260608,rp2040_timer0,100009990,R,h1_ocxo_open_loop,16
CNT,1,8264,2,11203244544,11363260608,rp2040_timer0,100010040,R,h1_ocxo_open_loop,16
CNT,1,8265,2,11379244544,11539260640,rp2040_timer0,100010060,R,h1_ocxo_open_loop,16
CNT,1,8266,2,11555244592,11715260592,rp2040_timer0,100010000,R,h1_ocxo_open_loop,16
CNT,1,8267,2,11731244560,11891260640,rp2040_timer0,100010050,R,h1_ocxo_open_loop,16
CNT,1,8268,2,11907244592,12067260592,rp2040_timer0,100010000,R,h1_ocxo_open_loop,16
CNT,1,8269,2,12083244592,12243260656,rp2040_timer0,100010040,R,h1_ocxo_open_loop,16
CNT,1,8270,2,12259244560,12419260608,rp2040_timer0,100010030,R,h1_ocxo_open_loop,16
CNT,1,8271,2,12435244544,12595260576,rp2040_timer0,100010020,R,h1_ocxo_open_loop,16
CNT,1,8272,2,12611244608,12771260624,rp2040_timer0,100010010,R,h1_ocxo_open_loop,16
CNT,1,8273,2,12787244608,12947260576,rp2040_timer0,100009980,R,h1_ocxo_open_loop,16
CNT,1,8274,2,12963244624,13123260592,rp2040_timer0,100009980,R,h1_ocxo_open_loop,16
CNT,1,8275,2,13139244592,13299260656,rp2040_timer0,100010040,R,h1_ocxo_open_loop,16
CNT,1,8276,2,13315244608,13475260640,rp2040_timer0,100010020,R,h1_ocxo_open_loop,16
CNT,1,8277,2,13491244592,13651260608,rp2040_timer0,72737280,R,h1_ocxo_open_loop,528
CNT,1,8278,2,13667244624,13827260656,rp2040_timer0,0,R,h1_ocxo_open_loop,528
CNT,1,8279,2,13843244560,14003260624,rp2040_timer0,36523666,R,h1_ocxo_open_loop,528
CNT,1,8280,2,14019244560,14179260624,rp2040_timer0,90919127,R,h1_ocxo_open_loop,528
CNT,1,8281,2,14195244560,14355260640,rp2040_timer0,12651271,R,h1_ocxo_open_loop,528
CNT,1,8282,2,14371244592,14531260656,rp2040_timer0,9700973,R,h1_ocxo_open_loop,528
CNT,1,8283,2,14547244608,14707276656,rp2040_timer0,25005007,R,h1_ocxo_open_loop,528
CNT,1,8284,2,14723244608,14883260592,rp2040_timer0,27282725,R,h1_ocxo_open_loop,528
CNT,1,8285,2,14899244592,15059260624,rp2040_timer0,8330834,R,h1_ocxo_open_loop,528
CNT,1,8286,2,15075244560,15235260592,rp2040_timer0,87238740,R,h1_ocxo_open_loop,16
CNT,1,8287,2,15251244624,15411260656,rp2040_timer0,35493556,R,h1_ocxo_open_loop,528
CNT,1,8288,2,15427244624,15587260656,rp2040_timer0,56415652,R,h1_ocxo_open_loop,528
CNT,1,8289,2,15603244592,15763260656,rp2040_timer0,10001,R,h1_ocxo_open_loop,528
CNT,1,8290,2,15779244576,15939260592,rp2040_timer0,20002,R,h1_ocxo_open_loop,528
CNT,1,8291,2,15955244576,16115260624,rp2040_timer0,4120413,R,h1_ocxo_open_loop,528
CNT,1,8292,2,16131244624,16291260640,rp2040_timer0,26832685,R,h1_ocxo_open_loop,528
CNT,1,8293,2,16307244576,16467276608,rp2040_timer0,50720152,R,h1_ocxo_open_loop,528
CNT,1,8294,2,16483244608,16643260624,rp2040_timer0,88318839,R,h1_ocxo_open_loop,528
CNT,1,8295,2,16659244560,16819260640,rp2040_timer0,100010050,R,h1_ocxo_open_loop,16
CNT,1,8296,2,16835244576,16995260608,rp2040_timer0,96359654,R,h1_ocxo_open_loop,16
CNT,1,8297,2,17011244560,17171260624,rp2040_timer0,72737302,R,h1_ocxo_open_loop,528
CNT,1,8298,2,17187244592,17347260640,rp2040_timer0,0,R,h1_ocxo_open_loop,528
CNT,1,8299,2,17363244624,17523260624,rp2040_timer0,0,R,h1_ocxo_open_loop,528
CNT,1,8300,2,17539244560,17699260656,rp2040_timer0,0,R,h1_ocxo_open_loop,528
CNT,1,8301,2,17715244592,17875260592,rp2040_timer0,90919091,R,h1_ocxo_open_loop,528
CNT,1,8302,2,17891244624,18051260656,rp2040_timer0,100010020,R,h1_ocxo_open_loop,16
CNT,1,8303,2,18067244576,18227260608,rp2040_timer0,100010020,R,h1_ocxo_open_loop,16
CNT,1,8304,2,18243244560,18403260608,rp2040_timer0,72737294,R,h1_ocxo_open_loop,528
CNT,1,8305,2,18419244576,18579260640,rp2040_timer0,90919127,R,h1_ocxo_open_loop,528
CNT,1,8306,2,18595244592,18755260592,rp2040_timer0,27282728,R,h1_ocxo_open_loop,528
CNT,1,8307,2,18771244592,18931260624,rp2040_timer0,0,R,h1_ocxo_open_loop,528
CNT,1,8308,2,18947244592,19107260640,rp2040_timer0,81828206,R,h1_ocxo_open_loop,528
CNT,1,8309,2,19123244624,19283260640,rp2040_timer0,100010010,R,h1_ocxo_open_loop,16
CNT,1,8310,2,19299244576,19459260608,rp2040_timer0,100010020,R,h1_ocxo_open_loop,16
CNT,1,8311,2,19475244592,19635260592,rp2040_timer0,100010000,R,h1_ocxo_open_loop,16
CNT,1,8312,2,19651244624,19811260592,rp2040_timer0,100009980,R,h1_ocxo_open_loop,16
CNT,1,8313,2,19827244560,19987260592,rp2040_timer0,100010020,R,h1_ocxo_open_loop,16
CNT,1,8314,2,20003244608,20163260624,rp2040_timer0,100010010,R,h1_ocxo_open_loop,16
CNT,1,8315,2,20179244624,20339260640,rp2040_timer0,100010010,R,h1_ocxo_open_loop,16
CNT,1,8316,2,20355244576,20515260624,rp2040_timer0,100010030,R,h1_ocxo_open_loop,16
CNT,1,8317,2,20531244544,20691260608,rp2040_timer0,100010040,R,h1_ocxo_open_loop,16
CNT,1,8318,2,20707244560,20867260592,rp2040_timer0,100010020,R,h1_ocxo_open_loop,16
CNT,1,8319,2,20883244560,21043260624,rp2040_timer0,100010040,R,h1_ocxo_open_loop,16
CNT,1,8320,2,21059244560,21219260640,rp2040_timer0,100010050,R,h1_ocxo_open_loop,16
CNT,1,8321,2,21235244608,21395260624,rp2040_timer0,100010010,R,h1_ocxo_open_loop,16
CNT,1,8322,2,21411244560,21571260576,rp2040_timer0,100010010,R,h1_ocxo_open_loop,16
CNT,1,8323,2,21587244608,21747260608,rp2040_timer0,100010000,R,h1_ocxo_open_loop,16
CNT,1,8324,2,21763244576,21923260640,rp2040_timer0,100010040,R,h1_ocxo_open_loop,16
CNT,1,8325,2,21939244560,22099260608,rp2040_timer0,100010030,R,h1_ocxo_open_loop,16
CNT,1,8326,2,22115244608,22275260624,rp2040_timer0,100010010,R,h1_ocxo_open_loop,16
CNT,1,8327,2,22291244560,22451260624,rp2040_timer0,100010040,R,h1_ocxo_open_loop,16
CNT,1,8328,2,22467244608,22627260608,rp2040_timer0,100010000,R,h1_ocxo_open_loop,16
CNT,1,8329,2,22643244560,22803260624,rp2040_timer0,100010040,R,h1_ocxo_open_loop,16
CNT,1,8330,2,22819244608,22979260592,rp2040_timer0,100009990,R,h1_ocxo_open_loop,16
CNT,1,8331,2,22995244608,23155260592,rp2040_timer0,100009990,R,h1_ocxo_open_loop,16
CNT,1,8332,2,23171244576,23331260608,rp2040_timer0,100010020,R,h1_ocxo_open_loop,16
CNT,1,8333,2,23347244624,23507260640,rp2040_timer0,100010010,R,h1_ocxo_open_loop,16
CNT,1,8334,2,23523244592,23683260656,rp2040_timer0,100010040,R,h1_ocxo_open_loop,16
CNT,1,8335,2,23699244560,23859260576,rp2040_timer0,100010010,R,h1_ocxo_open_loop,16
CNT,1,8336,2,23875244624,24035260624,rp2040_timer0,100010000,R,h1_ocxo_open_loop,16
CNT,1,8337,2,24051244592,24211260640,rp2040_timer0,100010030,R,h1_ocxo_open_loop,16
CNT,1,8338,2,24227244560,24387260592,rp2040_timer0,100010020,R,h1_ocxo_open_loop,16
CNT,1,8339,2,24403244560,24563260592,rp2040_timer0,100010020,R,h1_ocxo_open_loop,16
CNT,1,8340,2,24579244544,24739260592,rp2040_timer0,100010030,R,h1_ocxo_open_loop,16
CNT,1,8341,2,24755244560,24915260608,rp2040_timer0,100010030,R,h1_ocxo_open_loop,16
CNT,1,8342,2,24931244640,25091260656,rp2040_timer0,100010010,R,h1_ocxo_open_loop,16
CNT,1,8343,2,25107244592,25267260608,rp2040_timer0,100010010,R,h1_ocxo_open_loop,16
CNT,1,8344,2,25283244576,25443260656,rp2040_timer0,100010050,R,h1_ocxo_open_loop,16
CNT,1,8345,2,25459244576,25619260656,rp2040_timer0,100010050,R,h1_ocxo_open_loop,16
CNT,1,8346,2,25635244624,25795260624,rp2040_timer0,100010000,R,h1_ocxo_open_loop,16
CNT,1,8347,2,25811244608,25971260640,rp2040_timer0,100010020,R,h1_ocxo_open_loop,16
CNT,1,8348,2,25987244560,26147260656,rp2040_timer0,100010060,R,h1_ocxo_open_loop,16
CNT,1,8349,2,26163244608,26323260624,rp2040_timer0,100010010,R,h1_ocxo_open_loop,16
CNT,1,8350,2,26339244560,26499260656,rp2040_timer0,100010060,R,h1_ocxo_open_loop,16
CNT,1,8351,2,26515244576,26675260592,rp2040_timer0,100010010,R,h1_ocxo_open_loop,16
CNT,1,8352,2,26691244592,26851260608,rp2040_timer0,100010010,R,h1_ocxo_open_loop,16
CNT,1,8353,2,26867244576,27027260592,rp2040_timer0,100010010,R,h1_ocxo_open_loop,16
CNT,1,8354,2,27043244560,27203260624,rp2040_timer0,100010040,R,h1_ocxo_open_loop,16
CNT,1,8355,2,27219244592,27379260656,rp2040_timer0,100010040,R,h1_ocxo_open_loop,16
CNT,1,8356,2,27395244608,27555260656,rp2040_timer0,100010030,R,h1_ocxo_open_loop,16
CNT,1,8357,2,27571244560,27731260704,rp2040_timer0,100010090,R,h1_ocxo_open_loop,16
CNT,1,8358,2,27747244560,27907260592,rp2040_timer0,100010020,R,h1_ocxo_open_loop,16
CNT,1,8359,2,27923244592,28083260656,rp2040_timer0,100010040,R,h1_ocxo_open_loop,16
CNT,1,8360,2,28099244624,28259260656,rp2040_timer0,100010020,R,h1_ocxo_open_loop,16
CNT,1,8361,2,28275244576,28435260608,rp2040_timer0,100010020,R,h1_ocxo_open_loop,16
CNT,1,8362,2,28451244576,28611260624,rp2040_timer0,100010030,R,h1_ocxo_open_loop,16
CNT,1,8363,2,28627244576,28787260640,rp2040_timer0,100010040,R,h1_ocxo_open_loop,16
CNT,1,8364,2,28803244592,28963260624,rp2040_timer0,100010020,R,h1_ocxo_open_loop,16
CNT,1,8365,2,28979244608,29139260592,rp2040_timer0,100009990,R,h1_ocxo_open_loop,16
CNT,1,8366,2,29155244624,29315260640,rp2040_timer0,100010010,R,h1_ocxo_open_loop,16
CNT,1,8367,2,29331244576,29491260656,rp2040_timer0,100010050,R,h1_ocxo_open_loop,16
CNT,1,8368,2,29507244560,29667260624,rp2040_timer0,100010040,R,h1_ocxo_open_loop,16
CNT,1,8369,2,29683244576,29843260624,rp2040_timer0,100010030,R,h1_ocxo_open_loop,16
CNT,1,8370,2,29859244608,30019260640,rp2040_timer0,100010020,R,h1_ocxo_open_loop,16
CNT,1,8371,2,30035244592,30195260656,rp2040_timer0,100010040,R,h1_ocxo_open_loop,16
CNT,1,8372,2,30211244608,30371260640,rp2040_timer0,100010020,R,h1_ocxo_open_loop,16
CNT,1,8373,2,30387244608,30547260640,rp2040_timer0,100010020,R,h1_ocxo_open_loop,16
CNT,1,8374,2,30563244576,30723260592,rp2040_timer0,100010010,R,h1_ocxo_open_loop,16
CNT,1,8375,2,30739244576,30899260592,rp2040_timer0,100010010,R,h1_ocxo_open_loop,16
CNT,1,8376,2,30915244592,31075260640,rp2040_timer0,100010030,R,h1_ocxo_open_loop,16
CNT,1,8377,2,31091244576,31251260592,rp2040_timer0,100010010,R,h1_ocxo_open_loop,16
CNT,1,8378,2,31267244608,31427260608,rp2040_timer0,100010000,R,h1_ocxo_open_loop,16
CNT,1,8379,2,31443244560,31603260592,rp2040_timer0,100010020,R,h1_ocxo_open_loop,16
CNT,1,8380,2,31619244592,31779260624,rp2040_timer0,100010020,R,h1_ocxo_open_loop,16
CNT,1,8381,2,31795244560,31955260576,rp2040_timer0,100010010,R,h1_ocxo_open_loop,16
CNT,1,8382,2,31971244560,32131260624,rp2040_timer0,100010040,R,h1_ocxo_open_loop,16
CNT,1,8383,2,32147244576,32307260656,rp2040_timer0,100010050,R,h1_ocxo_open_loop,16
CNT,1,8384,2,32323244576,32483260624,rp2040_timer0,100010030,R,h1_ocxo_open_loop,16
CNT,1,8385,2,32499244608,32659260656,rp2040_timer0,100010030,R,h1_ocxo_open_loop,16
CNT,1,8386,2,32675244592,32835260608,rp2040_timer0,100010010,R,h1_ocxo_open_loop,16
CNT,1,8387,2,32851244576,33011260608,rp2040_timer0,100010020,R,h1_ocxo_open_loop,16
CNT,1,8388,2,33027244576,33187260640,rp2040_timer0,100010040,R,h1_ocxo_open_loop,16
CNT,1,8389,2,33203244592,33363260640,rp2040_timer0,100010030,R,h1_ocxo_open_loop,16
CNT,1,8390,2,33379244544,33539260640,rp2040_timer0,100010060,R,h1_ocxo_open_loop,16
CNT,1,8391,2,33555244560,33715260624,rp2040_timer0,100010040,R,h1_ocxo_open_loop,16
CNT,1,8392,2,33731244576,33891260592,rp2040_timer0,100010010,R,h1_ocxo_open_loop,16
CNT,1,8393,2,33907244592,34067260624,rp2040_timer0,100010020,R,h1_ocxo_open_loop,16
CNT,1,8394,2,34083244560,34243260640,rp2040_timer0,100010050,R,h1_ocxo_open_loop,16
CNT,1,8395,2,34259244592,34419260592,rp2040_timer0,100010000,R,h1_ocxo_open_loop,16
CNT,1,8396,2,34435244592,34595260656,rp2040_timer0,100010040,R,h1_ocxo_open_loop,16
CNT,1,8397,2,34611244576,34771260624,rp2040_timer0,100010030,R,h1_ocxo_open_loop,16
CNT,1,8398,2,34787244576,34947260608,rp2040_timer0,100010020,R,h1_ocxo_open_loop,16
CNT,1,8399,2,34963244576,35123260624,rp2040_timer0,100010030,R,h1_ocxo_open_loop,16
CNT,1,8400,2,35139244608,35299260656,rp2040_timer0,100010030,R,h1_ocxo_open_loop,16
CNT,1,8401,2,35315244624,35475260640,rp2040_timer0,100010010,R,h1_ocxo_open_loop,16
CNT,1,8402,2,35491244544,35651260624,rp2040_timer0,100010050,R,h1_ocxo_open_loop,16
CNT,1,8403,2,35667244560,35827260640,rp2040_timer0,100010050,R,h1_ocxo_open_loop,16
CNT,1,8404,2,35843244592,36003260624,rp2040_timer0,100010020,R,h1_ocxo_open_loop,16
CNT,1,8405,2,36019244544,36179260640,rp2040_timer0,100010060,R,h1_ocxo_open_loop,16
CNT,1,8406,2,36195244608,36355260640,rp2040_timer0,100010020,R,h1_ocxo_open_loop,16
CNT,1,8407,2,36371244560,36531260640,rp2040_timer0,100010050,R,h1_ocxo_open_loop,16
CNT,1,8408,2,36547244560,36707260592,rp2040_timer0,100010020,R,h1_ocxo_open_loop,16
CNT,1,8409,2,36723244608,36883260640,rp2040_timer0,100010020,R,h1_ocxo_open_loop,16
CNT,1,8410,2,36899244560,37059260624,rp2040_timer0,100010040,R,h1_ocxo_open_loop,16
CNT,1,8411,2,37075244608,37235260640,rp2040_timer0,100010020,R,h1_ocxo_open_loop,16
CNT,1,8412,2,37251244560,37411260608,rp2040_timer0,100010030,R,h1_ocxo_open_loop,16
CNT,1,8413,2,37427244560,37587260640,rp2040_timer0,100010050,R,h1_ocxo_open_loop,16
CNT,1,8414,2,37603244560,37763260656,rp2040_timer0,100010060,R,h1_ocxo_open_loop,16
CNT,1,8415,2,37779244560,37939260608,rp2040_timer0,100010030,R,h1_ocxo_open_loop,16
CNT,1,8416,2,37955244560,38115260640,rp2040_timer0,100010050,R,h1_ocxo_open_loop,16
CNT,1,8417,2,38131244576,38291260656,rp2040_timer0,100010050,R,h1_ocxo_open_loop,16
CNT,1,8418,2,38307244544,38467260608,rp2040_timer0,100010040,R,h1_ocxo_open_loop,16
CNT,1,8419,2,38483244560,38643260656,rp2040_timer0,100010060,R,h1_ocxo_open_loop,16
CNT,1,8420,2,38659244608,38819260608,rp2040_timer0,100010000,R,h1_ocxo_open_loop,16
CNT,1,8421,2,38835244608,38995260624,rp2040_timer0,100010010,R,h1_ocxo_open_loop,16
CNT,1,8422,2,39011244592,39171260640,rp2040_timer0,100010030,R,h1_ocxo_open_loop,16
CNT,1,8423,2,39187244608,39347260656,rp2040_timer0,100010030,R,h1_ocxo_open_loop,16
CNT,1,8424,2,39363244560,39523260640,rp2040_timer0,100010050,R,h1_ocxo_open_loop,16
CNT,1,8425,2,39539244576,39699260640,rp2040_timer0,100010040,R,h1_ocxo_open_loop,16
CNT,1,8426,2,39715244560,39875260608,rp2040_timer0,100010030,R,h1_ocxo_open_loop,16
CNT,1,8427,2,39891244592,40051260608,rp2040_timer0,100010010,R,h1_ocxo_open_loop,16
CNT,1,8428,2,40067244576,40227260576,rp2040_timer0,100010000,R,h1_ocxo_open_loop,16
CNT,1,8429,2,40243244544,40403260608,rp2040_timer0,100010040,R,h1_ocxo_open_loop,16
CNT,1,8430,2,40419244624,40579260640,rp2040_timer0,100010010,R,h1_ocxo_open_loop,16
CNT,1,8431,2,40595244608,40755260640,rp2040_timer0,100010020,R,h1_ocxo_open_loop,16
CNT,1,8432,2,40771244640,40931260624,rp2040_timer0,100009990,R,h1_ocxo_open_loop,16
CNT,1,8433,2,40947244576,41107260624,rp2040_timer0,100010030,R,h1_ocxo_open_loop,16
CNT,1,8434,2,41123244560,41283260608,rp2040_timer0,100010030,R,h1_ocxo_open_loop,16
CNT,1,8435,2,41299244608,41459260640,rp2040_timer0,100010020,R,h1_ocxo_open_loop,16
CNT,1,8436,2,41475244608,41635260576,rp2040_timer0,100009980,R,h1_ocxo_open_loop,16
CNT,1,8437,2,41651244560,41811260640,rp2040_timer0,100010050,R,h1_ocxo_open_loop,16
CNT,1,8438,2,41827244560,41987260624,rp2040_timer0,100010040,R,h1_ocxo_open_loop,16
CNT,1,8439,2,42003244544,42163260624,rp2040_timer0,100010050,R,h1_ocxo_open_loop,16
CNT,1,8440,2,42179244624,42339260592,rp2040_timer0,100009980,R,h1_ocxo_open_loop,16
CNT,1,8441,2,42355244592,42515260640,rp2040_timer0,100010030,R,h1_ocxo_open_loop,16
CNT,1,8442,2,42531244624,42691260640,rp2040_timer0,100010010,R,h1_ocxo_open_loop,16
CNT,1,8443,2,42707244624,42867260608,rp2040_timer0,100009990,R,h1_ocxo_open_loop,16
CNT,1,8444,2,42883244576,43043260608,rp2040_timer0,100010020,R,h1_ocxo_open_loop,16
CNT,1,8445,2,43059244624,43219260656,rp2040_timer0,100010020,R,h1_ocxo_open_loop,16
CNT,1,8446,2,43235244560,43395260624,rp2040_timer0,100010040,R,h1_ocxo_open_loop,16
CNT,1,8447,2,43411244560,43571260640,rp2040_timer0,100010050,R,h1_ocxo_open_loop,16
CNT,1,8448,2,43587244624,43747260592,rp2040_timer0,100009980,R,h1_ocxo_open_loop,16
CNT,1,8449,2,43763244576,43923260624,rp2040_timer0,100010030,R,h1_ocxo_open_loop,16
CNT,1,8450,2,43939244592,44099260608,rp2040_timer0,100010010,R,h1_ocxo_open_loop,16
CNT,1,8451,2,44115244576,44275260608,rp2040_timer0,100010020,R,h1_ocxo_open_loop,16
CNT,1,8452,2,44291244560,44451260592,rp2040_timer0,100010020,R,h1_ocxo_open_loop,16
CNT,1,8453,2,44467244592,44627260624,rp2040_timer0,100010020,R,h1_ocxo_open_loop,16
CNT,1,8454,2,44643244576,44803260608,rp2040_timer0,100010020,R,h1_ocxo_open_loop,16
CNT,1,8455,2,44819244608,44979260592,rp2040_timer0,100009990,R,h1_ocxo_open_loop,16
CNT,1,8456,2,44995244560,45155260608,rp2040_timer0,100010030,R,h1_ocxo_open_loop,16
CNT,1,8457,2,45171244592,45331260608,rp2040_timer0,100010010,R,h1_ocxo_open_loop,16
CNT,1,8458,2,45347244576,45507260656,rp2040_timer0,100010050,R,h1_ocxo_open_loop,16
CNT,1,8459,2,45523244576,45683260592,rp2040_timer0,100010010,R,h1_ocxo_open_loop,16
CNT,1,8460,2,45699244544,45859260608,rp2040_timer0,100010040,R,h1_ocxo_open_loop,16
CNT,1,8461,2,45875244560,46035260624,rp2040_timer0,100010040,R,h1_ocxo_open_loop,16
CNT,1,8462,2,46051244608,46211260592,rp2040_timer0,100009990,R,h1_ocxo_open_loop,16
CNT,1,8463,2,46227244560,46387260656,rp2040_timer0,100010060,R,h1_ocxo_open_loop,16
CNT,1,8464,2,46403244576,46563260656,rp2040_timer0,100010050,R,h1_ocxo_open_loop,16
CNT,1,8465,2,46579244576,46739260624,rp2040_timer0,100010030,R,h1_ocxo_open_loop,16
CNT,1,8466,2,46755244608,46915260624,rp2040_timer0,100010010,R,h1_ocxo_open_loop,16
CNT,1,8467,2,46931244544,47091260656,rp2040_timer0,100010070,R,h1_ocxo_open_loop,16
CNT,1,8468,2,47107244576,47267260592,rp2040_timer0,100010010,R,h1_ocxo_open_loop,16
CNT,1,8469,2,47283244576,47443260656,rp2040_timer0,100010050,R,h1_ocxo_open_loop,16
CNT,1,8470,2,47459244576,47619260624,rp2040_timer0,100010030,R,h1_ocxo_open_loop,16
CNT,1,8471,2,47635244576,47795260624,rp2040_timer0,100010030,R,h1_ocxo_open_loop,16
CNT,1,8472,2,47811244624,47971260576,rp2040_timer0,100009970,R,h1_ocxo_open_loop,16
CNT,1,8473,2,47987244592,48147260624,rp2040_timer0,100010020,R,h1_ocxo_open_loop,16
CNT,1,8474,2,48163244544,48323260640,rp2040_timer0,100010060,R,h1_ocxo_open_loop,16
CNT,1,8475,2,48339244576,48499260592,rp2040_timer0,100010010,R,h1_ocxo_open_loop,16
CNT,1,8476,2,48515244592,48675260608,rp2040_timer0,100010010,R,h1_ocxo_open_loop,16
CNT,1,8477,2,48691244592,48851260592,rp2040_timer0,100010000,R,h1_ocxo_open_loop,16
CNT,1,8478,2,48867244624,49027260624,rp2040_timer0,100010000,R,h1_ocxo_open_loop,16
CNT,1,8479,2,49043244576,49203260624,rp2040_timer0,100010030,R,h1_ocxo_open_loop,16
CNT,1,8480,2,49219244608,49379260640,rp2040_timer0,100010020,R,h1_ocxo_open_loop,16
CNT,1,8481,2,49395244592,49555260592,rp2040_timer0,100010000,R,h1_ocxo_open_loop,16
CNT,1,8482,2,49571244576,49731260576,rp2040_timer0,100010000,R,h1_ocxo_open_loop,16
CNT,1,8483,2,49747244576,49907260656,rp2040_timer0,100010050,R,h1_ocxo_open_loop,16
CNT,1,8484,2,49923244576,50083260688,rp2040_timer0,100010070,R,h1_ocxo_open_loop,16
CNT,1,8485,2,50099244624,50259260608,rp2040_timer0,100009990,R,h1_ocxo_open_loop,16
CNT,1,8486,2,50275244560,50435260640,rp2040_timer0,100010050,R,h1_ocxo_open_loop,16
CNT,1,8487,2,50451244560,50611260576,rp2040_timer0,100010010,R,h1_ocxo_open_loop,16
CNT,1,8488,2,50627244576,50787260640,rp2040_timer0,100010040,R,h1_ocxo_open_loop,16
CNT,1,8489,2,50803244624,50963260656,rp2040_timer0,100010020,R,h1_ocxo_open_loop,16
CNT,1,8490,2,50979244608,51139260624,rp2040_timer0,100010010,R,h1_ocxo_open_loop,16
CNT,1,8491,2,51155244592,51315260656,rp2040_timer0,100010040,R,h1_ocxo_open_loop,16
CNT,1,8492,2,51331244608,51491260640,rp2040_timer0,100010020,R,h1_ocxo_open_loop,16
CNT,1,8493,2,51507244544,51667260592,rp2040_timer0,100010030,R,h1_ocxo_open_loop,16
CNT,1,8494,2,51683244608,51843260608,rp2040_timer0,100010000,R,h1_ocxo_open_loop,16
CNT,1,8495,2,51859244560,52019260640,rp2040_timer0,100010050,R,h1_ocxo_open_loop,16
CNT,1,8496,2,52035244624,52195260608,rp2040_timer0,100009990,R,h1_ocxo_open_loop,16
CNT,1,8497,2,52211244560,52371260592,rp2040_timer0,100010020,R,h1_ocxo_open_loop,16
CNT,1,8498,2,52387244544,52547260624,rp2040_timer0,100010050,R,h1_ocxo_open_loop,16
CNT,1,8499,2,52563244592,52723260656,rp2040_timer0,100010040,R,h1_ocxo_open_loop,16
CNT,1,8500,2,52739244576,52899260624,rp2040_timer0,100010030,R,h1_ocxo_open_loop,16
CNT,1,8501,2,52915244608,53075260608,rp2040_timer0,100010000,R,h1_ocxo_open_loop,16
CNT,1,8502,2,53091244592,53251260592,rp2040_timer0,100010000,R,h1_ocxo_open_loop,16
CNT,1,8503,2,53267244608,53427260656,rp2040_timer0,100010030,R,h1_ocxo_open_loop,16
CNT,1,8504,2,53443244592,53603260608,rp2040_timer0,100010010,R,h1_ocxo_open_loop,16
CNT,1,8505,2,53619244608,53779260640,rp2040_timer0,100010020,R,h1_ocxo_open_loop,16
CNT,1,8506,2,53795244592,53955260624,rp2040_timer0,100010020,R,h1_ocxo_open_loop,16
CNT,1,8507,2,53971244544,54131260656,rp2040_timer0,100010070,R,h1_ocxo_open_loop,16
CNT,1,8508,2,54147244560,54307260592,rp2040_timer0,100010020,R,h1_ocxo_open_loop,16
CNT,1,8509,2,54323244608,54483260592,rp2040_timer0,100009990,R,h1_ocxo_open_loop,16
CNT,1,8510,2,54499244592,54659260576,rp2040_timer0,100009990,R,h1_ocxo_open_loop,16
CNT,1,8511,2,54675244576,54835260608,rp2040_timer0,100010020,R,h1_ocxo_open_loop,16
CNT,1,8512,2,54851244624,55011260592,rp2040_timer0,100009980,R,h1_ocxo_open_loop,16
CNT,1,8513,2,55027244608,55187260624,rp2040_timer0,100010010,R,h1_ocxo_open_loop,16
CNT,1,8514,2,55203244560,55363260608,rp2040_timer0,100010030,R,h1_ocxo_open_loop,16
CNT,1,8515,2,55379244624,55539260624,rp2040_timer0,100010000,R,h1_ocxo_open_loop,16
CNT,1,8516,2,55555244608,55715260608,rp2040_timer0,100010000,R,h1_ocxo_open_loop,16
CNT,1,8517,2,55731244560,55891260592,rp2040_timer0,100010020,R,h1_ocxo_open_loop,16
CNT,1,8518,2,55907244624,56067260592,rp2040_timer0,100009980,R,h1_ocxo_open_loop,16
CNT,1,8519,2,56083244576,56243260592,rp2040_timer0,100010010,R,h1_ocxo_open_loop,16
CNT,1,8520,2,56259244624,56419260624,rp2040_timer0,100010000,R,h1_ocxo_open_loop,16
CNT,1,8521,2,56435244608,56595260592,rp2040_timer0,100009990,R,h1_ocxo_open_loop,16
CNT,1,8522,2,56611244608,56771260656,rp2040_timer0,100010030,R,h1_ocxo_open_loop,16
CNT,1,8523,2,56787244592,56947260592,rp2040_timer0,100010000,R,h1_ocxo_open_loop,16
CNT,1,8524,2,56963244608,57123260624,rp2040_timer0,100010010,R,h1_ocxo_open_loop,16
CNT,1,8525,2,57139244576,57299260640,rp2040_timer0,100010040,R,h1_ocxo_open_loop,16
CNT,1,8526,2,57315244576,57475260608,rp2040_timer0,100010020,R,h1_ocxo_open_loop,16
CNT,1,8527,2,57491244576,57651260640,rp2040_timer0,100010040,R,h1_ocxo_open_loop,16
CNT,1,8528,2,57667244560,57827260592,rp2040_timer0,100010020,R,h1_ocxo_open_loop,16
CNT,1,8529,2,57843244560,58003260576,rp2040_timer0,100010010,R,h1_ocxo_open_loop,16
CNT,1,8530,2,58019244592,58179260624,rp2040_timer0,100010020,R,h1_ocxo_open_loop,16
CNT,1,8531,2,58195244544,58355260656,rp2040_timer0,100010070,R,h1_ocxo_open_loop,16
CNT,1,8532,2,58371244576,58531260640,rp2040_timer0,100010040,R,h1_ocxo_open_loop,16
CNT,1,8533,2,58547244592,58707260608,rp2040_timer0,100010010,R,h1_ocxo_open_loop,16
CNT,1,8534,2,58723244624,58883260608,rp2040_timer0,100009990,R,h1_ocxo_open_loop,16
CNT,1,8535,2,58899244608,59059260624,rp2040_timer0,100010010,R,h1_ocxo_open_loop,16
CNT,1,8536,2,59075244560,59235260592,rp2040_timer0,100010020,R,h1_ocxo_open_loop,16
CNT,1,8537,2,59251244560,59411260656,rp2040_timer0,100010060,R,h1_ocxo_open_loop,16
CNT,1,8538,2,59427244560,59587260608,rp2040_timer0,100010030,R,h1_ocxo_open_loop,16
CNT,1,8539,2,59603244560,59763260656,rp2040_timer0,100010060,R,h1_ocxo_open_loop,16
CNT,1,8540,2,59779244624,59939260592,rp2040_timer0,100009980,R,h1_ocxo_open_loop,16
CNT,1,8541,2,59955244624,60115260624,rp2040_timer0,100010000,R,h1_ocxo_open_loop,16
CNT,1,8542,2,60131244592,60291260592,rp2040_timer0,100010000,R,h1_ocxo_open_loop,16
CNT,1,8543,2,60307244592,60467260576,rp2040_timer0,100009990,R,h1_ocxo_open_loop,16
CNT,1,8544,2,60483244592,60643260624,rp2040_timer0,100010020,R,h1_ocxo_open_loop,16
CNT,1,8545,2,60659244608,60819260592,rp2040_timer0,100009990,R,h1_ocxo_open_loop,16
CNT,1,8546,2,60835244608,60995260656,rp2040_timer0,100010030,R,h1_ocxo_open_loop,16
CNT,1,8547,2,61011244576,61171260592,rp2040_timer0,100010010,R,h1_ocxo_open_loop,16
CNT,1,8548,2,61187244608,61347260624,rp2040_timer0,100010010,R,h1_ocxo_open_loop,16
CNT,1,8549,2,61363244544,61523260624,rp2040_timer0,100010050,R,h1_ocxo_open_loop,16
CNT,1,8550,2,61539244624,61699260592,rp2040_timer0,100009980,R,h1_ocxo_open_loop,16
CNT,1,8551,2,61715244576,61875260656,rp2040_timer0,100010050,R,h1_ocxo_open_loop,16
CNT,1,8552,2,61891244544,62051260608,rp2040_timer0,100010040,R,h1_ocxo_open_loop,16
CNT,1,8553,2,62067244544,62227260592,rp2040_timer0,100010030,R,h1_ocxo_open_loop,16
CNT,1,8554,2,62243244576,62403260592,rp2040_timer0,100010010,R,h1_ocxo_open_loop,16
CNT,1,8555,2,62419244576,62579260592,rp2040_timer0,100010010,R,h1_ocxo_open_loop,16
CNT,1,8556,2,62595244592,62755260592,rp2040_timer0,100010000,R,h1_ocxo_open_loop,16
CNT,1,8557,2,62771244576,62931260592,rp2040_timer0,100010010,R,h1_ocxo_open_loop,16
CNT,1,8558,2,62947244576,63107260592,rp2040_timer0,100010010,R,h1_ocxo_open_loop,16
CNT,1,8559,2,63123244560,63283260624,rp2040_timer0,100010040,R,h1_ocxo_open_loop,16
CNT,1,8560,2,63299244608,63459260592,rp2040_timer0,100009990,R,h1_ocxo_open_loop,16
CNT,1,8561,2,63475244576,63635260640,rp2040_timer0,100010040,R,h1_ocxo_open_loop,16
CNT,1,8562,2,63651244576,63811260640,rp2040_timer0,100010040,R,h1_ocxo_open_loop,16
CNT,1,8563,2,63827244560,63987260656,rp2040_timer0,100010060,R,h1_ocxo_open_loop,16
CNT,1,8564,2,64003244576,64163260656,rp2040_timer0,100010050,R,h1_ocxo_open_loop,16
CNT,1,8565,2,64179244576,64339260624,rp2040_timer0,100010030,R,h1_ocxo_open_loop,16
CNT,1,8566,2,64355244608,64515260608,rp2040_timer0,100010000,R,h1_ocxo_open_loop,16
CNT,1,8567,2,64531244560,64691260640,rp2040_timer0,100010050,R,h1_ocxo_open_loop,16
CNT,1,8568,2,64707244560,64867260624,rp2040_timer0,100010040,R,h1_ocxo_open_loop,16
CNT,1,8569,2,64883244592,65043260640,rp2040_timer0,100010030,R,h1_ocxo_open_loop,16
CNT,1,8570,2,65059244624,65219260608,rp2040_timer0,100009990,R,h1_ocxo_open_loop,16
CNT,1,8571,2,65235244624,65395260656,rp2040_timer0,100010020,R,h1_ocxo_open_loop,16
CNT,1,8572,2,65411244544,65571260592,rp2040_timer0,100010030,R,h1_ocxo_open_loop,16
CNT,1,8573,2,65587244560,65747260592,rp2040_timer0,100010020,R,h1_ocxo_open_loop,16
CNT,1,8574,2,65763244624,65923260608,rp2040_timer0,100009990,R,h1_ocxo_open_loop,16
CNT,1,8575,2,65939244560,66099260624,rp2040_timer0,100010040,R,h1_ocxo_open_loop,16
CNT,1,8576,2,66115244576,66275260608,rp2040_timer0,100010020,R,h1_ocxo_open_loop,16
CNT,1,8577,2,66291244592,66451260576,rp2040_timer0,100009990,R,h1_ocxo_open_loop,16
CNT,1,8578,2,66467244624,66627260608,rp2040_timer0,100009990,R,h1_ocxo_open_loop,16
CNT,1,8579,2,66643244544,66803260624,rp2040_timer0,100010050,R,h1_ocxo_open_loop,16
CNT,1,8580,2,66819244624,66979260624,rp2040_timer0,100010000,R,h1_ocxo_open_loop,16
CNT,1,8581,2,66995244624,67155260624,rp2040_timer0,100010000,R,h1_ocxo_open_loop,16
CNT,1,8582,2,67171244576,67331260640,rp2040_timer0,100010040,R,h1_ocxo_open_loop,16
CNT,1,8583,2,67347244592,67507260592,rp2040_timer0,100010000,R,h1_ocxo_open_loop,16
CNT,1,8584,2,67523244576,67683260640,rp2040_timer0,100010040,R,h1_ocxo_open_loop,16
CNT,1,8585,2,67699244608,67859260624,rp2040_timer0,100010010,R,h1_ocxo_open_loop,16
CNT,1,8586,2,67875244560,68035260608,rp2040_timer0,100010030,R,h1_ocxo_open_loop,16
CNT,1,8587,2,68051244592,68211260624,rp2040_timer0,100010020,R,h1_ocxo_open_loop,16
CNT,1,8588,2,68227244608,68387260608,rp2040_timer0,100010000,R,h1_ocxo_open_loop,16
CNT,1,8589,2,68403244560,68563260592,rp2040_timer0,100010020,R,h1_ocxo_open_loop,16
CNT,1,8590,2,68579244576,68739260624,rp2040_timer0,100010030,R,h1_ocxo_open_loop,16
CNT,1,8591,2,35767856,195783888,rp2040_timer0,100010020,R,h1_ocxo_open_loop,16
CNT,1,8592,2,211767840,371783872,rp2040_timer0,100010020,R,h1_ocxo_open_loop,16
CNT,1,8593,2,387767840,547783920,rp2040_timer0,100010050,R,h1_ocxo_open_loop,16
CNT,1,8594,2,563767824,723783888,rp2040_timer0,100010040,R,h1_ocxo_open_loop,16
CNT,1,8595,2,739767856,899783856,rp2040_timer0,100010000,R,h1_ocxo_open_loop,16
CNT,1,8596,2,915767824,1075783904,rp2040_timer0,100010050,R,h1_ocxo_open_loop,16
CNT,1,8597,2,1091767872,1251783856,rp2040_timer0,100009990,R,h1_ocxo_open_loop,16
CNT,1,8598,2,1267767888,1427783904,rp2040_timer0,100010010,R,h1_ocxo_open_loop,16
CNT,1,8599,2,1443767824,1603783904,rp2040_timer0,100010050,R,h1_ocxo_open_loop,16
CNT,1,8600,2,1619767840,1779783856,rp2040_timer0,100010010,R,h1_ocxo_open_loop,16
CNT,1,8601,2,1795767888,1955783904,rp2040_timer0,100010010,R,h1_ocxo_open_loop,16
CNT,1,8602,2,1971767856,2131783856,rp2040_timer0,100010000,R,h1_ocxo_open_loop,16
CNT,1,8603,2,2147767840,2307783856,rp2040_timer0,100010010,R,h1_ocxo_open_loop,16
CNT,1,8604,2,2323767888,2483783872,rp2040_timer0,100009990,R,h1_ocxo_open_loop,16
CNT,1,8605,2,2499767840,2659783872,rp2040_timer0,100010020,R,h1_ocxo_open_loop,16
CNT,1,8606,2,2675767872,2835783888,rp2040_timer0,100010010,R,h1_ocxo_open_loop,16
CNT,1,8607,2,2851767888,3011783840,rp2040_timer0,100009970,R,h1_ocxo_open_loop,16
CNT,1,8608,2,3027767824,3187783872,rp2040_timer0,100010030,R,h1_ocxo_open_loop,16
CNT,1,8609,2,3203767824,3363783904,rp2040_timer0,100010050,R,h1_ocxo_open_loop,16
CNT,1,8610,2,3379767872,3539783872,rp2040_timer0,100010000,R,h1_ocxo_open_loop,16
CNT,1,8611,2,3555767856,3715783856,rp2040_timer0,100010000,R,h1_ocxo_open_loop,16
CNT,1,8612,2,3731767824,3891783920,rp2040_timer0,100010060,R,h1_ocxo_open_loop,16
CNT,1,8613,2,3907767824,4067783904,rp2040_timer0,100010050,R,h1_ocxo_open_loop,16
CNT,1,8614,2,4083767888,4243783888,rp2040_timer0,100010000,R,h1_ocxo_open_loop,16
CNT,1,8615,2,4259767888,4419783904,rp2040_timer0,100010010,R,h1_ocxo_open_loop,16
CNT,1,8616,2,4435767840,4595783872,rp2040_timer0,100010020,R,h1_ocxo_open_loop,16
CNT,1,8617,2,4611767888,4771783888,rp2040_timer0,100010000,R,h1_ocxo_open_loop,16
CNT,1,8618,2,4787767888,4947783904,rp2040_timer0,100010010,R,h1_ocxo_open_loop,16
CNT,1,8619,2,4963767856,5123783872,rp2040_timer0,100010010,R,h1_ocxo_open_loop,16
CNT,1,8620,2,5139767840,5299783888,rp2040_timer0,100010030,R,h1_ocxo_open_loop,16
CNT,1,8621,2,5315767872,5475783856,rp2040_timer0,100009990,R,h1_ocxo_open_loop,16
CNT,1,8622,2,5491767808,5651783920,rp2040_timer0,100010070,R,h1_ocxo_open_loop,16
CNT,1,8623,2,5667767824,5827783872,rp2040_timer0,100010030,R,h1_ocxo_open_loop,16
CNT,1,8624,2,5843767824,6003783920,rp2040_timer0,100010060,R,h1_ocxo_open_loop,16
CNT,1,8625,2,6019767872,6179783904,rp2040_timer0,100010020,R,h1_ocxo_open_loop,16
CNT,1,8626,2,6195767824,6355783904,rp2040_timer0,100010050,R,h1_ocxo_open_loop,16
CNT,1,8627,2,6371767856,6531783920,rp2040_timer0,100010040,R,h1_ocxo_open_loop,16
CNT,1,8628,2,6547767856,6707783904,rp2040_timer0,100010030,R,h1_ocxo_open_loop,16
CNT,1,8629,2,6723767872,6883783840,rp2040_timer0,100009980,R,h1_ocxo_open_loop,16
CNT,1,8630,2,6899767856,7059783872,rp2040_timer0,100010010,R,h1_ocxo_open_loop,16
CNT,1,8631,2,7075767872,7235783920,rp2040_timer0,100010030,R,h1_ocxo_open_loop,16
CNT,1,8632,2,7251767824,7411783904,rp2040_timer0,100010050,R,h1_ocxo_open_loop,16
CNT,1,8633,2,7427767872,7587783856,rp2040_timer0,100009990,R,h1_ocxo_open_loop,16
CNT,1,8634,2,7603767824,7763783920,rp2040_timer0,100010060,R,h1_ocxo_open_loop,16
CNT,1,8635,2,7779767888,7939783888,rp2040_timer0,100010000,R,h1_ocxo_open_loop,16
CNT,1,8636,2,7955767872,8115783888,rp2040_timer0,100010010,R,h1_ocxo_open_loop,16
CNT,1,8637,2,8131767856,8291783872,rp2040_timer0,100010010,R,h1_ocxo_open_loop,16
CNT,1,8638,2,8307767888,8467783856,rp2040_timer0,100009980,R,h1_ocxo_open_loop,16
CNT,1,8639,2,8483767808,8643783888,rp2040_timer0,100010050,R,h1_ocxo_open_loop,16
CNT,1,8640,2,8659767856,8819783904,rp2040_timer0,100010030,R,h1_ocxo_open_loop,16
CNT,1,8641,2,8835767840,8995783888,rp2040_timer0,100010030,R,h1_ocxo_open_loop,16
CNT,1,8642,2,9011767840,9171783872,rp2040_timer0,100010020,R,h1_ocxo_open_loop,16
CNT,1,8643,2,9187767888,9347783920,rp2040_timer0,100010020,R,h1_ocxo_open_loop,16
CNT,1,8644,2,9363767856,9523783904,rp2040_timer0,100010030,R,h1_ocxo_open_loop,16
CNT,1,8645,2,9539767872,9699783904,rp2040_timer0,100010020,R,h1_ocxo_open_loop,16
CNT,1,8646,2,9715767872,9875783904,rp2040_timer0,100010020,R,h1_ocxo_open_loop,16
CNT,1,8647,2,9891767856,10051783888,rp2040_timer0,100010020,R,h1_ocxo_open_loop,16
CNT,1,8648,2,10067767888,10227783920,rp2040_timer0,100010020,R,h1_ocxo_open_loop,16
CNT,1,8649,2,10243767824,10403783888,rp2040_timer0,100010040,R,h1_ocxo_open_loop,16
CNT,1,8650,2,10419767872,10579783888,rp2040_timer0,100010010,R,h1_ocxo_open_loop,16
CNT,1,8651,2,10595767840,10755783920,rp2040_timer0,100010050,R,h1_ocxo_open_loop,16
CNT,1,8652,2,10771767824,10931783888,rp2040_timer0,100010040,R,h1_ocxo_open_loop,16
CNT,1,8653,2,10947767888,11107783920,rp2040_timer0,100010020,R,h1_ocxo_open_loop,16
CNT,1,8654,2,11123767872,11283783856,rp2040_timer0,100009990,R,h1_ocxo_open_loop,16
CNT,1,8655,2,11299767824,11459783872,rp2040_timer0,100010030,R,h1_ocxo_open_loop,16
CNT,1,8656,2,11475767872,11635783904,rp2040_timer0,100010020,R,h1_ocxo_open_loop,16
CNT,1,8657,2,11651767824,11811783872,rp2040_timer0,100010030,R,h1_ocxo_open_loop,16
CNT,1,8658,2,11827767824,11987783872,rp2040_timer0,100010030,R,h1_ocxo_open_loop,16
CNT,1,8659,2,12003767856,12163783856,rp2040_timer0,100010000,R,h1_ocxo_open_loop,16
CNT,1,8660,2,12179767840,12339783920,rp2040_timer0,100010050,R,h1_ocxo_open_loop,16
CNT,1,8661,2,12355767824,12515783920,rp2040_timer0,100010060,R,h1_ocxo_open_loop,16
CNT,1,8662,2,12531767856,12691783872,rp2040_timer0,100010010,R,h1_ocxo_open_loop,16
CNT,1,8663,2,12707767840,12867783920,rp2040_timer0,100010050,R,h1_ocxo_open_loop,16
CNT,1,8664,2,12883767872,13043783888,rp2040_timer0,100010010,R,h1_ocxo_open_loop,16
CNT,1,8665,2,13059767824,13219783856,rp2040_timer0,100010020,R,h1_ocxo_open_loop,16
CNT,1,8666,2,13235767872,13395783872,rp2040_timer0,100010000,R,h1_ocxo_open_loop,16
CNT,1,8667,2,13411767824,13571783872,rp2040_timer0,100010030,R,h1_ocxo_open_loop,16
CNT,1,8668,2,13587767840,13747783856,rp2040_timer0,100010010,R,h1_ocxo_open_loop,16
CNT,1,8669,2,13763767856,13923783872,rp2040_timer0,100010010,R,h1_ocxo_open_loop,16
CNT,1,8670,2,13939767856,14099783872,rp2040_timer0,100010010,R,h1_ocxo_open_loop,16
CNT,1,8671,2,14115767824,14275783888,rp2040_timer0,100010040,R,h1_ocxo_open_loop,16
CNT,1,8672,2,14291767888,14451783888,rp2040_timer0,100010000,R,h1_ocxo_open_loop,16
CNT,1,8673,2,14467767840,14627783888,rp2040_timer0,100010030,R,h1_ocxo_open_loop,16
CNT,1,8674,2,14643767888,14803783840,rp2040_timer0,100009970,R,h1_ocxo_open_loop,16
CNT,1,8675,2,14819767824,14979783904,rp2040_timer0,100010050,R,h1_ocxo_open_loop,16
CNT,1,8676,2,14995767840,15155783888,rp2040_timer0,100010030,R,h1_ocxo_open_loop,16
CNT,1,8677,2,15171767872,15331783872,rp2040_timer0,100010000,R,h1_ocxo_open_loop,16
CNT,1,8678,2,15347767856,15507783888,rp2040_timer0,100010020,R,h1_ocxo_open_loop,16
CNT,1,8679,2,15523767824,15683783872,rp2040_timer0,100010030,R,h1_ocxo_open_loop,16
CNT,1,8680,2,15699767888,15859783856,rp2040_timer0,100009980,R,h1_ocxo_open_loop,16
CNT,1,8681,2,15875767840,16035783872,rp2040_timer0,100010020,R,h1_ocxo_open_loop,16
CNT,1,8682,2,16051767840,16211783856,rp2040_timer0,100010010,R,h1_ocxo_open_loop,16
CNT,1,8683,2,16227767856,16387783872,rp2040_timer0,100010010,R,h1_ocxo_open_loop,16
CNT,1,8684,2,16403767840,16563783904,rp2040_timer0,100010040,R,h1_ocxo_open_loop,16
CNT,1,8685,2,16579767872,16739783920,rp2040_timer0,100010030,R,h1_ocxo_open_loop,16
CNT,1,8686,2,16755767888,16915783904,rp2040_timer0,100010010,R,h1_ocxo_open_loop,16
CNT,1,8687,2,16931767840,17091783888,rp2040_timer0,100010030,R,h1_ocxo_open_loop,16
CNT,1,8688,2,17107767840,17267783920,rp2040_timer0,100010050,R,h1_ocxo_open_loop,16
CNT,1,8689,2,17283767808,17443783920,rp2040_timer0,100010070,R,h1_ocxo_open_loop,16
CNT,1,8690,2,17459767840,17619783904,rp2040_timer0,100010040,R,h1_ocxo_open_loop,16
CNT,1,8691,2,17635767856,17795783856,rp2040_timer0,100010000,R,h1_ocxo_open_loop,16
CNT,1,8692,2,17811767824,17971783840,rp2040_timer0,100010010,R,h1_ocxo_open_loop,16
CNT,1,8693,2,17987767824,18147783920,rp2040_timer0,100010060,R,h1_ocxo_open_loop,16
CNT,1,8694,2,18163767872,18323783872,rp2040_timer0,100010000,R,h1_ocxo_open_loop,16
CNT,1,8695,2,18339767840,18499783904,rp2040_timer0,100010040,R,h1_ocxo_open_loop,16
CNT,1,8696,2,18515767872,18675783840,rp2040_timer0,100009980,R,h1_ocxo_open_loop,16
CNT,1,8697,2,18691767824,18851783872,rp2040_timer0,100010030,R,h1_ocxo_open_loop,16
CNT,1,8698,2,18867767856,19027783856,rp2040_timer0,100010000,R,h1_ocxo_open_loop,16
CNT,1,8699,2,19043767888,19203783856,rp2040_timer0,100009980,R,h1_ocxo_open_loop,16
CNT,1,8700,2,19219767824,19379783888,rp2040_timer0,100010040,R,h1_ocxo_open_loop,16
CNT,1,8701,2,19395767872,19555783904,rp2040_timer0,100010020,R,h1_ocxo_open_loop,16
CNT,1,8702,2,19571767824,19731783872,rp2040_timer0,100010030,R,h1_ocxo_open_loop,16
CNT,1,8703,2,19747767824,19907783856,rp2040_timer0,100010020,R,h1_ocxo_open_loop,16
CNT,1,8704,2,19923767856,20083783856,rp2040_timer0,100010000,R,h1_ocxo_open_loop,16
CNT,1,8705,2,20099767840,20259783856,rp2040_timer0,100010010,R,h1_ocxo_open_loop,16
CNT,1,8706,2,20275767808,20435783920,rp2040_timer0,100010070,R,h1_ocxo_open_loop,16
CNT,1,8707,2,20451767824,20611783856,rp2040_timer0,100010020,R,h1_ocxo_open_loop,16
CNT,1,8708,2,20627767840,20787783904,rp2040_timer0,100010040,R,h1_ocxo_open_loop,16
CNT,1,8709,2,20803767824,20963783872,rp2040_timer0,100010030,R,h1_ocxo_open_loop,16
CNT,1,8710,2,20979767824,21139783888,rp2040_timer0,100010040,R,h1_ocxo_open_loop,16
CNT,1,8711,2,21155767872,21315783904,rp2040_timer0,100010020,R,h1_ocxo_open_loop,16
CNT,1,8712,2,21331767824,21491783888,rp2040_timer0,100010040,R,h1_ocxo_open_loop,16
CNT,1,8713,2,21507767888,21667783840,rp2040_timer0,100009970,R,h1_ocxo_open_loop,16
CNT,1,8714,2,21683767856,21843783920,rp2040_timer0,100010040,R,h1_ocxo_open_loop,16
CNT,1,8715,2,21859767824,22019783872,rp2040_timer0,100010030,R,h1_ocxo_open_loop,16
CNT,1,8716,2,22035767872,22195783872,rp2040_timer0,100010000,R,h1_ocxo_open_loop,16
CNT,1,8717,2,22211767840,22371783904,rp2040_timer0,100010040,R,h1_ocxo_open_loop,16
CNT,1,8718,2,22387767840,22547783856,rp2040_timer0,100010010,R,h1_ocxo_open_loop,16
CNT,1,8719,2,22563767808,22723783920,rp2040_timer0,100010070,R,h1_ocxo_open_loop,16
CNT,1,8720,2,22739767872,22899783856,rp2040_timer0,100009990,R,h1_ocxo_open_loop,16
CNT,1,8721,2,22915767856,23075783888,rp2040_timer0,100010020,R,h1_ocxo_open_loop,16
CNT,1,8722,2,23091767872,23251783872,rp2040_timer0,100010000,R,h1_ocxo_open_loop,16
CNT,1,8723,2,23267767888,23427783872,rp2040_timer0,100009990,R,h1_ocxo_open_loop,16
CNT,1,8724,2,23443767872,23603783888,rp2040_timer0,100010010,R,h1_ocxo_open_loop,16
CNT,1,8725,2,23619767872,23779783904,rp2040_timer0,100010020,R,h1_ocxo_open_loop,16
CNT,1,8726,2,23795767872,23955783840,rp2040_timer0,100009980,R,h1_ocxo_open_loop,16
CNT,1,8727,2,23971767824,24131783856,rp2040_timer0,100010020,R,h1_ocxo_open_loop,16
CNT,1,8728,2,24147767888,24307783872,rp2040_timer0,100009990,R,h1_ocxo_open_loop,16
CNT,1,8729,2,24323767840,24483783888,rp2040_timer0,100010030,R,h1_ocxo_open_loop,16
CNT,1,8730,2,24499767856,24659783872,rp2040_timer0,100010010,R,h1_ocxo_open_loop,16
CNT,1,8731,2,24675767872,24835783904,rp2040_timer0,100010020,R,h1_ocxo_open_loop,16
CNT,1,8732,2,24851767824,25011783920,rp2040_timer0,100010060,R,h1_ocxo_open_loop,16
CNT,1,8733,2,25027767888,25187783888,rp2040_timer0,100010000,R,h1_ocxo_open_loop,16
CNT,1,8734,2,25203767872,25363783904,rp2040_timer0,100010020,R,h1_ocxo_open_loop,16
CNT,1,8735,2,25379767872,25539783904,rp2040_timer0,100010020,R,h1_ocxo_open_loop,16
CNT,1,8736,2,25555767872,25715783888,rp2040_timer0,100010010,R,h1_ocxo_open_loop,16
CNT,1,8737,2,25731767824,25891783920,rp2040_timer0,100010060,R,h1_ocxo_open_loop,16
CNT,1,8738,2,25907767840,26067783856,rp2040_timer0,100010010,R,h1_ocxo_open_loop,16
CNT,1,8739,2,26083767888,26243783904,rp2040_timer0,100010010,R,h1_ocxo_open_loop,16
CNT,1,8740,2,26259767856,26419783872,rp2040_timer0,100010010,R,h1_ocxo_open_loop,16
CNT,1,8741,2,26435767840,26595783904,rp2040_timer0,100010040,R,h1_ocxo_open_loop,16
CNT,1,8742,2,26611767856,26771783840,rp2040_timer0,100009990,R,h1_ocxo_open_loop,16
CNT,1,8743,2,26787767824,26947783888,rp2040_timer0,100010040,R,h1_ocxo_open_loop,16
CNT,1,8744,2,26963767840,27123783920,rp2040_timer0,100010050,R,h1_ocxo_open_loop,16
CNT,1,8745,2,27139767824,27299783920,rp2040_timer0,100010060,R,h1_ocxo_open_loop,16
CNT,1,8746,2,27315767872,27475783888,rp2040_timer0,100010010,R,h1_ocxo_open_loop,16
CNT,1,8747,2,27491767824,27651783904,rp2040_timer0,100010050,R,h1_ocxo_open_loop,16
CNT,1,8748,2,27667767840,27827783904,rp2040_timer0,100010040,R,h1_ocxo_open_loop,16
CNT,1,8749,2,27843767840,28003783920,rp2040_timer0,100010050,R,h1_ocxo_open_loop,16
CNT,1,8750,2,28019767824,28179783920,rp2040_timer0,100010060,R,h1_ocxo_open_loop,16
CNT,1,8751,2,28195767856,28355783888,rp2040_timer0,100010020,R,h1_ocxo_open_loop,16
CNT,1,8752,2,28371767872,28531783888,rp2040_timer0,100010010,R,h1_ocxo_open_loop,16
CNT,1,8753,2,28547767856,28707783888,rp2040_timer0,100010020,R,h1_ocxo_open_loop,16
CNT,1,8754,2,28723767856,28883783920,rp2040_timer0,100010040,R,h1_ocxo_open_loop,16
CNT,1,8755,2,28899767888,29059783856,rp2040_timer0,100009980,R,h1_ocxo_open_loop,16
CNT,1,8756,2,29075767840,29235783888,rp2040_timer0,100010030,R,h1_ocxo_open_loop,16
CNT,1,8757,2,29251767888,29411783904,rp2040_timer0,100010010,R,h1_ocxo_open_loop,16
CNT,1,8758,2,29427767888,29587783856,rp2040_timer0,100009980,R,h1_ocxo_open_loop,16
CNT,1,8759,2,29603767856,29763783872,rp2040_timer0,100010010,R,h1_ocxo_open_loop,16
CNT,1,8760,2,29779767824,29939783904,rp2040_timer0,100010050,R,h1_ocxo_open_loop,16
CNT,1,8761,2,29955767888,30115783904,rp2040_timer0,100010010,R,h1_ocxo_open_loop,16
CNT,1,8762,2,30131767888,30291783920,rp2040_timer0,100010020,R,h1_ocxo_open_loop,16
CNT,1,8763,2,30307767824,30467783904,rp2040_timer0,100010050,R,h1_ocxo_open_loop,16
